Sale no,Date,Region,Estate,Grade,Price (Rs/kg),Exchange Rate (LKR/USD),Rainfall
1,2024-12-23,WESTERN MEDIUM,Pothotuwa,OPI,3300,289.77,71
1,2024-12-23,WESTERN MEDIUM,Susantha,OP1,3300,289.77,71
1,2024-12-23,WESTERN MEDIUM,Harangalla,BOP,1550,289.77,71
1,2024-12-23,WESTERN MEDIUM,Dartry Valley,BOP,1550,289.77,71
1,2024-12-23,WESTERN MEDIUM,Nayapane,BOP,1550,289.77,71
1,2024-12-23,WESTERN MEDIUM,Craighead,BOP,1500,289.77,71
1,2024-12-23,WESTERN MEDIUM,Doombagastalawa,BOP,1460,289.77,71
1,2024-12-23,WESTERN MEDIUM,Windsorforest,BOP,1440,289.77,71
1,2024-12-23,WESTERN MEDIUM,Nayapane,BOPSP,1440,289.77,71
1,2024-12-23,WESTERN MEDIUM,Uplands,BOP,1220,289.77,71
1,2024-12-23,WESTERN MEDIUM,Vellai Oya,BOP,1200,289.77,71
1,2024-12-23,WESTERN MEDIUM,Ancoombra,BOPF/BOPFSp,1200,289.77,71
1,2024-12-23,WESTERN MEDIUM,Dartry Valley,BOP1,2400,289.77,71
1,2024-12-23,WESTERN MEDIUM,Harangalla,BOP1,2200,289.77,71
1,2024-12-23,WESTERN MEDIUM,Craighead,BOP1,1900,289.77,71
1,2024-12-23,WESTERN MEDIUM,Harangalla,FBOP/FBOPI,2150,289.77,71
1,2024-12-23,WESTERN MEDIUM,Hatale,FBOP/FBOPI,2150,289.77,71
1,2024-12-23,WESTERN MEDIUM,Craighead,FBOP/FBOPI,2050,289.77,71
1,2024-12-23,WESTERN MEDIUM,Ancoombra,FBOPF/FBOPF1,1700,289.77,71
1,2024-12-23,WESTERN MEDIUM,Dartry Valley,OP/OPA,1380,289.77,71
1,2024-12-23,WESTERN MEDIUM,Uplands,OP/OPA,1380,289.77,71
1,2024-12-23,WESTERN MEDIUM,Miriswatta,OP,1900,289.77,71
1,2024-12-23,WESTERN MEDIUM,Nilwala,OP,1700,289.77,71
1,2024-12-23,WESTERN MEDIUM,Navinda,OP,1700,289.77,71
1,2024-12-23,WESTERN MEDIUM,Pothotuwa,OP,1650,289.77,71
1,2024-12-23,WESTERN MEDIUM,Fortune,OP,1650,289.77,71
1,2024-12-23,WESTERN MEDIUM,Dullie Ella,OP,1650,289.77,71
1,2024-12-23,WESTERN MEDIUM,Susantha,OP,1650,289.77,71
1,2024-12-23,WESTERN MEDIUM,Lumbini,OP,1650,289.77,71
1,2024-12-23,WESTERN MEDIUM,Thalapalakanda,OP,1650,289.77,71
1,2024-12-23,WESTERN MEDIUM,Rotumba,OP,1650,289.77,71
1,2024-12-23,WESTERN MEDIUM,Rumassala Hills,OP,1650,289.77,71
1,2024-12-23,WESTERN MEDIUM,Liyonta,OPA,1900,289.77,71
1,2024-12-23,WESTERN MEDIUM,Rotumba,OPA,1900,289.77,71
1,2024-12-23,WESTERN MEDIUM,Etambagahawila,OPA,1900,289.77,71
1,2024-12-23,WESTERN MEDIUM,Adams View,PEK,2550,289.77,71
1,2024-12-23,WESTERN MEDIUM,Galatara,PEK1,2300,289.77,71
1,2024-12-23,UVA MEDIUM,Demodera 'S',OPI,1550,289.77,20
1,2024-12-23,UVA MEDIUM,Demodera 'S',OPI,1500,289.77,20
1,2024-12-23,UVA MEDIUM,Dartry Valley,BOPSp,1500,289.77,20
1,2024-12-23,UVA MEDIUM,Uplands,BOPF/BOPFSp,2200,289.77,20
1,2024-12-23,UVA MEDIUM,Dickwella,BOPF/BOPFSp,1750,289.77,20
1,2024-12-23,UVA MEDIUM,Robgill,BOP,1440,289.77,20
1,2024-12-23,UVA MEDIUM,Dessford,BOP,1480,289.77,20
1,2024-12-23,UVA MEDIUM,Wattegodde,BOP,1480,289.77,20
1,2024-12-23,UVA MEDIUM,Robgill,BOP,1550,289.77,20
1,2024-12-23,UVA MEDIUM,Somerset,OPI,1420,289.77,20
1,2024-12-23,UVA MEDIUM,Alton,OPI,1400,289.77,20
1,2024-12-23,UVA MEDIUM,Dessford,PEK/PEKI,1400,289.77,20
1,2024-12-23,UVA MEDIUM,Venture,PEK/PEKI,1700,289.77,20
1,2024-12-23,UVA MEDIUM,Dickwella,OP1,1280,289.77,20
1,2024-12-23,UVA MEDIUM,Dickwella,PEK/PEKI,1460,289.77,20
1,2024-12-23,UVA MEDIUM,Roseland Uva,FBOP/FBOPI,1850,289.77,20
1,2024-12-23,UVA MEDIUM,Dickwella,FBOPF/FBOPFI,1500,289.77,20
1,2024-12-23,UVA MEDIUM,Misty-Uva,FBOPF/FBOPFI,1400,289.77,20
1,2024-12-23,UVA MEDIUM,Aruna Passara,FBOPF/FBOPF1,1400,289.77,20
1,2024-12-23,UVA MEDIUM,Aruna Passara,BOPF/BOPFSp,1380,289.77,20
1,2024-12-23,UVA MEDIUM,Shawlands,BOPF/BOPFSp,1550,289.77,20
1,2024-12-23,UVA MEDIUM,Dickwella,BOPF/BOPFSp,1550,289.77,20
1,2024-12-23,UVA MEDIUM,Aruna Keppetipola,BOPF/BOPFSp,1550,289.77,20
1,2024-12-23,WESTERN HIGH,Roseland Uva,BOP1,1850,289.77,44
1,2024-12-23,WESTERN HIGH,Robgill,BOP,1440,289.77,44
1,2024-12-23,WESTERN HIGH,Dessford,BOP,1480,289.77,44
1,2024-12-23,WESTERN HIGH,Wattegodde,BOP,1480,289.77,44
1,2024-12-23,WESTERN HIGH,Robgill,BOP,1550,289.77,44
1,2024-12-23,WESTERN HIGH,Somerset,OPI,1420,289.77,44
1,2024-12-23,WESTERN HIGH,Alton,OPI,1400,289.77,44
1,2024-12-23,WESTERN HIGH,Dessford,PEK/PEKI,1400,289.77,44
1,2024-12-23,WESTERN HIGH,Venture,PEK/PEKI,1700,289.77,44
1,2024-12-23,UVA HIGH,Fairlawn,BOP1,1700,289.77,30
1,2024-12-23,UVA HIGH,Bambrakelly,BOP1,1950,289.77,30
1,2024-12-23,UVA HIGH,Fairlawn,BOP1,1600,289.77,30
1,2024-12-23,UVA HIGH,Fairlawn,BOP1,1300,289.77,30
1,2024-12-23,UVA HIGH,Bambrakelly,BOP1,1280,289.77,30
1,2024-12-23,UVA HIGH,Glenloch,BOP1,1420,289.77,30
1,2024-12-23,UVA HIGH,Venture,BOP1,1420,289.77,30
1,2024-12-23,UVA HIGH,Fairlawn,BOPI,1420,289.77,30
1,2024-12-23,UVA HIGH,Fairlawn,BOP1,1500,289.77,30
1,2024-12-23,UVA HIGH,Glenanore,FBOP/FBOPI,1600,289.77,30
1,2024-12-23,UVA HIGH,Uva Highlands,FBOP/FBOPI,1550,289.77,30
1,2024-12-23,UVA HIGH,Uva Highlands,BOP,1380,289.77,30
1,2024-12-23,UVA HIGH,Balagalaella,BOP,1300,289.77,30
1,2024-12-23,UVA HIGH,Craig,BOPSp,1420,289.77,30
1,2024-12-23,UVA HIGH,Uva Highlands,OP/OPA,1280,289.77,30
1,2024-12-23,UVA HIGH,Nayabedde,OPI,1240,289.77,30
1,2024-12-23,UVA HIGH,Uva Highlands,OPI,1650,289.77,30
1,2024-12-23,UVA HIGH,Gonamotawa,OP1,1600,289.77,30
1,2024-12-23,UVA HIGH,Craig,PEK/PEKI,1600,289.77,30
1,2024-12-23,NUWARA ELIYAS,Mahagastotte,BOP,1380,289.77,33
1,2024-12-23,NUWARA ELIYAS,Court Lodge,BOP,1180,289.77,33
1,2024-12-23,NUWARA ELIYAS,Kenmare,BOP,1140,289.77,33
1,2024-12-23,NUWARA ELIYAS,Lovers Leap,BOP,1200,289.77,33
1,2024-12-23,NUWARA ELIYAS,Court Lodge,BOP,1080,289.77,33
1,2024-12-23,NUWARA ELIYAS,Court Lodge,BOP,1020,289.77,33
1,2024-12-23,NUWARA ELIYAS,Lovers Leap,OP/OPA,1180,289.77,33
1,2024-12-23,NUWARA ELIYAS,Court Lodge,OPOPA,1140,289.77,33
1,2024-12-23,NUWARA ELIYAS,Mahagastotte,PEK/PEKI,1360,289.77,33
1,2024-12-23,NUWARA ELIYAS,Court Lodge,PEK/PEKI,1240,289.77,33
1,2024-12-23,NUWARA ELIYAS,Kenmare,PEK/PEK1,1180,289.77,33
1,2024-12-23,UDAPUSSELLAWAS,Luckyland,BOP,1060,289.77,38
1,2024-12-23,UDAPUSSELLAWAS,Kirklees,BOP,1060,289.77,38
1,2024-12-23,UDAPUSSELLAWAS,Luckyland,BOPSP,1020,289.77,38
1,2024-12-23,UDAPUSSELLAWAS,Kirklees,BOPSP,1020,289.77,38
1,2024-12-23,UDAPUSSELLAWAS,Mooloya,BOPF/BOPFSp,1260,289.77,38
1,2024-12-23,UDAPUSSELLAWAS,Alma,FBOP/FBOPI,1500,289.77,38
1,2024-12-23,UDAPUSSELLAWAS,Delmar,FBOP/FBOΡΙ,1480,289.77,38
1,2024-12-23,UDAPUSSELLAWAS,Gonapitiya,FBOP/FBOPI,1480,289.77,38
1,2024-12-23,UDAPUSSELLAWAS,Blairlomond,FBOP/FBOPI,1420,289.77,38
1,2024-12-23,UDAPUSSELLAWAS,Alma,FBOPF/FBOPF1,1420,289.77,38
1,2024-12-23,UDAPUSSELLAWAS,Delmar,FBOPF/FBOPFI,1380,289.77,38
1,2024-12-23,UDAPUSSELLAWAS,Blairlomond,FBOPF/FBOPF1,1380,289.77,38
1,2024-12-23,UDAPUSSELLAWAS,Maha Uva,FBOPF/FBOPF1,1320,289.77,38
1,2024-12-23,UDAPUSSELLAWAS,Delmar,OP/OPA,1280,289.77,38
1,2024-12-23,UDAPUSSELLAWAS,Blairlomond,OP/OPA,1260,289.77,38
1,2024-12-23,UDAPUSSELLAWAS,Delmar,OP1,1420,289.77,38
1,2024-12-23,UDAPUSSELLAWAS,Alma,PEK/PEK1,1600,289.77,38
1,2024-12-23,UDAPUSSELLAWAS,Blairlomond,PEK/PEKI,1440,289.77,38
1,2024-12-23,UDAPUSSELLAWAS,Maha Uva,PEK/PEKI,1440,289.77,38
1,2024-12-23,LOW GROWNS,Mulatiyana Hills,BOP,2150,289.77,97
1,2024-12-23,LOW GROWNS,Kiruwanaganga,BOP,1800,289.77,97
1,2024-12-23,LOW GROWNS,Kings Bru,BOPSp,1600,289.77,97
1,2024-12-23,LOW GROWNS,Pothotuwa,BOPF,1550,289.77,97
1,2024-12-23,LOW GROWNS,Rajjuruwatta Super,BOPF,1550,289.77,97
1,2024-12-23,LOW GROWNS,Sithaka,BOPF,1550,289.77,97
1,2024-12-23,LOW GROWNS,Kiruwanaganga,BOPF,1440,289.77,97
1,2024-12-23,LOW GROWNS,Rajjuruwatta Super,BOPFSp,2050,289.77,97
1,2024-12-23,LOW GROWNS,Sithaka,FBOP,2650,289.77,97
1,2024-12-23,LOW GROWNS,Hidellana,FBOP,2400,289.77,97
1,2024-12-23,LOW GROWNS,Pothotuwa,FBOP,2350,289.77,97
1,2024-12-23,LOW GROWNS,Kelani,FBOP,2350,289.77,97
1,2024-12-23,LOW GROWNS,Kiruwanaganga,FBOP1,2850,289.77,97
1,2024-12-23,LOW GROWNS,Hidellana,FBOP1,2050,289.77,97
1,2024-12-23,LOW GROWNS,Sithaka,FBOPF,1950,289.77,97
1,2024-12-23,LOW GROWNS,Hidellana,FBOPF,1900,289.77,97
1,2024-12-23,LOW GROWNS,Lumbini,FBOPF1,2000,289.77,97
1,2024-12-23,LOW GROWNS,Kiruwanaganga,BOPIA,1240,289.77,97
2,2025-01-15,WESTERN MEDIUM,Harangalla,BOP,1750,290.74,1
2,2025-01-15,WESTERN MEDIUM,Hatale,BOP,1550,290.74,1
2,2025-01-15,WESTERN MEDIUM,Dartry Valley,BOP,1200,290.74,1
2,2025-01-15,WESTERN MEDIUM,Vellai Oya,BOP,1180,290.74,1
2,2025-01-15,WESTERN MEDIUM,Dolosbage Super,BOP,1550,290.74,1
2,2025-01-15,WESTERN MEDIUM,Harangalla,FBOP/FBOPI,2250,290.74,1
2,2025-01-15,WESTERN MEDIUM,Harangalla,FBOP/FBOPI,2150,290.74,1
2,2025-01-15,WESTERN MEDIUM,Craighead,FBOP/FBOPI,1700,290.74,1
2,2025-01-15,WESTERN MEDIUM,Hatale,FBOP/FBOPI,1400,290.74,1
2,2025-01-15,WESTERN MEDIUM,Ancoombra,FBOPF/FBOPF1,1600,290.74,1
2,2025-01-15,WESTERN MEDIUM,Galgewatta,FBOPF/FBOPF1,1600,290.74,1
2,2025-01-15,WESTERN MEDIUM,Orange Field,FBOPF/FBOPF1,1600,290.74,1
2,2025-01-15,WESTERN MEDIUM,Harangalla,OP1,1650,290.74,1
2,2025-01-15,WESTERN MEDIUM,Craighead,OP1,1600,290.74,1
2,2025-01-15,WESTERN MEDIUM,New Rothschild,OP1,1600,290.74,1
2,2025-01-15,WESTERN MEDIUM,Hatale,OP1,1600,290.74,1
2,2025-01-15,UVA MEDIUM,Halpewatta Uva,BOP,1460,290.74,22
2,2025-01-15,UVA MEDIUM,Halpewatta Uva,BOPSP,1420,290.74,22
2,2025-01-15,UVA MEDIUM,Dickwella,BOPF/BOPFSp,1600,290.74,22
2,2025-01-15,UVA MEDIUM,Roseland Uva,BOPF/BOPFSp,2200,290.74,22
2,2025-01-15,UVA MEDIUM,Roseland Uva,BOP1,1800,290.74,22
2,2025-01-15,UVA MEDIUM,Demodera 'S',FBOPF/FBOPF1,1500,290.74,22
2,2025-01-15,UVA MEDIUM,Tinioya,FBOPF/FBOPFI,1320,290.74,22
2,2025-01-15,UVA MEDIUM,Rathkelle-Uva,FBOPF/FBOPF1,1300,290.74,22
2,2025-01-15,UVA MEDIUM,Aruna Passara,OP/OPA,1300,290.74,22
2,2025-01-15,UVA MEDIUM,Dickwella,OP1,1650,290.74,22
2,2025-01-15,UVA MEDIUM,Ambrosia Uva,OP1,1550,290.74,22
2,2025-01-15,UVA MEDIUM,Glen Alpin,OP1,1550,290.74,22
2,2025-01-15,UVA MEDIUM,Misty-Uva,OP1,1500,290.74,22
2,2025-01-15,UVA MEDIUM,Dickwella,PEK/PEK1,1550,290.74,22
2,2025-01-15,UVA MEDIUM,Sarnia Plaiderie,PEK/PEK1,1550,290.74,22
2,2025-01-15,UVA MEDIUM,Aruna Passara,PEK/PEKI,1550,290.74,22
2,2025-01-15,WESTERN HIGH,Fordyce,BOP,1380,290.74,16
2,2025-01-15,WESTERN HIGH,Dessford,BOP,1320,290.74,16
2,2025-01-15,WESTERN HIGH,Robgill,BOP,1320,290.74,16
2,2025-01-15,WESTERN HIGH,Ingestre,BOP,1320,290.74,16
2,2025-01-15,WESTERN HIGH,Queensberry,BOP,1600,290.74,16
2,2025-01-15,WESTERN HIGH,Robgill,BOPF/BOPFSp,1500,290.74,16
2,2025-01-15,WESTERN HIGH,Tillyrie,BOPF/BOPFSp,1400,290.74,16
2,2025-01-15,WESTERN HIGH,Wattegodde,BOPF/BOPFP,1380,290.74,16
2,2025-01-15,WESTERN HIGH,St. Andrews,BOPF/BOPFSP,1600,290.74,16
2,2025-01-15,WESTERN HIGH,Queensberry,BOPF/BOPFSP,1480,290.74,16
2,2025-01-15,WESTERN HIGH,Bambrakelly,BOPF/BOPFSP,1480,290.74,16
2,2025-01-15,WESTERN HIGH,Bambrakelly,OP/OPA,1380,290.74,16
2,2025-01-15,WESTERN HIGH,St. Andrews,OP/OPA,1300,290.74,16
2,2025-01-15,WESTERN HIGH,Bambrakelly,OP1,1480,290.74,16
2,2025-01-15,WESTERN HIGH,Dessford,PEK/PEK1,1550,290.74,16
2,2025-01-15,WESTERN HIGH,Somerset,OP1,1500,290.74,16
2,2025-01-15,WESTERN HIGH,Annefield,OP1,1420,290.74,16
2,2025-01-15,WESTERN HIGH,Mattakelle,PEK/PEKI,1420,290.74,16
2,2025-01-15,UVA HIGH,Nayabedde,BOP,1100,290.74,3
2,2025-01-15,UVA HIGH,Kelliebedde,BOP,1060,290.74,3
2,2025-01-15,UVA HIGH,Ranaya,BOP,1400,290.74,3
2,2025-01-15,UVA HIGH,Uva Highlands,BOP,1480,290.74,3
2,2025-01-15,UVA HIGH,Uva Highlands,BOPSP,1700,290.74,3
2,2025-01-15,UVA HIGH,Uva Highlands,FBOP/FBOPI,1550,290.74,3
2,2025-01-15,UVA HIGH,Ellathota Uva,FBOP/FBOP1,1500,290.74,3
2,2025-01-15,UVA HIGH,Ranaya,FBOPF/FBOPF1,1500,290.74,3
2,2025-01-15,UVA HIGH,Battawatte,FBOPF/FBOPFI,1500,290.74,3
2,2025-01-15,UVA HIGH,Spring Valley,FBOPF/FBOPFI,1460,290.74,3
2,2025-01-15,UVA HIGH,Craig,FBOPF/FBOPF1,1460,290.74,3
2,2025-01-15,UVA HIGH,Ellathota Uva,FBOPF/FBOPFI,1340,290.74,3
2,2025-01-15,UVA HIGH,Ranaya,OP/OPA,1340,290.74,3
2,2025-01-15,UVA HIGH,Uva Highlands,OP1,1550,290.74,3
2,2025-01-15,UVA HIGH,Ellathota Uva,OP1,1500,290.74,3
2,2025-01-15,UVA HIGH,Craig,PEK/PEKI,1500,290.74,3
2,2025-01-15,UVA HIGH,Balagalaella,PEK/PEKI,1480,290.74,3
2,2025-01-15,UVA HIGH,Ranaya,PEK/PEKI,1550,290.74,3
2,2025-01-15,UVA HIGH,Craig,PEK/PEKI,1550,290.74,3
2,2025-01-15,UVA HIGH,Ellathota Uva,PEK/PEK1,1460,290.74,3
2,2025-01-15,NUWARA ELIYAS,Mahagastotte,BOP,1200,290.74,50
2,2025-01-15,NUWARA ELIYAS,Court Lodge,BOP,1140,290.74,50
2,2025-01-15,NUWARA ELIYAS,Mahagastotte,BOPF/BOPFSp,1200,290.74,50
2,2025-01-15,NUWARA ELIYAS,Lovers Leap,BOPF/BOPFSp,1200,290.74,50
2,2025-01-15,NUWARA ELIYAS,Court Lodge,FBOP/FBOPΙ,1100,290.74,50
2,2025-01-15,NUWARA ELIYAS,Court Lodge,OP/OPA,1160,290.74,50
2,2025-01-15,NUWARA ELIYAS,Kenmare,OP/OPA,1040,290.74,50
2,2025-01-15,NUWARA ELIYAS,Court Lodge,PEK/PEKI,1220,290.74,50
2,2025-01-15,UDAPUSSELLAWAS,Alma,BOP,1600,290.74,33
2,2025-01-15,UDAPUSSELLAWAS,Luckyland,BOPSP,980,290.74,33
2,2025-01-15,UDAPUSSELLAWAS,Liddesdale,BOPSP,960,290.74,33
2,2025-01-15,UDAPUSSELLAWAS,Luckyland,BOPF/BOPFSp,1120,290.74,33
2,2025-01-15,UDAPUSSELLAWAS,Kirklees,BOPF/BOPFSp,1120,290.74,33
2,2025-01-15,UDAPUSSELLAWAS,Blairlomond,BOPI,1400,290.74,33
2,2025-01-15,UDAPUSSELLAWAS,Delmar,FBOP/FBOPI,1460,290.74,33
2,2025-01-15,UDAPUSSELLAWAS,Delmar,FBOPF/FBOPFI,1600,290.74,33
2,2025-01-15,UDAPUSSELLAWAS,Blairlomond,FBOPF/FBOPF1,1500,290.74,33
2,2025-01-15,UDAPUSSELLAWAS,Alma,OP/OPA,1340,290.74,33
2,2025-01-15,UDAPUSSELLAWAS,Blairlomond,OP1,1080,290.74,33
2,2025-01-15,UDAPUSSELLAWAS,Delmar,OP1,1040,290.74,33
2,2025-01-15,UDAPUSSELLAWAS,Alma,PEK/PEKI,1600,290.74,33
2,2025-01-15,LOW GROWNS,Golden Garden,BOP,1900,290.74,28
2,2025-01-15,LOW GROWNS,Ceciliyan,BOPSP,1600,290.74,28
2,2025-01-15,LOW GROWNS,Hidellana,BOPF,1500,290.74,28
2,2025-01-15,LOW GROWNS,Pothotuwa,BOPF,1480,290.74,28
2,2025-01-15,LOW GROWNS,Andaradeniya Super,BOPFSp,1480,290.74,28
2,2025-01-15,LOW GROWNS,New Spring View,BOPFSp,1480,290.74,28
2,2025-01-15,LOW GROWNS,Sithaka,FBOP,2750,290.74,28
2,2025-01-15,LOW GROWNS,Pothotuwa,FBOP,2550,290.74,28
2,2025-01-15,LOW GROWNS,Hidellana,FBOP,2450,290.74,28
2,2025-01-15,LOW GROWNS,Wattahena,FBOP1,2300,290.74,28
2,2025-01-15,LOW GROWNS,Sithaka,FBOP1,2100,290.74,28
2,2025-01-15,LOW GROWNS,Hidellana,FBOP1,1950,290.74,28
2,2025-01-15,LOW GROWNS,Sithaka,FBOPF,1850,290.74,28
2,2025-01-15,LOW GROWNS,Garden Leaf,FBOPF1,1950,290.74,28
2,2025-01-15,LOW GROWNS,Gunawardena,OP1,3550,290.74,28
2,2025-01-15,LOW GROWNS,Miriswatta,OP,1750,290.74,28
2,2025-01-15,LOW GROWNS,Dullie Ella,OP,1650,290.74,28
2,2025-01-15,LOW GROWNS,Mulatiyana Hills,OP,1650,290.74,28
2,2025-01-15,LOW GROWNS,Golden Gardens,OP,1650,290.74,28
2,2025-01-15,LOW GROWNS,Graceland,OP,1650,290.74,28
2,2025-01-15,LOW GROWNS,Dampahala,OP,1650,290.74,28
2,2025-01-15,LOW GROWNS,Rotumba,OP,1650,290.74,28
2,2025-01-15,LOW GROWNS,Liyonta,OP,1650,290.74,28
2,2025-01-15,LOW GROWNS,Miriswatta,OPA,1900,290.74,28
2,2025-01-15,LOW GROWNS,Pothotuwa,BOPI,3200,290.74,28
2,2025-01-15,LOW GROWNS,Sithaka,BOPI,3200,290.74,28
2,2025-01-15,LOW GROWNS,New Vithanakande,BOPI,3100,290.74,28
2,2025-01-15,LOW GROWNS,Hidellana,BOPI,2900,290.74,28
2,2025-01-15,LOW GROWNS,Liyonta,PEK,2600,290.74,28
2,2025-01-15,LOW GROWNS,Dampahala,PEK1,2350,290.74,28
2,2025-01-15,LOW GROWNS,Galatara,PEK1,2350,290.74,28
2,2025-01-15,UNORTHODOX HIGH,Dunsinane CTC,PF1,1280,290.74,36.53
2,2025-01-15,UNORTHODOX HIGH,Mount Vernon CTC,BPS,710,290.74,36.53
2,2025-01-15,UNORTHODOX MEDIUM,New Peacock CTC,PF1,1200,290.74,36.53
2,2025-01-15,UNORTHODOX MEDIUM,Strathdon CTC,BPI,1080,290.74,36.53
2,2025-01-15,UNORTHODOX MEDIUM,Aultmore CTC,BPS,1000,290.74,36.53
2,2025-01-15,UNORTHODOX MEDIUM,Strathdon CTC,BPS,1000,290.74,36.53
2,2025-01-15,UNORTHODOX LOW,Kalubowitiyana CTC,PF1,1480,290.74,36.53
2,2025-01-15,UNORTHODOX LOW,Ceciliyan CTC,BP1,1240,290.74,36.53
2,2025-01-15,PREMIUM FLOWERY,Parakaduwa Super,FBOPFSp,4150,290.74,36.53
2,2025-01-15,PREMIUM FLOWERY,Nilgiri,FBOPFExSp,4850,290.74,36.53
2,2025-01-15,PREMIUM FLOWERY,Muswenna,FBOPFExSp1,5200,290.74,36.53
2,2025-01-15,PREMIUM FLOWERY,Kamarangapitiya,FBOPFExSp1,4450,290.74,36.53
2,2025-01-15,DUSTS,Annfield,DUST1,1480,290.74,36.53
2,2025-01-15,DUSTS,Kalubowitiyana CTC,PD,1500,290.74,36.53
2,2025-01-15,OFF GRADES,Wanarajah,FGS/FGS1,1200,290.74,36.53
2,2025-01-15,OFF GRADES,Clydesdale,FGS/FGS1,1160,290.74,36.53
2,2025-01-15,OFF GRADES,Liyonta CTC,PFGS,1000,290.74,36.53
2,2025-01-15,OFF GRADES,Chandrika Estate,BM,1040,290.74,36.53
2,2025-01-15,OFF GRADES,Suwishka,BP,1420,290.74,36.53
2,2025-01-15,OFF GRADES,Chandrika Estate,BOPIA,1340,290.74,36.53
3,2025-01-21/22,WESTERN MEDIUM,Harangalla,BOP,1650,292.83,3
3,2025-01-21/22,WESTERN MEDIUM,Ancoombra,BOPSP,1400,292.83,3
3,2025-01-21/22,WESTERN MEDIUM,Uplands,BOPF/BOPFSp,1380,292.83,3
3,2025-01-21/22,WESTERN MEDIUM,Dartry Valley,BOPI,1950,292.83,3
3,2025-01-21/22,WESTERN MEDIUM,Harangalla,BOPSP,1900,292.83,3
3,2025-01-21/22,WESTERN MEDIUM,Harangalla,FBOP/FBOPΙ,2300,292.83,3
3,2025-01-21/22,WESTERN MEDIUM,Dartry Valley,FBOP/FBOPI,2200,292.83,3
3,2025-01-21/22,WESTERN MEDIUM,Harangalla,FBOPF/FBOPFI,1900,292.83,3
3,2025-01-21/22,WESTERN MEDIUM,Craighead,FBOPF/FROPFI,1700,292.83,3
3,2025-01-21/22,WESTERN MEDIUM,Imboolpitiya,FBOPF/FBOPFI,1650,292.83,3
3,2025-01-21/22,WESTERN MEDIUM,Harangalla,OP/OPA,1400,292.83,3
3,2025-01-21/22,WESTERN MEDIUM,Craighead,OP1,1900,292.83,3
3,2025-01-21/22,WESTERN MEDIUM,Dickwella,PEK/PEKI,1750,292.83,3
3,2025-01-21/22,WESTERN MEDIUM,Craighead,PEK/PEKI,1700,292.83,3
3,2025-01-21/22,WESTERN MEDIUM,Harangalla,PEK/PEKI,1700,292.83,3
3,2025-01-21/22,UVA MEDIUM,Shawlands,BOP,1400,292.83,50
3,2025-01-21/22,UVA MEDIUM,Aruna Passara,BOP,1400,292.83,50
3,2025-01-21/22,UVA MEDIUM,Halpewatte Uva,BOP,1400,292.83,50
3,2025-01-21/22,UVA MEDIUM,Dickwella,BOPSp,1300,292.83,50
3,2025-01-21/22,UVA MEDIUM,Halpewatte Uva,BOPF/BOPFSp,1300,292.83,50
3,2025-01-21/22,UVA MEDIUM,Dickwella,BOPF/BOPFSp,1550,292.83,50
3,2025-01-21/22,UVA MEDIUM,Roseland Uva,BOP1,2250,292.83,50
3,2025-01-21/22,UVA MEDIUM,Dickwella,FBOP/FBOPI,1850,292.83,50
3,2025-01-21/22,UVA MEDIUM,Dickwella,FBOPF/FBOPFI,1850,292.83,50
3,2025-01-21/22,UVA MEDIUM,Sarnia Plaiderie,FBOPF/FBOPFI,1750,292.83,50
3,2025-01-21/22,UVA MEDIUM,Dickwella,OP/OPA,1550,292.83,50
3,2025-01-21/22,UVA MEDIUM,Timioya,OP/OPA,1360,292.83,50
3,2025-01-21/22,UVA MEDIUM,Meezan,OP/OPA,1360,292.83,50
3,2025-01-21/22,UVA MEDIUM,Shawlands,OP/OPA,1340,292.83,50
3,2025-01-21/22,UVA MEDIUM,Ury,OP1,1950,292.83,50
3,2025-01-21/22,UVA MEDIUM,Dickwella,PEK/PEKI,1700,292.83,50
3,2025-01-21/22,WESTERN HIGH,Cymru,BOP,1420,292.83,39
3,2025-01-21/22,WESTERN HIGH,Wattegodde,BOP,1420,292.83,39
3,2025-01-21/22,WESTERN HIGH,Bearwell,BOP,1380,292.83,39
3,2025-01-21/22,WESTERN HIGH,Holyrood,BOP,1380,292.83,39
3,2025-01-21/22,WESTERN HIGH,Lethenty,BOP,1380,292.83,39
3,2025-01-21/22,WESTERN HIGH,Bearwell,BOPSp,1500,292.83,39
3,2025-01-21/22,WESTERN HIGH,Somerset,BOPF/BOPFSp,1650,292.83,39
3,2025-01-21/22,WESTERN HIGH,Bogawantalawa,BOPF/BOPFSp,1500,292.83,39
3,2025-01-21/22,WESTERN HIGH,Robgill,BOPF/BOPFSp,1500,292.83,39
3,2025-01-21/22,WESTERN HIGH,Cymru,BOPI,1480,292.83,39
3,2025-01-21/22,WESTERN HIGH,Somerset,FBOP/FBOPI,1600,292.83,39
3,2025-01-21/22,WESTERN HIGH,Glenloch,FBOPF/FBOPFI,1480,292.83,39
3,2025-01-21/22,WESTERN HIGH,St. Andrews,OP/OPA,1280,292.83,39
3,2025-01-21/22,WESTERN HIGH,Inverness,OP/OPA,1280,292.83,39
3,2025-01-21/22,WESTERN HIGH,Queensberry,OP OPA,1260,292.83,39
3,2025-01-21/22,WESTERN HIGH,Cymru,OP/OPA,1260,292.83,39
3,2025-01-21/22,WESTERN HIGH,Inverness,OP1,1650,292.83,39
3,2025-01-21/22,WESTERN HIGH,Great Western,OP1,1500,292.83,39
3,2025-01-21/22,WESTERN HIGH,Bogahawatte,PEK/PEKI,1500,292.83,39
3,2025-01-21/22,UVA HIGH,Glenanore,BOP,1320,292.83,26
3,2025-01-21/22,UVA HIGH,Uva Highlands,BOP,1180,292.83,26
3,2025-01-21/22,UVA HIGH,Mount Uva,BOP,980,292.83,26
3,2025-01-21/22,UVA HIGH,Battawatte,BOPSp,1200,292.83,26
3,2025-01-21/22,UVA HIGH,Glenanore,BOPI,1650,292.83,26
3,2025-01-21/22,UVA HIGH,Uva Highlands,BOPI,1650,292.83,26
3,2025-01-21/22,UVA HIGH,Glenanote,BOPI,1500,292.83,26
3,2025-01-21/22,UVA HIGH,Ellathota Uva,BOPI,1480,292.83,26
3,2025-01-21/22,UVA HIGH,Needwood Super,BOP1,1480,292.83,26
3,2025-01-21/22,UVA HIGH,Ellathota Uva,FBOP/FBOPI,1600,292.83,26
3,2025-01-21/22,UVA HIGH,Glenanore,FBOP/FBOPI,1550,292.83,26
3,2025-01-21/22,UVA HIGH,Uva Highlands,FBOP/FBOPI,1550,292.83,26
3,2025-01-21/22,UVA HIGH,Ranaya,FBOP/FBOPI,1550,292.83,26
3,2025-01-21/22,UVA HIGH,Gonamotawa,FBOPF/FBOPFI,1480,292.83,26
3,2025-01-21/22,UVA HIGH,Glenanore,FBOPF/FBOPF1,1460,292.83,26
3,2025-01-21/22,UVA HIGH,Battawatte,OP/OPA,1360,292.83,26
3,2025-01-21/22,UVA HIGH,Ellathota Uva,OP1,1550,292.83,26
3,2025-01-21/22,UVA HIGH,Ellathota Uva,PEK/PEKI,1550,292.83,26
3,2025-01-21/22,UVA HIGH,Craig,PEK/PEKI,1550,292.83,26
3,2025-01-21/22,UVA HIGH,Balagalaella,PEK/PEKT,1500,292.83,26
3,2025-01-21/22,UVA HIGH,Gonamotawa,PEK PEK,1480,292.83,26
3,2025-01-21/22,UVA HIGH,Battawatte,PEK PEKI,1480,292.83,26
3,2025-01-21/22,NUWARA ELIYAS,Lovers Leap,BOP,1280,292.83,57
3,2025-01-21/22,NUWARA ELIYAS,Kenmate,BOPSp,870,292.83,57
3,2025-01-21/22,NUWARA ELIYAS,Kenmare,BOPF/BOPFSp,960,292.83,57
3,2025-01-21/22,NUWARA ELIYAS,Court Lodge,BOPF/BOPFSp,940,292.83,57
3,2025-01-21/22,NUWARA ELIYAS,Kenmare,FBOP/FBOPI,1850,292.83,57
3,2025-01-21/22,NUWARA ELIYAS,Court Lodge,FBOP/FBOPI,1440,292.83,57
3,2025-01-21/22,NUWARA ELIYAS,Court Lodge,OP/OPA,1240,292.83,57
3,2025-01-21/22,NUWARA ELIYAS,Lovers Leap,PEK/PEKI,1160,292.83,57
3,2025-01-21/22,UDAPUSSELLAWAS,High Forest,BOP,1040,292.83,19
3,2025-01-21/22,UDAPUSSELLAWAS,Liddesdale,BOPF/BOPFSp,1100,292.83,19
3,2025-01-21/22,UDAPUSSELLAWAS,High Forest,BOPF/BOPFSp,1100,292.83,19
3,2025-01-21/22,UDAPUSSELLAWAS,Alma,FBOP/FBOPI,1750,292.83,19
3,2025-01-21/22,UDAPUSSELLAWAS,Delmar,FBOPF/FBOPFI,1500,292.83,19
3,2025-01-21/22,UDAPUSSELLAWAS,Maha Uva,FBOPF/FBOPFI,1360,292.83,19
3,2025-01-21/22,UDAPUSSELLAWAS,Alma,OP/OPA,1320,292.83,19
3,2025-01-21/22,UDAPUSSELLAWAS,Delmar,OP/OPA,1280,292.83,19
3,2025-01-21/22,UDAPUSSELLAWAS,Maha Uva,OP/OPA,1240,292.83,19
3,2025-01-21/22,UDAPUSSELLAWAS,Maha Uva,OP1,1400,292.83,19
3,2025-01-21/22,UDAPUSSELLAWAS,Maha Uva,PEK/PEKI,1750,292.83,19
3,2025-01-21/22,UDAPUSSELLAWAS,Alma,PEK/PEKI,1750,292.83,19
3,2025-01-21/22,LOW GROWNS,Mahaliyadda,BOP,2050,292.83,60
3,2025-01-21/22,LOW GROWNS,Lellopitiya Super,BOPSp,1700,292.83,60
3,2025-01-21/22,LOW GROWNS,Pothotuwa,BOPF,1500,292.83,60
3,2025-01-21/22,LOW GROWNS,Hidellana.,BOPF,1480,292.83,60
3,2025-01-21/22,LOW GROWNS,Rajjuruwatta Suoer,BOPFSp,2150,292.83,60
3,2025-01-21/22,LOW GROWNS,Galatara,FBOP,2750,292.83,60
3,2025-01-21/22,LOW GROWNS,Hedigalla,FBOP,2650,292.83,60
3,2025-01-21/22,LOW GROWNS,Gunawardena,FBOP,2450,292.83,60
3,2025-01-21/22,LOW GROWNS,Hidellana,FBOP,2450,292.83,60
3,2025-01-21/22,LOW GROWNS,Kolonna Super,FBOPI,2600,292.83,60
3,2025-01-21/22,LOW GROWNS,Allen Valley,FBOPF,1950,292.83,60
3,2025-01-21/22,LOW GROWNS,Adams View,FBOPFI,1650,292.83,60
3,2025-01-21/22,LOW GROWNS,Lickra,FBOPFI,1650,292.83,60
3,2025-01-21/22,LOW GROWNS,Sithaka,FBOPFI,1650,292.83,60
3,2025-01-21/22,LOW GROWNS,Haughton,FBOPFI,1650,292.83,60
3,2025-01-21/22,LOW GROWNS,Lellopitiya Super,FBOPFI,1650,292.83,60
3,2025-01-21/22,LOW GROWNS,Pothotuwa,OP1,3650,292.83,60
3,2025-01-21/22,LOW GROWNS,Mahaliyadda,OP,1700,292.83,60
3,2025-01-21/22,LOW GROWNS,Stream Line,OP,1700,292.83,60
3,2025-01-21/22,LOW GROWNS,Miriswatta,OP,1700,292.83,60
3,2025-01-21/22,LOW GROWNS,Green Lanka,OPA,1900,292.83,60
3,2025-01-21/22,LOW GROWNS,Pothotuwa,BOP1,3300,292.83,60
3,2025-01-21/22,LOW GROWNS,Hidellana,BOPI,3000,292.83,60
3,2025-01-21/22,LOW GROWNS,Sithaka,BOPI,3000,292.83,60
3,2025-01-21/22,LOW GROWNS,Makandura,BOPI,3000,292.83,60
3,2025-01-21/22,LOW GROWNS,Kolonna Super,BOPI,2850,292.83,60
3,2025-01-21/22,LOW GROWNS,New Deniyaya,BOPI,2800,292.83,60
3,2025-01-21/22,LOW GROWNS,Lions,BOPI,2800,292.83,60
3,2025-01-21/22,LOW GROWNS,Lumbini,PEK,2450,292.83,60
3,2025-01-21/22,LOW GROWNS,Nilrich,PEK1,2300,292.83,60
3,2025-01-21/22,LOW GROWNS,Hidellana,PEK1,2250,292.83,60
3,2025-01-21/22,LOW GROWNS,Nilgiri,PEK1,2250,292.83,60
3,2025-01-21/22,LOW GROWNS,Golden Garden,PEK1,2250,292.83,60
3,2025-01-21/22,UNORTHODOX HIGH,Dunsinane CTC,PF1,1260,292.83,36.53
3,2025-01-21/22,UNORTHODOX MEDIUM,New Peacock CTC,PF1,1240,292.83,36.53
3,2025-01-21/22,UNORTHODOX MEDIUM,Rothschild CTC,BPI,1040,292.83,36.53
3,2025-01-21/22,UNORTHODOX MEDIUM,Aultmore,BPS,1140,292.83,36.53
3,2025-01-21/22,UNORTHODOX MEDIUM,Aultmore,BPS,1140,292.83,36.53
3,2025-01-21/22,UNORTHODOX LOW,Kalubowitiyana CTC,PF1,1480,292.83,36.53
3,2025-01-21/22,UNORTHODOX LOW,Ceciliyan CTC,BPI,1320,292.83,36.53
3,2025-01-21/22,UNORTHODOX LOW,Ross Feld CTC,BPS,770,292.83,36.53
3,2025-01-21/22,PREMIUM FLOWERY,Rajjuruwatta Super,FBOPFSp,4150,292.83,36.53
3,2025-01-21/22,PREMIUM FLOWERY,Lions,FBOPFEXSp,4950,292.83,36.53
3,2025-01-21/22,PREMIUM FLOWERY,Kamarangapitiya,FHOPFEXSpl,5000,292.83,36.53
3,2025-01-21/22,DUSTS,Mattakelle,DUST1,1480,292.83,36.53
3,2025-01-21/22,DUSTS,Hingalgoda CTC,PD,1400,292.83,36.53
3,2025-01-21/22,OFF GRADES,Wanarajah,FGS/FGS!,1260,292.83,36.53
3,2025-01-21/22,OFF GRADES,Hingalgoda CTC,PFGS,1220,292.83,36.53
3,2025-01-21/22,OFF GRADES,Gunawardena.,BM,1200,292.83,36.53
3,2025-01-21/22,OFF GRADES,Subhagya,BP,1440,292.83,36.53
3,2025-01-21/22,OFF GRADES,Chandrika Estate,BOPIA,1400,292.83,36.53
4,2025-01-28/29,WESTERN MEDIUM,Harangalla,BOP,1600,294.18,38
4,2025-01-28/29,WESTERN MEDIUM,Uplands,BOP,1600,294.18,38
4,2025-01-28/29,WESTERN MEDIUM,Ancoombra,BOPSP,1500,294.18,38
4,2025-01-28/29,WESTERN MEDIUM,Dartry Valley,BOPF/BOPFSp,1260,294.18,38
4,2025-01-28/29,WESTERN MEDIUM,Vellai Oya,BOPF/BOPFSP,1220,294.18,38
4,2025-01-28/29,WESTERN MEDIUM,Craighead,BOPI,2250,294.18,38
4,2025-01-28/29,WESTERN MEDIUM,Craighead,FBOP/FBOPI,2100,294.18,38
4,2025-01-28/29,WESTERN MEDIUM,Harangalla,FBOP/FBOPI,2100,294.18,38
4,2025-01-28/29,WESTERN MEDIUM,Craighead,FBOPF/FBOPF1,1600,294.18,38
4,2025-01-28/29,WESTERN MEDIUM,Dartry Valley,FBOPF/FBOPFI,1600,294.18,38
4,2025-01-28/29,WESTERN MEDIUM,Hatale,FBOPF/FBOPF1,1600,294.18,38
4,2025-01-28/29,WESTERN MEDIUM,Hatale,OP/OPA,1440,294.18,38
4,2025-01-28/29,WESTERN MEDIUM,Ancoombra,OP1,1650,294.18,38
4,2025-01-28/29,WESTERN MEDIUM,Greenwood,PEK/PEKI,1850,294.18,38
4,2025-01-28/29,WESTERN HIGH,Great Western,BOP,1480,294.18,45
4,2025-01-28/29,WESTERN HIGH,Somerset,BOP,1440,294.18,45
4,2025-01-28/29,WESTERN HIGH,Ingestre,BOPSP,1550,294.18,45
4,2025-01-28/29,WESTERN HIGH,Robgill,BOPF/BOPFSP,1600,294.18,45
4,2025-01-28/29,WESTERN HIGH,Alton,BOPF/BOPFSP,1500,294.18,45
4,2025-01-28/29,WESTERN HIGH,Inverness,BOP1,2000,294.18,45
4,2025-01-28/29,WESTERN HIGH,St. Andrews,FBOP/FBOPI,2100,294.18,45
4,2025-01-28/29,WESTERN HIGH,Queensberry,FBOPF/FBOPF1,1460,294.18,45
4,2025-01-28/29,WESTERN HIGH,Venture,OP/OPA,1500,294.18,45
4,2025-01-28/29,WESTERN HIGH,St. Andrews,OP1,1650,294.18,45
4,2025-01-28/29,WESTERN HIGH,Great Western,PEK/PEKI,1500,294.18,45
4,2025-01-28/29,WESTERN HIGH,Bambrakelly,PEK/PEK1,1500,294.18,45
4,2025-01-28/29,WESTERN HIGH,Annfield,PEK/PEKI,1500,294.18,45
4,2025-01-28/29,WESTERN HIGH,Fairlawn,PEK/PEKI,1500,294.18,45
4,2025-01-28/29,NUWARA ELIYAS,Mahagastotte,BOP,1300,294.18,26
4,2025-01-28/29,NUWARA ELIYAS,Lovers Leap,BOP,1300,294.18,26
4,2025-01-28/29,NUWARA ELIYAS,Kenmare,BOPSP,900,294.18,26
4,2025-01-28/29,NUWARA ELIYAS,Mahagastotte,BOPF/BOPFSp,1240,294.18,26
4,2025-01-28/29,NUWARA ELIYAS,Court Lodge,BOPF/BOPFSp,1080,294.18,26
4,2025-01-28/29,NUWARA ELIYAS,Court Lodge,FBOP/FBOPI,1750,294.18,26
4,2025-01-28/29,NUWARA ELIYAS,Court Lodge,OP/OPA,1220,294.18,26
4,2025-01-28/29,NUWARA ELIYAS,Mahagastotte,OP/OPA,1180,294.18,26
4,2025-01-28/29,NUWARA ELIYAS,Kenmare,PEK/PEKI,1300,294.18,26
4,2025-01-28/29,UDAPUSSELLAWAS,Alma,BOP,1400,294.18,36
4,2025-01-28/29,UDAPUSSELLAWAS,Delmar,BOPSp,1120,294.18,36
4,2025-01-28/29,UDAPUSSELLAWAS,Kirklees,BOPF/BOPFSp,1200,294.18,36
4,2025-01-28/29,UDAPUSSELLAWAS,High Forest,BOPF/BOPFSP,1100,294.18,36
4,2025-01-28/29,UDAPUSSELLAWAS,Maha Uva,BOPI,1380,294.18,36
4,2025-01-28/29,UDAPUSSELLAWAS,Blairlomond,FBOP/FBOPI,1460,294.18,36
4,2025-01-28/29,UDAPUSSELLAWAS,Delmar,FBOP/FBOPI,1400,294.18,36
4,2025-01-28/29,UDAPUSSELLAWAS,Maha Uva,FBOPF/FBOPF1,1320,294.18,36
4,2025-01-28/29,UDAPUSSELLAWAS,Delmar,FBOPF/FBOPF1,1320,294.18,36
4,2025-01-28/29,UDAPUSSELLAWAS,Blairlomond,FBOPF/FBOPFI,1280,294.18,36
4,2025-01-28/29,UDAPUSSELLAWAS,Alma,OP/OPA,1360,294.18,36
4,2025-01-28/29,UDAPUSSELLAWAS,Delmar,OP/OPA,1320,294.18,36
4,2025-01-28/29,UDAPUSSELLAWAS,Maha Uva,OP/OPA,1280,294.18,36
4,2025-01-28/29,UDAPUSSELLAWAS,Delmar,OP1,1550,294.18,36
4,2025-01-28/29,UDAPUSSELLAWAS,Alma,PEK/PEKI,1500,294.18,36
4,2025-01-28/29,UDAPUSSELLAWAS,Blairlomond,PEK/PEK1,1480,294.18,36
4,2025-01-28/29,UDAPUSSELLAWAS,Maha Uva,PEK/PEKI,1460,294.18,36
4,2025-01-28/29,LOW GROWNS,Karagoda,BOP,1950,294.18,50
4,2025-01-28/29,LOW GROWNS,Mahaliyadda,BOP,1950,294.18,50
4,2025-01-28/29,LOW GROWNS,Sithaka,BOP,1950,294.18,50
4,2025-01-28/29,LOW GROWNS,Lellopitiya Super,BOPSP,1550,294.18,50
4,2025-01-28/29,LOW GROWNS,Sithaka,BOPF,1650,294.18,50
4,2025-01-28/29,LOW GROWNS,Ceciliyan,BOPF,1440,294.18,50
4,2025-01-28/29,LOW GROWNS,Hidellana,BOPF,1400,294.18,50
4,2025-01-28/29,LOW GROWNS,Rajjuruwatta Super,BOPF,1400,294.18,50
4,2025-01-28/29,LOW GROWNS,Rajjuruwatta Super,BOPFSp,2200,294.18,50
4,2025-01-28/29,LOW GROWNS,Sithaka,FBOP,2600,294.18,50
4,2025-01-28/29,LOW GROWNS,Galatara,FBOP,2450,294.18,50
4,2025-01-28/29,LOW GROWNS,Pothotuwa,FBOP,2400,294.18,50
4,2025-01-28/29,LOW GROWNS,Sithaka,FBOP1,2450,294.18,50
4,2025-01-28/29,LOW GROWNS,Katanwila,FBOPF,2000,294.18,50
4,2025-01-28/29,LOW GROWNS,Haughton,FBOPF1,1650,294.18,50
4,2025-01-28/29,LOW GROWNS,Lellopitiya,FBOPF1,1650,294.18,50
4,2025-01-28/29,LOW GROWNS,Kolonna Super,FBOPF1,1600,294.18,50
4,2025-01-28/29,LOW GROWNS,Makandura,FBOPF1,1600,294.18,50
4,2025-01-28/29,LOW GROWNS,Gangaboda,FBOPF1,1600,294.18,50
4,2025-01-28/29,LOW GROWNS,Sithaka,FBOPF1,1600,294.18,50
4,2025-01-28/29,LOW GROWNS,Pothotuwa,FBOPF1,1550,294.18,50
4,2025-01-28/29,LOW GROWNS,Gunawardena,FBOPF1,1550,294.18,50
4,2025-01-28/29,LOW GROWNS,Stream Line,FBOPF1,1550,294.18,50
4,2025-01-28/29,LOW GROWNS,Pothotuwa,OP1,3750,294.18,50
4,2025-01-28/29,LOW GROWNS,Miriswatta,OP,1850,294.18,50
4,2025-01-28/29,LOW GROWNS,Green Lanka,OPA,1850,294.18,50
4,2025-01-28/29,LOW GROWNS,Pothotuwa,BOPI,3400,294.18,50
4,2025-01-28/29,LOW GROWNS,New Vithanakande,BOPI,2750,294.18,50
4,2025-01-28/29,LOW GROWNS,Mulatiyana Hills,BOPI,2750,294.18,50
4,2025-01-28/29,LOW GROWNS,Hidellana,BOPI,2700,294.18,50
4,2025-01-28/29,LOW GROWNS,Sithaka,BOPI,2700,294.18,50
4,2025-01-28/29,LOW GROWNS,Makandura,BOPI,2700,294.18,50
4,2025-01-28/29,LOW GROWNS,Liyonta,PEK,2500,294.18,50
4,2025-01-28/29,LOW GROWNS,Stream Line,PEKI,2250,294.18,50
4,2025-01-28/29,LOW GROWNS,Galatara,PEK1,2250,294.18,50
4,2025-01-28/29,LOW GROWNS,Suduwelipothahena Super,PEKI,2200,294.18,50
4,2025-01-28/29,LOW GROWNS,Hidellana,PEKI,2200,294.18,50
4,2025-01-28/29,LOW GROWNS,Rajjuruwatta Super,PEK1,2200,294.18,50
4,2025-01-28/29,LOW GROWNS,Kiruwanaganga,PEKI,2150,294.18,50
4,2025-01-28/29,LOW GROWNS,New J. S. P.,PEKI,2150,294.18,50
4,2025-01-28/29,LOW GROWNS,Mulatiyana Hills,PEKI,2150,294.18,50
4,2025-01-28/29,LOW GROWNS,Nilgiri,PEK1,2150,294.18,50
4,2025-01-28/29,LOW GROWNS,Dampahala,PEKI,2150,294.18,50
4,2025-01-28/29,LOW GROWNS,Golden Garden,PEKI,2150,294.18,50
4,2025-01-28/29,UVA MEDIUM,Aruna Passara,BOP,1340,294.18,31
4,2025-01-28/29,UVA MEDIUM,Shawlands,BOP,1320,294.18,31
4,2025-01-28/29,UVA MEDIUM,Dickwella,BOPSp,1340,294.18,31
4,2025-01-28/29,UVA MEDIUM,Dickwella,BOPF/BOPFSP,1500,294.18,31
4,2025-01-28/29,UVA MEDIUM,Roseland Uva,BOP1,1850,294.18,31
4,2025-01-28/29,UVA MEDIUM,Demodera 'S',BOPI,1750,294.18,31
4,2025-01-28/29,UVA MEDIUM,Roseland Uva,FBOP/FBOPI,2000,294.18,31
4,2025-01-28/29,UVA MEDIUM,Wewesse,FBOPF/FBOPF1,1400,294.18,31
4,2025-01-28/29,UVA MEDIUM,Roseland Uva,FBOPF/FBOPF1,1400,294.18,31
4,2025-01-28/29,UVA MEDIUM,Aruna Keppetipola,FBOPF/FBOPFI,1400,294.18,31
4,2025-01-28/29,UVA MEDIUM,Aruna Passara,OP/OPA,1360,294.18,31
4,2025-01-28/29,UVA MEDIUM,Dickwella,OP/OPA,1340,294.18,31
4,2025-01-28/29,UVA MEDIUM,Glen Alpin,OP/OPA,1340,294.18,31
4,2025-01-28/29,UVA MEDIUM,Blossoms Uva Tea,OP/OPA,1320,294.18,31
4,2025-01-28/29,UVA MEDIUM,Shawlands,OP/OPA,1320,294.18,31
4,2025-01-28/29,UVA MEDIUM,Aruna Passara,OP/OPA,1320,294.18,31
4,2025-01-28/29,UVA MEDIUM,Shawlands,OP1,1600,294.18,31
4,2025-01-28/29,UVA MEDIUM,Dickwella,PEK/PEKI,1700,294.18,31
4,2025-01-28/29,UVA MEDIUM,Aruna Passara,PEK/PEKI,1700,294.18,31
4,2025-01-28/29,UVA HIGH,Glenanore,BOP,1340,294.18,8
4,2025-01-28/29,UVA HIGH,Craig,BOPSP,1380,294.18,8
4,2025-01-28/29,UVA HIGH,Nayabedde,BOPF/BOPFSp,1260,294.18,8
4,2025-01-28/29,UVA HIGH,Uva Highlands,BOPF/BOPFSp,1200,294.18,8
4,2025-01-28/29,UVA HIGH,Uva Highlands,BOP1,1800,294.18,8
4,2025-01-28/29,UVA HIGH,Spring Valley,FBOP/FBOPI,1550,294.18,8
4,2025-01-28/29,UVA HIGH,Uvakellie,FBOP/FBOPI,1550,294.18,8
4,2025-01-28/29,UVA HIGH,Uva Highlands,FBOP/FBOP1,1550,294.18,8
4,2025-01-28/29,UVA HIGH,Glenanore,FBOPF/FBOPFI,1440,294.18,8
4,2025-01-28/29,UVA HIGH,Gonamotawa,OP/OPA,1320,294.18,8
4,2025-01-28/29,UVA HIGH,Craig,OP/OPA,1320,294.18,8
4,2025-01-28/29,UVA HIGH,Ranaya,OP/OPA,1320,294.18,8
4,2025-01-28/29,UVA HIGH,Glenanore,OP/OPA,1300,294.18,8
4,2025-01-28/29,UVA HIGH,Aislaby,OP/OPA,1300,294.18,8
4,2025-01-28/29,UVA HIGH,Ampittiakande,OP/OPA,1300,294.18,8
4,2025-01-28/29,UVA HIGH,Ellathota Uva,OP/OPA,1300,294.18,8
4,2025-01-28/29,UVA HIGH,Spring Valley,OP/OPA,1300,294.18,8
4,2025-01-28/29,UVA HIGH,Craig,OP1,1500,294.18,8
4,2025-01-28/29,UVA HIGH,Ellathota Uva,PEK/PEKI,1550,294.18,8
4,2025-01-28/29,UVA HIGH,Uvakellie,PEK/PEKI,1550,294.18,8
4,2025-01-28/29,UVA HIGH,Glenanore,PEK/PEK1,1460,294.18,8
4,2025-01-28/29,UVA HIGH,Gonamotawa,PEK/PEKI,1460,294.18,8
4,2025-01-28/29,UVA HIGH,Spring Valley,PEK/PEK1,1460,294.18,8
4,2025-01-28/29,UNORTHODOX HIGH,Dunsinane CTC,PF1,1240,294.18,36.53
4,2025-01-28/29,UNORTHODOX MEDIUM,New Peacock CTC,PF1,1220,294.18,36.53
4,2025-01-28/29,UNORTHODOX MEDIUM,Rothschild CTC,BP1,1200,294.18,36.53
4,2025-01-28/29,UNORTHODOX MEDIUM,Aultmore CTC,BPS,950,294.18,36.53
4,2025-01-28/29,UNORTHODOX LOW,Kalubowitiyana CTC,PF1,1480,294.18,36.53
4,2025-01-28/29,UNORTHODOX LOW,Hingalgoda CTC,PF1,1480,294.18,36.53
4,2025-01-28/29,UNORTHODOX LOW,Ceciliyan CTC,BPI,1300,294.18,36.53
4,2025-01-28/29,UNORTHODOX LOW,Ross Field CTC,BPS,750,294.18,36.53
4,2025-01-28/29,PREMIUM FLOWERY,Fairyland,FBOPFSP,3400,294.18,36.53
4,2025-01-28/29,PREMIUM FLOWERY,Wikiliya,FBOPFSP,3350,294.18,36.53
4,2025-01-28/29,PREMIUM FLOWERY,Lions,FBOPFExSp,4700,294.18,36.53
4,2025-01-28/29,PREMIUM FLOWERY,Ivy Hills,FBOPFEXSp,4500,294.18,36.53
4,2025-01-28/29,PREMIUM FLOWERY,Fortune,FBOPFExSp,4300,294.18,36.53
4,2025-01-28/29,PREMIUM FLOWERY,Moragalla 'Al',FBOPFExSp1,4350,294.18,36.53
4,2025-01-28/29,PREMIUM FLOWERY,Kamarangapitiya,FBOPFExSp1,3850,294.18,36.53
4,2025-01-28/29,DUSTS,Mattakelle,Dustl,1550,294.18,36.53
4,2025-01-28/29,DUSTS,Ceciliyan CTC,PD,1440,294.18,36.53
4,2025-01-28/29,OFF GRADES,Kurunduwatta,BM,1040,294.18,36.53
4,2025-01-28/29,OFF GRADES,Suwishka,BP,1440,294.18,36.53
4,2025-01-28/29,OFF GRADES,Adams View,BP,1300,294.18,36.53
4,2025-01-28/29,OFF GRADES,Falcon Lanka,BP,1300,294.18,36.53
4,2025-01-28/29,OFF GRADES,Holyrood,FGS/FGS1,1200,294.18,36.53
4,2025-01-28/29,OFF GRADES,Agraouvah,FGS/FGS1,1200,294.18,36.53
4,2025-01-28/29,OFF GRADES,Hingalgoda CTC,PF,1380,294.18,36.53
4,2025-01-28/29,OFF GRADES,Chandrika Estate,ΒΟΡΙΑ,1340,294.18,36.53
4,2025-01-28/29,OFF GRADES,Liyonta,BOPIA,1340,294.18,36.53
5,2025-02-03/05,UVA MEDIUM,Demodera 'S',BOP,1550,295.51,29.74
5,2025-02-03/05,UVA MEDIUM,Harangalla,BOP,1500,295.51,29.74
5,2025-02-03/05,UVA MEDIUM,Uplands,BOP,1500,295.51,29.74
5,2025-02-03/05,UVA MEDIUM,Doombagastalawa,BOPSP,1360,295.51,29.74
5,2025-02-03/05,UVA MEDIUM,Harangalla,BOPF/BOPFSp,1180,295.51,29.74
5,2025-02-03/05,UVA MEDIUM,Vellai Oya,BOPF/BOPFSP,1180,295.51,29.74
5,2025-02-03/05,UVA MEDIUM,Craighead,BOPI,1850,295.51,29.74
5,2025-02-03/05,UVA MEDIUM,Harangalla,BOPI,1600,295.51,29.74
5,2025-02-03/05,UVA MEDIUM,Dickwella,BOPI,1600,295.51,29.74
5,2025-02-03/05,UVA MEDIUM,Craighead,FBOP/FBOPI,2350,295.51,29.74
5,2025-02-03/05,UVA MEDIUM,Doombagastalawa,FBOP/FBOPI,2300,295.51,29.74
5,2025-02-03/05,UVA MEDIUM,Dickwella,FBOPF/FBOPFI,1550,295.51,29.74
5,2025-02-03/05,UVA MEDIUM,Harangalla,OP/OPA,1400,295.51,29.74
5,2025-02-03/05,UVA MEDIUM,New Rothschild,OP1,1800,295.51,29.74
5,2025-02-03/05,UVA MEDIUM,Inguruwatte,PEK/PEKI,1700,295.51,29.74
5,2025-02-03/05,WESTERN HIGH,Holyrood,BOP,1420,295.51,40
5,2025-02-03/05,WESTERN HIGH,Ranaya,BOP,1360,295.51,40
5,2025-02-03/05,WESTERN HIGH,Ellathota Uva,BOP,1360,295.51,40
5,2025-02-03/05,WESTERN HIGH,Wanarajah,BOP,1360,295.51,40
5,2025-02-03/05,WESTERN HIGH,Norwood,BOP,1360,295.51,40
5,2025-02-03/05,WESTERN HIGH,Ellathota Uva,OP/OPA,1360,295.51,40
5,2025-02-03/05,WESTERN HIGH,Wattegodde,OP/OPA,1340,295.51,40
5,2025-02-03/05,WESTERN HIGH,Ampittiakande,BOPSP,1550,295.51,40
5,2025-02-03/05,WESTERN HIGH,Robgill,BOPF/BOPFSP,1600,295.51,40
5,2025-02-03/05,WESTERN HIGH,Alton,BOPF/BOPFSP,1550,295.51,40
5,2025-02-03/05,WESTERN HIGH,Somerset,BOPF/BOPFSP,1550,295.51,40
5,2025-02-03/05,WESTERN HIGH,Great Western,BOPF/BOPFSP,1500,295.51,40
5,2025-02-03/05,WESTERN HIGH,Annfield,BOPF/BOPFSp,1500,295.51,40
5,2025-02-03/05,WESTERN HIGH,Dessford,BOPF/BOPFSP,1500,295.51,40
5,2025-02-03/05,WESTERN HIGH,Venture,BOPI,1550,295.51,40
5,2025-02-03/05,WESTERN HIGH,St Andrews,FBOP/FBOPI,1650,295.51,40
5,2025-02-03/05,WESTERN HIGH,St Andrews,FBOPF/FBOPF1,1400,295.51,40
5,2025-02-03/05,WESTERN HIGH,Venture,OP/OPA,1420,295.51,40
5,2025-02-03/05,WESTERN HIGH,Glenloch,OP1,1600,295.51,40
5,2025-02-03/05,WESTERN HIGH,Great Western,PEK/PEKI,1650,295.51,40
5,2025-02-03/05,UVA HIGH,Glenanore,BOP,1320,295.51,16.5
5,2025-02-03/05,UVA HIGH,Ranaya,BOPSp,1280,295.51,16.5
5,2025-02-03/05,UVA HIGH,Nayabedde,BOPF/BOPFSP,1180,295.51,16.5
5,2025-02-03/05,UVA HIGH,Craig,BOP1,1500,295.51,16.5
5,2025-02-03/05,UVA HIGH,Alton,FBOP/FBOPI,1500,295.51,16.5
5,2025-02-03/05,UVA HIGH,Ellathota Uva,FBOP/FBOPI,1360,295.51,16.5
5,2025-02-03/05,UVA HIGH,Uva Highlanda,FBOPF/FBOPF1,1500,295.51,16.5
5,2025-02-03/05,UVA HIGH,Mattakelle,BOP,1320,295.51,16.5
5,2025-02-03/05,UVA HIGH,Craig,BOP,1320,295.51,16.5
5,2025-02-03/05,UVA HIGH,Ampittiakande,OP/OPA,1320,295.51,16.5
5,2025-02-03/05,UVA HIGH,Ranaya,OP/OPA,1320,295.51,16.5
5,2025-02-03/05,UVA HIGH,Gonamotawa,OP/OPA,1300,295.51,16.5
5,2025-02-03/05,UVA HIGH,Craig,OP1,1550,295.51,16.5
5,2025-02-03/05,UVA HIGH,Craig,PEK/PEKI,1550,295.51,16.5
5,2025-02-03/05,UVA HIGH,Great Western,PEK/PEKI,1650,295.51,16.5
5,2025-02-03/05,NUWARA ELIYAS,Mahagastotte,BOP,1300,295.51,40.36
5,2025-02-03/05,NUWARA ELIYAS,Lovers Leap,BOP,1300,295.51,40.36
5,2025-02-03/05,NUWARA ELIYAS,Mahagastotte,BOPF/BOPFSP,1240,295.51,40.36
5,2025-02-03/05,NUWARA ELIYAS,Lovers Leap,BOPF/BOPFSp,1240,295.51,40.36
5,2025-02-03/05,NUWARA ELIYAS,Kenmare,BOPF/BOPFSP,940,295.51,40.36
5,2025-02-03/05,NUWARA ELIYAS,Kenmare,FBOP/FBOPI,1420,295.51,40.36
5,2025-02-03/05,NUWARA ELIYAS,Court Lodge,FBOP/FBOPI,1100,295.51,40.36
5,2025-02-03/05,NUWARA ELIYAS,Court Lodge,OP/OPA,1200,295.51,40.36
5,2025-02-03/05,NUWARA ELIYAS,Lovers Leap,PEK/PEK1,1320,295.51,40.36
5,2025-02-03/05,NUWARA ELIYAS,Court Lodge,PEK/PEKI,1200,295.51,40.36
5,2025-02-03/05,UDAPUSSELLAWAS,Alma,BOP,1340,295.51,32.64
5,2025-02-03/05,UDAPUSSELLAWAS,Maha Uva,BOPSP,830,295.51,32.64
5,2025-02-03/05,UDAPUSSELLAWAS,Blairlomond,BOPSP,780,295.51,32.64
5,2025-02-03/05,UDAPUSSELLAWAS,Luckyland,BOPF/BOPFSP,1120,295.51,32.64
5,2025-02-03/05,UDAPUSSELLAWAS,Blairlomond,BOPI,1220,295.51,32.64
5,2025-02-03/05,UDAPUSSELLAWAS,Maha Uva,BOP1,1000,295.51,32.64
5,2025-02-03/05,UDAPUSSELLAWAS,Alma,FBOP/FBOPI,1400,295.51,32.64
5,2025-02-03/05,UDAPUSSELLAWAS,Blairlomond,FBOP/FBOPI,1360,295.51,32.64
5,2025-02-03/05,UDAPUSSELLAWAS,Alma,FBOPF/FBOPF1,1440,295.51,32.64
5,2025-02-03/05,UDAPUSSELLAWAS,Delmar,FBOPF/FBOPFI,1380,295.51,32.64
5,2025-02-03/05,UDAPUSSELLAWAS,Blairlomond,FBOPF/FBOPF1,1200,295.51,32.64
5,2025-02-03/05,UDAPUSSELLAWAS,Maha Uva,FBOPF/FBOPFI,1200,295.51,32.64
5,2025-02-03/05,UDAPUSSELLAWAS,Alma,OP/OPA,1400,295.51,32.64
5,2025-02-03/05,UDAPUSSELLAWAS,Delmar,OP/OPA,1260,295.51,32.64
5,2025-02-03/05,UDAPUSSELLAWAS,Maha Uva,OP/OPA,1240,295.51,32.64
5,2025-02-03/05,UDAPUSSELLAWAS,Maha Uva,OP1,1500,295.51,32.64
5,2025-02-03/05,UDAPUSSELLAWAS,Alma,PEK/PEKI,1650,295.51,32.64
5,2025-02-03/05,UDAPUSSELLAWAS,Blairlomond,PEK/PEK1,1400,295.51,32.64
5,2025-02-03/05,UDAPUSSELLAWAS,Maha Uva,PEK/PEKI,1400,295.51,32.64
5,2025-02-03/05,LOW GROWNS,Mulatiyana Hills,BOP,2050,295.51,53.92
5,2025-02-03/05,LOW GROWNS,Stream Line,BOPSp,1650,295.51,53.92
5,2025-02-03/05,LOW GROWNS,Sithaka,BOPF,1550,295.51,53.92
5,2025-02-03/05,LOW GROWNS,Rajjuruwatta Super,BOPF,1500,295.51,53.92
5,2025-02-03/05,LOW GROWNS,Hidellana,BOPF,1480,295.51,53.92
5,2025-02-03/05,LOW GROWNS,Rajjuruwatta Super,BOPFSp,2350,295.51,53.92
5,2025-02-03/05,LOW GROWNS,Sithaka,FBOP,2700,295.51,53.92
5,2025-02-03/05,LOW GROWNS,Wattahena,FBOP1,2000,295.51,53.92
5,2025-02-03/05,LOW GROWNS,Ceciliyan,FBOP1,2000,295.51,53.92
5,2025-02-03/05,LOW GROWNS,New Laksakanda,FBOPF,1900,295.51,53.92
5,2025-02-03/05,LOW GROWNS,Stream Line,FBOPF1,1550,295.51,53.92
5,2025-02-03/05,LOW GROWNS,Pothotuwa,FBOPF1,1500,295.51,53.92
5,2025-02-03/05,LOW GROWNS,Makandura,FBOPF1,1500,295.51,53.92
5,2025-02-03/05,LOW GROWNS,Adams View,FBOPF1,1480,295.51,53.92
5,2025-02-03/05,LOW GROWNS,Dampahala,FBOPF1,1480,295.51,53.92
5,2025-02-03/05,LOW GROWNS,Pothotuwa,BOP1,3400,295.51,53.92
5,2025-02-03/05,LOW GROWNS,Pothotuwa,OP1,3650,295.51,53.92
5,2025-02-03/05,LOW GROWNS,Miriswatta,OP,1700,295.51,53.92
5,2025-02-03/05,LOW GROWNS,Dampahala,OPA,1900,295.51,53.92
5,2025-02-03/05,LOW GROWNS,Liyonta,PEK,2500,295.51,53.92
5,2025-02-03/05,LOW GROWNS,Galatara,PEK1,2350,295.51,53.92
5,2025-02-03/05,UNORTHODOX HIGH,Dunsinane CTC,PF1,1220,295.51,36.53
5,2025-02-03/05,UNORTHODOX MEDIUM,New Peacock CTC,PF1,1200,295.51,36.53
5,2025-02-03/05,UNORTHODOX MEDIUM,Delta CTC,BPI,1120,295.51,36.53
5,2025-02-03/05,UNORTHODOX MEDIUM,Donside CTC,BPS,760,295.51,36.53
5,2025-02-03/05,UNORTHODOX LOW,Kalubowitiyana CTC,PF1,1440,295.51,36.53
5,2025-02-03/05,UNORTHODOX LOW,Ceciliyan CTC,BPI,1160,295.51,36.53
5,2025-02-03/05,UNORTHODOX LOW,Ross Feld CTC,BPS,770,295.51,36.53
5,2025-02-03/05,PREMIUM FLOWERY,Pasgoda Smallhoders,FBOPFSp,3500,295.51,36.53
5,2025-02-03/05,PREMIUM FLOWERY,New Hopewell,FBOPFSp,3400,295.51,36.53
5,2025-02-03/05,PREMIUM FLOWERY,Golden Garden,FBOPFExSp,4900,295.51,36.53
5,2025-02-03/05,PREMIUM FLOWERY,Galatara,FBOPFExSp1,4550,295.51,36.53
5,2025-02-03/05,PREMIUM FLOWERY,Greenwin Super,FBOPFExSp1,4050,295.51,36.53
5,2025-02-03/05,PREMIUM FLOWERY,Kiruwanaganga,FBOPFExSp1,4000,295.51,36.53
5,2025-02-03/05,PREMIUM FLOWERY,Kamarangapitiya,FBOPFExSp1,4000,295.51,36.53
5,2025-02-03/05,DUSTS,Great Western,DUST1,1550,295.51,36.53
5,2025-02-03/05,DUSTS,Mattakelle,DUST1,1550,295.51,36.53
5,2025-02-03/05,DUSTS,Kalubowitiyana,PD,1380,295.51,36.53
5,2025-02-03/05,OFF GRADES,Wanarajah,FGS/FGS1,1220,295.51,36.53
5,2025-02-03/05,OFF GRADES,Holyrood,FGS/FGS1,1200,295.51,36.53
5,2025-02-03/05,OFF GRADES,Wattegodde,FGS/FGSI,1200,295.51,36.53
5,2025-02-03/05,OFF GRADES,Eildon Hall,FGS/FGS1,1180,295.51,36.53
5,2025-02-03/05,OFF GRADES,Stockholm,FGS/FGS1,1180,295.51,36.53
5,2025-02-03/05,OFF GRADES,Strathdon CTC,PFGS,880,295.51,36.53
5,2025-02-03/05,OFF GRADES,Bogoda,BM,1060,295.51,36.53
5,2025-02-03/05,OFF GRADES,Gunawardena,BM,980,295.51,36.53
5,2025-02-03/05,OFF GRADES,Chandrika Estate,BM,980,295.51,36.53
5,2025-02-03/05,OFF GRADES,Galgewatta,BM,980,295.51,36.53
5,2025-02-03/05,OFF GRADES,Suwishka,BP,1440,295.51,36.53
5,2025-02-03/05,OFF GRADES,Chandrika Estate,ΒΟΡΙΑ,1260,295.51,36.53
5,2025-02-03/05,OFF GRADES,Aldora,BOPIA,1220,295.51,36.53
6,2025-02-10/11,WESTERN MEDIUM,Harangalla,BOP,1480,292.79,39.27
6,2025-02-10/11,WESTERN MEDIUM,Craighead,BOP,1460,292.79,39.27
6,2025-02-10/11,WESTERN MEDIUM,Dartry Valley,BOP,1440,292.79,39.27
6,2025-02-10/11,WESTERN MEDIUM,Kenilworth,BOPSP,1320,292.79,39.27
6,2025-02-10/11,WESTERN MEDIUM,Windsorforest,BOPSP,1300,292.79,39.27
6,2025-02-10/11,WESTERN MEDIUM,Harangalla,BOPF/BOPFSP,1300,292.79,39.27
6,2025-02-10/11,WESTERN MEDIUM,Craighead,BOPI,1800,292.79,39.27
6,2025-02-10/11,WESTERN MEDIUM,Doombagastalawa,BOPI,1550,292.79,39.27
6,2025-02-10/11,WESTERN MEDIUM,Harangalla,BOP1,1550,292.79,39.27
6,2025-02-10/11,WESTERN MEDIUM,Dartry Valley,BOPI,1500,292.79,39.27
6,2025-02-10/11,WESTERN MEDIUM,Ancoombra,FBOP/FBOPI,1950,292.79,39.27
6,2025-02-10/11,WESTERN MEDIUM,Harangalla,FBOP/FBOPI,1850,292.79,39.27
6,2025-02-10/11,WESTERN MEDIUM,Craighead,FBOP/FBOΡΙ,1800,292.79,39.27
6,2025-02-10/11,WESTERN MEDIUM,Harangalla,FBOPF/FBOPF1,1600,292.79,39.27
6,2025-02-10/11,WESTERN MEDIUM,Dartry Valley,FBOPF/FBOPFI,1550,292.79,39.27
6,2025-02-10/11,WESTERN MEDIUM,Craighead,FBOPF/FBOPF1,1440,292.79,39.27
6,2025-02-10/11,WESTERN MEDIUM,Ingurugala,OP/OPA,1360,292.79,39.27
6,2025-02-10/11,WESTERN MEDIUM,Craighead,OP1,1750,292.79,39.27
6,2025-02-10/11,WESTERN MEDIUM,Dartry Valley,OP1,1550,292.79,39.27
6,2025-02-10/11,WESTERN MEDIUM,Harangalla,OP1,1500,292.79,39.27
6,2025-02-10/11,WESTERN MEDIUM,Ingurugala,OP1,1500,292.79,39.27
6,2025-02-10/11,WESTERN MEDIUM,Cooroondoowatte,PEK/PEKI,1600,292.79,39.27
6,2025-02-10/11,WESTERN MEDIUM,Dartry Valley,PEK/PEK1,1600,292.79,39.27
6,2025-02-10/11,WESTERN MEDIUM,Harangalla,PEK/PEKI,1600,292.79,39.27
6,2025-02-10/11,WESTERN MEDIUM,New Rothschild,PEK/PEK1,1600,292.79,39.27
6,2025-02-10/11,WESTERN MEDIUM,Craighead,PEK/PEKI,1550,292.79,39.27
6,2025-02-10/11,WESTERN MEDIUM,Harangalla,PEK/PEK1,1550,292.79,39.27
6,2025-02-10/11,WESTERN MEDIUM,Dartry Valley,PEK/PEKI,1550,292.79,39.27
6,2025-02-10/11,WESTERN MEDIUM,Kenilworth,PEK/PEK1,1550,292.79,39.27
6,2025-02-10/11,WESTERN HIGH,Robgill,BOP,1650,292.79,40
6,2025-02-10/11,WESTERN HIGH,Robgill,BOPSP,1600,292.79,40
6,2025-02-10/11,WESTERN HIGH,Robgill,BOPF/BOPFSP,1650,292.79,40
6,2025-02-10/11,WESTERN HIGH,Great Western,BOPF/BOPFSP,1550,292.79,40
6,2025-02-10/11,WESTERN HIGH,Venture,BOPI,1420,292.79,40
6,2025-02-10/11,WESTERN HIGH,Inverness,FBOP/FBOPI,1500,292.79,40
6,2025-02-10/11,WESTERN HIGH,Bambrakelly,FBOP/FBOPI,1500,292.79,40
6,2025-02-10/11,WESTERN HIGH,Bambrakelly,FBOPF/FBOPF1,1380,292.79,40
6,2025-02-10/11,WESTERN HIGH,Venture,OP/OPA,1400,292.79,40
6,2025-02-10/11,WESTERN HIGH,Bogahawatte,OP1,900,292.79,40
6,2025-02-10/11,WESTERN HIGH,Craig Hill,PEK/PEKI,1600,292.79,40
6,2025-02-10/11,WESTERN HIGH,Somerset,PEK/PEKI,1550,292.79,40
6,2025-02-10/11,NUWARA ELIYAS,Mahagastotte,BOP,1360,292.79,40.36
6,2025-02-10/11,NUWARA ELIYAS,Mahagastotte,BOPF/BOPFSP,1380,292.79,40.36
6,2025-02-10/11,NUWARA ELIYAS,Lovers Leap,BOPF/BOPFSp,1380,292.79,40.36
6,2025-02-10/11,NUWARA ELIYAS,Kenmare,FBOP/FBOPI,1340,292.79,40.36
6,2025-02-10/11,NUWARA ELIYAS,Kenmare,OP/OPA,1140,292.79,40.36
6,2025-02-10/11,NUWARA ELIYAS,Lovers Leap,PEK/PEK1,1360,292.79,40.36
6,2025-02-10/11,NUWARA ELIYAS,Mahagastotte,PEK/PEKI,1220,292.79,40.36
6,2025-02-10/11,NUWARA ELIYAS,Kenmare,PEK/PEKI,1100,292.79,40.36
6,2025-02-10/11,UDAPUSSELLAWAS,Alma,BOP,1420,292.79,32.64
6,2025-02-10/11,UDAPUSSELLAWAS,Kirklees,BOPSP,920,292.79,32.64
6,2025-02-10/11,UDAPUSSELLAWAS,Blairlomond,BOPSP,860,292.79,32.64
6,2025-02-10/11,UDAPUSSELLAWAS,Kirklees,BOPF/BOPFSp,1180,292.79,32.64
6,2025-02-10/11,UDAPUSSELLAWAS,Maha Uva,BOPI,1280,292.79,32.64
6,2025-02-10/11,UDAPUSSELLAWAS,Blairlomond,FBOP/FBOPI,1340,292.79,32.64
6,2025-02-10/11,UDAPUSSELLAWAS,Blairlomond,FBOPF/FBOPFI,1320,292.79,32.64
6,2025-02-10/11,UDAPUSSELLAWAS,Maha Uva,OP/OPA,1360,292.79,32.64
6,2025-02-10/11,UDAPUSSELLAWAS,Delmar,OP/OPA,1300,292.79,32.64
6,2025-02-10/11,UDAPUSSELLAWAS,Blairlomond,OP/OPA,1300,292.79,32.64
6,2025-02-10/11,UDAPUSSELLAWAS,Maha Uva,OP1,1320,292.79,32.64
6,2025-02-10/11,UDAPUSSELLAWAS,Delmar,OP1,1220,292.79,32.64
6,2025-02-10/11,UDAPUSSELLAWAS,Blairlomond,PEK/PEKI,1360,292.79,32.64
6,2025-02-10/11,LOW GROWNS,Nawagamuwehena,BOP,1650,292.79,53.92
6,2025-02-10/11,LOW GROWNS,Golden Garden,BOP,1650,292.79,53.92
6,2025-02-10/11,LOW GROWNS,Lions,BOP,1650,292.79,53.92
6,2025-02-10/11,LOW GROWNS,Hidellana,BOP,1600,292.79,53.92
6,2025-02-10/11,LOW GROWNS,HPP Tea,BOP,1600,292.79,53.92
6,2025-02-10/11,LOW GROWNS,Pothotuwa,BOP,1550,292.79,53.92
6,2025-02-10/11,LOW GROWNS,Ceyenta,BOP,1550,292.79,53.92
6,2025-02-10/11,LOW GROWNS,ACU Super,BOP,1550,292.79,53.92
6,2025-02-10/11,LOW GROWNS,Karawita,BOP,1550,292.79,53.92
6,2025-02-10/11,LOW GROWNS,Andaradeniya Super,BOP,1550,292.79,53.92
6,2025-02-10/11,LOW GROWNS,Stream Line,BOPSP,1550,292.79,53.92
6,2025-02-10/11,LOW GROWNS,Sithaka,BOPF,1750,292.79,53.92
6,2025-02-10/11,LOW GROWNS,Mulatiyana Hills,BOPFSp,1900,292.79,53.92
6,2025-02-10/11,LOW GROWNS,Sithaka,FBOP,2850,292.79,53.92
6,2025-02-10/11,LOW GROWNS,Adams View,FBOP,2400,292.79,53.92
6,2025-02-10/11,LOW GROWNS,Pothotuwa,FBOP,2300,292.79,53.92
6,2025-02-10/11,LOW GROWNS,Kumudu,FBOP1,1800,292.79,53.92
6,2025-02-10/11,LOW GROWNS,New Batuwangala,FBOP1,1800,292.79,53.92
6,2025-02-10/11,LOW GROWNS,Kings Bru,FBOP1,1700,292.79,53.92
6,2025-02-10/11,LOW GROWNS,Wattahena,FBOP1,1700,292.79,53.92
6,2025-02-10/11,LOW GROWNS,Hidellana,FBOP1,1650,292.79,53.92
6,2025-02-10/11,LOW GROWNS,Sithaka,FBOP1,1650,292.79,53.92
6,2025-02-10/11,LOW GROWNS,Greenwin Super,FBOP1,1650,292.79,53.92
6,2025-02-10/11,LOW GROWNS,New Laksakanda,FBOP1,1650,292.79,53.92
6,2025-02-10/11,LOW GROWNS,Nelunwatta,FBOP1,1650,292.79,53.92
6,2025-02-10/11,LOW GROWNS,Sithaka,FBOPF,1850,292.79,53.92
6,2025-02-10/11,LOW GROWNS,Rotumba,FBOPF,1850,292.79,53.92
6,2025-02-10/11,LOW GROWNS,Lumbini,FBOPF1,1950,292.79,53.92
6,2025-02-10/11,LOW GROWNS,Sineth,FBOPF1,1800,292.79,53.92
6,2025-02-10/11,LOW GROWNS,Pothotuwa,FBOPF1,1500,292.79,53.92
6,2025-02-10/11,LOW GROWNS,Adams View,FBOPF1,1500,292.79,53.92
6,2025-02-10/11,LOW GROWNS,Lellopitiya Super,FBOPF1,1500,292.79,53.92
6,2025-02-10/11,LOW GROWNS,Pothotuwa,BOP1,3200,292.79,53.92
6,2025-02-10/11,LOW GROWNS,Pothotuwa,OP1,3500,292.79,53.92
6,2025-02-10/11,LOW GROWNS,Miriswatta,OP,1800,292.79,53.92
6,2025-02-10/11,LOW GROWNS,Mulatiyana Hills,OP,1700,292.79,53.92
6,2025-02-10/11,LOW GROWNS,Fortune,OP,1650,292.79,53.92
6,2025-02-10/11,LOW GROWNS,Green Lanka,OP,1650,292.79,53.92
6,2025-02-10/11,LOW GROWNS,Makandura,OP,1650,292.79,53.92
6,2025-02-10/11,LOW GROWNS,Liyonta,OP,1650,292.79,53.92
6,2025-02-10/11,LOW GROWNS,Kumudu,OP,1650,292.79,53.92
6,2025-02-10/11,LOW GROWNS,Miriswatta,OPA,1850,292.79,53.92
6,2025-02-10/11,LOW GROWNS,Golden Garden,PEK,2200,292.79,53.92
6,2025-02-10/11,LOW GROWNS,Rajjuruwatta Super,PEKI,2200,292.79,53.92
6,2025-02-10/11,UVA MEDIUM,Shawlands,BOP,1180,292.79,29.74
6,2025-02-10/11,UVA MEDIUM,Dickwella,BOPSp,1400,292.79,29.74
6,2025-02-10/11,UVA MEDIUM,Dickwella,BOPF/BOPFSp,1460,292.79,29.74
6,2025-02-10/11,UVA MEDIUM,Dickwella,BOP1,1900,292.79,29.74
6,2025-02-10/11,UVA MEDIUM,Dickwella,FBOP/FBOPI,1500,292.79,29.74
6,2025-02-10/11,UVA MEDIUM,Sarnia Plaiderie,FBOP/FBOPI,1420,292.79,29.74
6,2025-02-10/11,UVA MEDIUM,Dickwella,FBOPF/FBOPF1,1460,292.79,29.74
6,2025-02-10/11,UVA MEDIUM,Dickwella,OP/OPA,1360,292.79,29.74
6,2025-02-10/11,UVA MEDIUM,Misty-Uva,OP/OPA,1360,292.79,29.74
6,2025-02-10/11,UVA MEDIUM,Pettigalla,OP1,1800,292.79,29.74
6,2025-02-10/11,UVA MEDIUM,Telbedde,OP1,1500,292.79,29.74
6,2025-02-10/11,UVA MEDIUM,Kinellan,OP1,1500,292.79,29.74
6,2025-02-10/11,UVA MEDIUM,Aruna Passara,OP1,1500,292.79,29.74
6,2025-02-10/11,UVA MEDIUM,Shawlands,OP1,1480,292.79,29.74
6,2025-02-10/11,UVA MEDIUM,Misty-Uva,PEK/PEKI,1500,292.79,29.74
6,2025-02-10/11,UVA MEDIUM,Aruna Keppetipola,PEK/PEKI,1500,292.79,29.74
6,2025-02-10/11,UVA MEDIUM,Sarnia Plaiderie,PEK/PEKI,1500,292.79,29.74
6,2025-02-10/11,UVA MEDIUM,Dickwella,PEK/PEK1,1500,292.79,29.74
6,2025-02-10/11,UVA MEDIUM,Aruna Passara,PEK/PEKI,1500,292.79,29.74
6,2025-02-10/11,UVA HIGH,Nayabedde,BOP,1280,292.79,16.5
6,2025-02-10/11,UVA HIGH,Glenanore,BOP,1200,292.79,16.5
6,2025-02-10/11,UVA HIGH,Pitaratmalie,BOP,1200,292.79,16.5
6,2025-02-10/11,UVA HIGH,Aislaby,BOPSP,1360,292.79,16.5
6,2025-02-10/11,UVA HIGH,Nayabedde,BOPF/BOPFSp,1200,292.79,16.5
6,2025-02-10/11,UVA HIGH,Ampittiakande,BOP1,1460,292.79,16.5
6,2025-02-10/11,UVA HIGH,Glenanore,FBOP/FBOPI,1550,292.79,16.5
6,2025-02-10/11,UVA HIGH,Gonamotawa,FBOP/FBOP1,1500,292.79,16.5
6,2025-02-10/11,UVA HIGH,Gonamotawa,FBOPF/FBOPF1,1360,292.79,16.5
6,2025-02-10/11,UVA HIGH,Spring Valley,FBOPF/FBOPFI,1320,292.79,16.5
6,2025-02-10/11,UVA HIGH,Aislaby,FBOPF/FBOPF1,1300,292.79,16.5
6,2025-02-10/11,UVA HIGH,Glenanore,OP/OPA,1380,292.79,16.5
6,2025-02-10/11,UVA HIGH,Uva Highlands,OP1,1460,292.79,16.5
6,2025-02-10/11,UVA HIGH,Glenanore,PEK/PEK1,1480,292.79,16.5
6,2025-02-10/11,UNORTHODOX HIGH,Dunsinane CTC,PF1,1240,292.79,36.53
6,2025-02-10/11,UNORTHODOX MEDIUM,New Peacock CTC,PF1,1200,292.79,36.53
6,2025-02-10/11,UNORTHODOX MEDIUM,Strathdon CTC,PF1,1200,292.79,36.53
6,2025-02-10/11,UNORTHODOX MEDIUM,Delta CTC,BPI,1080,292.79,36.53
6,2025-02-10/11,UNORTHODOX MEDIUM,Donside CTC,BPS,760,292.79,36.53
6,2025-02-10/11,UNORTHODOX LOW,Kalubowitiyana CTC,PF1,1460,292.79,36.53
6,2025-02-10/11,UNORTHODOX LOW,Nelunwatta CTC,BPI,940,292.79,36.53
6,2025-02-10/11,UNORTHODOX LOW,Ross Feld CTC,BPS,750,292.79,36.53
6,2025-02-10/11,PREMIUM FLOWERY,New Hopewell,FBOPFSp,3750,292.79,36.53
6,2025-02-10/11,PREMIUM FLOWERY,Ivy Hills,FBOPFExSp,4750,292.79,36.53
6,2025-02-10/11,PREMIUM FLOWERY,Kamarangapitiya,FBOPFExSp1,4900,292.79,36.53
6,2025-02-10/11,DUSTS,Mattakelle,Dustl,1650,292.79,36.53
6,2025-02-10/11,DUSTS,Hingalgoda CTC,PD,1440,292.79,36.53
6,2025-02-10/11,OFF GRADES,Wattegodde,FGS/FGSI,1220,292.79,36.53
6,2025-02-10/11,OFF GRADES,Holyrood,FGS/FGS1,1220,292.79,36.53
6,2025-02-10/11,OFF GRADES,Wanarajah,FGS/FGS1,1200,292.79,36.53
6,2025-02-10/11,OFF GRADES,Liyonta CTC,PF,980,292.79,36.53
6,2025-02-10/11,OFF GRADES,Glenross,BM,1100,292.79,36.53
6,2025-02-10/11,OFF GRADES,Gunawardena,BM,1000,292.79,36.53
6,2025-02-10/11,OFF GRADES,Galaxy,BM,960,292.79,36.53
6,2025-02-10/11,OFF GRADES,Derangala,BM,960,292.79,36.53
6,2025-02-10/11,OFF GRADES,Chandrika Estate,BP,1360,292.79,36.53
6,2025-02-10/11,OFF GRADES,Chandrika Estate,ΒΟΡΙΑ,1280,292.79,36.53
7,2025-02-18/19,WESTERN MEDIUM,Pothotuwa,BOPI,3150,291.28,39.27
7,2025-02-18/19,WESTERN MEDIUM,Nayapane,BOP,1420,291.28,39.27
7,2025-02-18/19,WESTERN MEDIUM,Greenwood,BOP,1420,291.28,39.27
7,2025-02-18/19,WESTERN MEDIUM,Craighead,BOP,1400,291.28,39.27
7,2025-02-18/19,WESTERN MEDIUM,Harangalla,BOP,1400,291.28,39.27
7,2025-02-18/19,WESTERN MEDIUM,Rilagala,BOPSp,1300,291.28,39.27
7,2025-02-18/19,WESTERN MEDIUM,Doombagastalawa,BOPSp,1280,291.28,39.27
7,2025-02-18/19,WESTERN MEDIUM,Rilagala,BOPSp,1280,291.28,39.27
7,2025-02-18/19,WESTERN MEDIUM,Vellai Oya,BOPF/BOPFSP,1160,291.28,39.27
7,2025-02-18/19,WESTERN MEDIUM,Harangalla,BOP1,1800,291.28,39.27
7,2025-02-18/19,WESTERN MEDIUM,Craighead,FBOP/FBOPI,1850,291.28,39.27
7,2025-02-18/19,WESTERN MEDIUM,Harangalla,FBOP/FBOPI,1850,291.28,39.27
7,2025-02-18/19,WESTERN MEDIUM,Windsorforest,FBOP/FBOPI,1750,291.28,39.27
7,2025-02-18/19,WESTERN MEDIUM,Doombagastalawa,FBOP/FBOPI,1750,291.28,39.27
7,2025-02-18/19,WESTERN MEDIUM,Nayapane,FBOP/FBOPI,1750,291.28,39.27
7,2025-02-18/19,WESTERN MEDIUM,Harangalla,FBOPF/FBOPF1,1650,291.28,39.27
7,2025-02-18/19,WESTERN MEDIUM,Craighead,FBOPF/FBOPFI,1550,291.28,39.27
7,2025-02-18/19,WESTERN MEDIUM,Hayes,OP/OPA,1360,291.28,39.27
7,2025-02-18/19,WESTERN MEDIUM,Pothotuwa,OP1,3450,291.28,39.27
7,2025-02-18/19,WESTERN MEDIUM,New Rothschild,OP1,1800,291.28,39.27
7,2025-02-18/19,WESTERN MEDIUM,Harangalla,OP1,1550,291.28,39.27
7,2025-02-18/19,WESTERN MEDIUM,Kenilworth,OP1,1550,291.28,39.27
7,2025-02-18/19,WESTERN MEDIUM,Miriswatta,OP,1800,291.28,39.27
7,2025-02-18/19,WESTERN MEDIUM,Navinda,OPA,1700,291.28,39.27
7,2025-02-18/19,WESTERN MEDIUM,Liyonta,OPA,1700,291.28,39.27
7,2025-02-18/19,WESTERN MEDIUM,Liyonta,PEK,2250,291.28,39.27
7,2025-02-18/19,WESTERN MEDIUM,Golden Garden,PEKI,2200,291.28,39.27
7,2025-02-18/19,UVA MEDIUM,Halpewatta Uva,BOP,1300,291.28,29.74
7,2025-02-18/19,UVA MEDIUM,Demodera 'S',BOPSp,1160,291.28,29.74
7,2025-02-18/19,UVA MEDIUM,Dickwella,BOPF/BOPFSp,1340,291.28,29.74
7,2025-02-18/19,UVA MEDIUM,El Teb,BOPF/BOPFSp,1140,291.28,29.74
7,2025-02-18/19,UVA MEDIUM,Demodera 'S',BOP1,1750,291.28,29.74
7,2025-02-18/19,UVA MEDIUM,Roseland Uva,FBOP/FBOPI,1600,291.28,29.74
7,2025-02-18/19,UVA MEDIUM,Sarnia Plaiderie,FBOP/FBOPI,1550,291.28,29.74
7,2025-02-18/19,UVA MEDIUM,Aruna Passara,FBOP/FBOΡΙ,1550,291.28,29.74
7,2025-02-18/19,UVA MEDIUM,Craighead,FBOPF/FBOPFI,1300,291.28,29.74
7,2025-02-18/19,UVA MEDIUM,Roseland Uva,FBOPF/FBOPF1,1300,291.28,29.74
7,2025-02-18/19,UVA MEDIUM,Sarnia Plaiderie,FBOPF/FBOPF1,1280,291.28,29.74
7,2025-02-18/19,UVA MEDIUM,Demodera 'S',FBOPF/FBOPFI,1280,291.28,29.74
7,2025-02-18/19,UVA MEDIUM,Dickwella,OP/OPA,1380,291.28,29.74
7,2025-02-18/19,UVA MEDIUM,Hindagala,OP/OPA,1380,291.28,29.74
7,2025-02-18/19,UVA MEDIUM,Sarnia Plaiderie,OP/OPA,1320,291.28,29.74
7,2025-02-18/19,UVA MEDIUM,Dickwella,OP1,1700,291.28,29.74
7,2025-02-18/19,UVA MEDIUM,Dickwella,PEK/PEKI,1550,291.28,29.74
7,2025-02-18/19,UVA MEDIUM,Sarnia Plaiderie,PEK/PEKI,1500,291.28,29.74
7,2025-02-18/19,UVA MEDIUM,Aruna Passara,PEK/PEKI,1500,291.28,29.74
7,2025-02-18/19,WESTERN HIGH,Robgill,BOP,1650,291.28,40
7,2025-02-18/19,WESTERN HIGH,Dessford,BOPSP,1500,291.28,40
7,2025-02-18/19,WESTERN HIGH,Bearwell,BOPSP,1500,291.28,40
7,2025-02-18/19,WESTERN HIGH,Robgill,BOPF/BOPFSp,1750,291.28,40
7,2025-02-18/19,WESTERN HIGH,Alton,BOPF/BOPFSp,1600,291.28,40
7,2025-02-18/19,WESTERN HIGH,Dessford,BOPF/BOPFSp,1600,291.28,40
7,2025-02-18/19,WESTERN HIGH,Alton,BOPF/BOPFSp,1550,291.28,40
7,2025-02-18/19,WESTERN HIGH,Great Western,BOPF/BOPFSp,1550,291.28,40
7,2025-02-18/19,WESTERN HIGH,Somerset,BOPF/BOPFSp,1550,291.28,40
7,2025-02-18/19,WESTERN HIGH,Venture,BOPF/BOPFSp,1650,291.28,40
7,2025-02-18/19,WESTERN HIGH,New Meddecombra,BOPF/BOPFSp,1550,291.28,40
7,2025-02-18/19,WESTERN HIGH,Bambrakelly,BOPF/BOPFSp,1550,291.28,40
7,2025-02-18/19,WESTERN HIGH,Glenloch,BOP1,1400,291.28,40
7,2025-02-18/19,WESTERN HIGH,Glenloch,BOP1,1360,291.28,40
7,2025-02-18/19,WESTERN HIGH,Queensberry,BOP1,1260,291.28,40
7,2025-02-18/19,WESTERN HIGH,New Meddecombra,BOP1,1260,291.28,40
7,2025-02-18/19,WESTERN HIGH,Gartmore,BOP1,1240,291.28,40
7,2025-02-18/19,WESTERN HIGH,Venture,OP/OPA,1300,291.28,40
7,2025-02-18/19,WESTERN HIGH,Bambrakelly,OP/OPA,1300,291.28,40
7,2025-02-18/19,WESTERN HIGH,Venture,OP1,1480,291.28,40
7,2025-02-18/19,WESTERN HIGH,Bambrakelly,OP1,1400,291.28,40
7,2025-02-18/19,WESTERN HIGH,Inverness,OP1,1400,291.28,40
7,2025-02-18/19,WESTERN HIGH,Somerset,PEK/PEKI,1600,291.28,40
7,2025-02-18/19,WESTERN HIGH,Annfield,PEK/PEK1,1440,291.28,40
7,2025-02-18/19,WESTERN HIGH,Mattakelle,PEK/PEKI,1440,291.28,40
7,2025-02-18/19,WESTERN HIGH,Great Western,PEK/PEKI,1440,291.28,40
7,2025-02-18/19,UVA HIGH,Pitaratmalie,BOP,1300,291.28,16.5
7,2025-02-18/19,UVA HIGH,Glenanore,BOP,1180,291.28,16.5
7,2025-02-18/19,UVA HIGH,Nayabedde,BOP,1120,291.28,16.5
7,2025-02-18/19,UVA HIGH,Craig,BOPSP,1240,291.28,16.5
7,2025-02-18/19,UVA HIGH,Nayabedde,BOPSp,1180,291.28,16.5
7,2025-02-18/19,UVA HIGH,Nayabedde,BOPI,1140,291.28,16.5
7,2025-02-18/19,UVA HIGH,Pitaratmalie,FBOP/FBOPI,1140,291.28,16.5
7,2025-02-18/19,UVA HIGH,Bandaraeliya,BOPF/BOPFSp,1080,291.28,16.5
7,2025-02-18/19,UVA HIGH,Craig,FBOP/FBOPI,1500,291.28,16.5
7,2025-02-18/19,UVA HIGH,Glenanore,FBOP/FBOPI,1320,291.28,16.5
7,2025-02-18/19,UVA HIGH,Uva Highlands,FBOP/FBOPI,1550,291.28,16.5
7,2025-02-18/19,UVA HIGH,Glenanore,FBOP/FBOP1,1400,291.28,16.5
7,2025-02-18/19,UVA HIGH,Gonamotawa,FBOPF/FBOPF1,1400,291.28,16.5
7,2025-02-18/19,UVA HIGH,Gonamotawa,FBOPF/FBOPF1,1400,291.28,16.5
7,2025-02-18/19,UVA HIGH,Gonamotawa,OP/OPA,1300,291.28,16.5
7,2025-02-18/19,UVA HIGH,Ellathota Uval,OP/OPA,1300,291.28,16.5
7,2025-02-18/19,UVA HIGH,Craig,OP1,1600,291.28,16.5
7,2025-02-18/19,UVA HIGH,Ranaya,OP1,1480,291.28,16.5
7,2025-02-18/19,UVA HIGH,Gonamotawa,OP1,1460,291.28,16.5
7,2025-02-18/19,UVA HIGH,Craig,PEK/PEKI,1460,291.28,16.5
7,2025-02-18/19,UVA HIGH,Gonamotawa,PEK/PEKI,1460,291.28,16.5
7,2025-02-18/19,NUWARA ELIYAS,Mahagastotte,BOP,1380,291.28,40.36
7,2025-02-18/19,NUWARA ELIYAS,Kenmare,BOPSP,860,291.28,40.36
7,2025-02-18/19,NUWARA ELIYAS,Lovers Leap,BOPF/BOPFSp,1420,291.28,40.36
7,2025-02-18/19,NUWARA ELIYAS,Mahagastotte,BOPF/BOPFSp,1400,291.28,40.36
7,2025-02-18/19,NUWARA ELIYAS,Court Lodge,FBOP/FBOPI,1120,291.28,40.36
7,2025-02-18/19,NUWARA ELIYAS,Court Lodge,OP/OPA,1240,291.28,40.36
7,2025-02-18/19,NUWARA ELIYAS,Mahagastotte,PEK/PEK1,1340,291.28,40.36
7,2025-02-18/19,UDAPUSSELLAWAS,Kirklees,BOP,1180,291.28,32.64
7,2025-02-18/19,UDAPUSSELLAWAS,Luckyland,BOPSP,1000,291.28,32.64
7,2025-02-18/19,UDAPUSSELLAWAS,Mooloya,BOPF/BOPFSp,1140,291.28,32.64
7,2025-02-18/19,UDAPUSSELLAWAS,Delmar,FBOP/FBOP1,1300,291.28,32.64
7,2025-02-18/19,UDAPUSSELLAWAS,Alma,FBOPF/FBOPF1,1400,291.28,32.64
7,2025-02-18/19,UDAPUSSELLAWAS,Delmar,FBOPF/FBOPF1,1240,291.28,32.64
7,2025-02-18/19,UDAPUSSELLAWAS,Alma,OP/OPA,1380,291.28,32.64
7,2025-02-18/19,UDAPUSSELLAWAS,Blairlomond,OP/OPA,1280,291.28,32.64
7,2025-02-18/19,UDAPUSSELLAWAS,Alma,OP1,1500,291.28,32.64
7,2025-02-18/19,UDAPUSSELLAWAS,Delmar,OP1,1380,291.28,32.64
7,2025-02-18/19,UDAPUSSELLAWAS,Alma,PEK/PEKI,1550,291.28,32.64
7,2025-02-18/19,UDAPUSSELLAWAS,Blairlomond,PEK/PEKI,1480,291.28,32.64
7,2025-02-18/19,LOW GROWNS,Wattahena,BOP,2050,291.28,53.92
7,2025-02-18/19,LOW GROWNS,Andaradeniya Super,BOP,1850,291.28,53.92
7,2025-02-18/19,LOW GROWNS,Pothotuwa,BOP,1750,291.28,53.92
7,2025-02-18/19,LOW GROWNS,Dellawa,BOP,1750,291.28,53.92
7,2025-02-18/19,LOW GROWNS,Bogoda Group,BOPSP,1600,291.28,53.92
7,2025-02-18/19,LOW GROWNS,Ceciliyan,BOPSP,1600,291.28,53.92
7,2025-02-18/19,LOW GROWNS,Ceciliyan,BOPF,1850,291.28,53.92
7,2025-02-18/19,LOW GROWNS,Pothotuwa,BOPF,1750,291.28,53.92
7,2025-02-18/19,LOW GROWNS,Sithaka,BOPF,1750,291.28,53.92
7,2025-02-18/19,LOW GROWNS,Rajjuruwatta Super,BOPFSp,1700,291.28,53.92
7,2025-02-18/19,LOW GROWNS,Sithaka,FBOP,2300,291.28,53.92
7,2025-02-18/19,LOW GROWNS,Adams View,FBOP,2200,291.28,53.92
7,2025-02-18/19,LOW GROWNS,Golden Garden,FBOP,2100,291.28,53.92
7,2025-02-18/19,LOW GROWNS,Pothotuwa,FBOP,2100,291.28,53.92
7,2025-02-18/19,LOW GROWNS,Sithaka,FBOP1,2050,291.28,53.92
7,2025-02-18/19,LOW GROWNS,Kiruwanaganga,FBOPF,1700,291.28,53.92
7,2025-02-18/19,LOW GROWNS,Sithaka,FBOPF,1500,291.28,53.92
7,2025-02-18/19,LOW GROWNS,Hidellana,FBOPF,1420,291.28,53.92
7,2025-02-18/19,LOW GROWNS,Matuwagalla Super,FBOPF,1420,291.28,53.92
7,2025-02-18/19,LOW GROWNS,Halwitigala Smallholders,FBOPF,1420,291.28,53.92
7,2025-02-18/19,LOW GROWNS,Lumbini,FBOPF1,2050,291.28,53.92
7,2025-02-18/19,UNORTHODOX HIGH,Dunsinane CTC,PF1,1220,291.28,36.53
7,2025-02-18/19,UNORTHODOX MEDIUM,Strathdon CTC,PF1,1200,291.28,36.53
7,2025-02-18/19,UNORTHODOX MEDIUM,New Peacock CTC,PF1,1200,291.28,36.53
7,2025-02-18/19,UNORTHODOX MEDIUM,Delta CTC,BP1,1040,291.28,36.53
7,2025-02-18/19,UNORTHODOX MEDIUM,Aultmore CTC,BPS,1080,291.28,36.53
7,2025-02-18/19,UNORTHODOX LOW,Kalubowitiyana CTC,PF1,1460,291.28,36.53
7,2025-02-18/19,UNORTHODOX LOW,Hingalgoda CTC,PF1,1460,291.28,36.53
7,2025-02-18/19,UNORTHODOX LOW,Ceciliyan CTC,BPI,1160,291.28,36.53
7,2025-02-18/19,UNORTHODOX LOW,Ross Feld CTC,BPS,790,291.28,36.53
7,2025-02-18/19,PREMIUM FLOWERY,Ganganee,FBOPFSp,3600,291.28,36.53
7,2025-02-18/19,PREMIUM FLOWERY,Fortune,FBOPFSP,3100,291.28,36.53
7,2025-02-18/19,PREMIUM FLOWERY,Rathmalgoda Super,FBOPFExSp,4550,291.28,36.53
7,2025-02-18/19,PREMIUM FLOWERY,Rajjuruwatta Super,FBOPFExSp1,3950,291.28,36.53
7,2025-02-18/19,DUSTS,Wattegodde,DUST1,1800,291.28,36.53
7,2025-02-18/19,DUSTS,Kalubowitiyana CTC,PD,1400,291.28,36.53
7,2025-02-18/19,OFF GRADES,Wanarajah,FGS/FGS1,1220,291.28,36.53
7,2025-02-18/19,OFF GRADES,Wattegodde,FGS/FGS1,1220,291.28,36.53
7,2025-02-18/19,OFF GRADES,Mattakelle,FGS/FGS1,1180,291.28,36.53
7,2025-02-18/19,OFF GRADES,Bogawantalawa,FGS/FGSI,1160,291.28,36.53
7,2025-02-18/19,OFF GRADES,Liyonta CTC,PF,1000,291.28,36.53
7,2025-02-18/19,OFF GRADES,Gunawardena,BM,1000,291.28,36.53
7,2025-02-18/19,OFF GRADES,Uplands,BM,1000,291.28,36.53
7,2025-02-18/19,OFF GRADES,Moragalla 'Al',BM,960,291.28,36.53
7,2025-02-18/19,OFF GRADES,Lakshmi.,BM,960,291.28,36.53
7,2025-02-18/19,OFF GRADES,Suwishka,BP,1340,291.28,36.53
7,2025-02-18/19,OFF GRADES,Kiruwanaganga,BP,1280,291.28,36.53
7,2025-02-18/19,OFF GRADES,Chandrika Estate,BP,1280,291.28,36.53
7,2025-02-18/19,OFF GRADES,New Sunils,BP,1280,291.28,36.53
7,2025-02-18/19,OFF GRADES,Chandrika Estate,BOPIA,1240,291.28,36.53
8,2025-02-25/26,WESTERN MEDIUM,Ancoombra,BOP,1500,291.43,39.27
8,2025-02-25/26,WESTERN MEDIUM,Dartry Valley,BOP,1400,291.43,39.27
8,2025-02-25/26,WESTERN MEDIUM,Hatale,BOP,1380,291.43,39.27
8,2025-02-25/26,WESTERN MEDIUM,Dartry Valley,BOPF/BOPFSp,1280,291.43,39.27
8,2025-02-25/26,WESTERN MEDIUM,Harangalla,BOPI,1600,291.43,39.27
8,2025-02-25/26,WESTERN MEDIUM,Craighead,FBOP/FBOPI,1750,291.43,39.27
8,2025-02-25/26,WESTERN MEDIUM,Craighead,FBOPF/FBOPF1,1550,291.43,39.27
8,2025-02-25/26,WESTERN MEDIUM,Dartry Valley,FBOPF/FBOPFI,1550,291.43,39.27
8,2025-02-25/26,WESTERN MEDIUM,Harangalla,FBOPF/FBOPF1,1550,291.43,39.27
8,2025-02-25/26,WESTERN MEDIUM,Hatale,OP/OPA,1260,291.43,39.27
8,2025-02-25/26,WESTERN MEDIUM,Craighead,OP1,1650,291.43,39.27
8,2025-02-25/26,WESTERN MEDIUM,Greenwood,PEK/PEKI,1850,291.43,39.27
8,2025-02-25/26,WESTERN MEDIUM,Dartry Valley,PEK/PEKI,1700,291.43,39.27
8,2025-02-25/26,WESTERN MEDIUM,Harangalla,OP1,1700,291.43,39.27
8,2025-02-25/26,WESTERN MEDIUM,Meezan,PEK/PEKI,1700,291.43,39.27
8,2025-02-25/26,WESTERN HIGH,Robgill,BOP,1550,291.43,40
8,2025-02-25/26,WESTERN HIGH,Robgill,BOPSP,1650,291.43,40
8,2025-02-25/26,WESTERN HIGH,Ingestre,BOPSP,1500,291.43,40
8,2025-02-25/26,WESTERN HIGH,Mattakelle,BOPSp,1500,291.43,40
8,2025-02-25/26,WESTERN HIGH,Robgill,BOPF/BOPFSp,1850,291.43,40
8,2025-02-25/26,WESTERN HIGH,Alton,BOPF/BOPFSp,1850,291.43,40
8,2025-02-25/26,WESTERN HIGH,Dessford,BOPF/BOPFSp,1700,291.43,40
8,2025-02-25/26,WESTERN HIGH,Tillyrie,BOPF/BOPFSp,1140,291.43,40
8,2025-02-25/26,WESTERN HIGH,Great Western,BOPF/BOPFSp,1650,291.43,40
8,2025-02-25/26,WESTERN HIGH,St Andrews,FBOP/FBOPI,1360,291.43,40
8,2025-02-25/26,WESTERN HIGH,St Andrews,FBOPF/FBOPF1,1550,291.43,40
8,2025-02-25/26,WESTERN HIGH,Bambrakelly,FBOP/FBOPI,1280,291.43,40
8,2025-02-25/26,WESTERN HIGH,Venture,OP/OPA,1320,291.43,40
8,2025-02-25/26,WESTERN HIGH,St Andrews,OP/OPA,1600,291.43,40
8,2025-02-25/26,WESTERN HIGH,Inverness,OP1,1500,291.43,40
8,2025-02-25/26,WESTERN HIGH,Great Western,PEK/PEK1,1460,291.43,40
8,2025-02-25/26,WESTERN HIGH,Dessford,PEK/PEK1,1600,291.43,40
8,2025-02-25/26,WESTERN HIGH,Annfield,PEK/PEKI,1600,291.43,40
8,2025-02-25/26,NUWARA ELIYAS,Mahagastotte,BOP,1400,291.43,40.36
8,2025-02-25/26,NUWARA ELIYAS,Lovers Leap,BOP,1400,291.43,40.36
8,2025-02-25/26,NUWARA ELIYAS,Kenmare,BOPSP,1060,291.43,40.36
8,2025-02-25/26,NUWARA ELIYAS,Mahagastotte,BOPF/BOPFSp,1460,291.43,40.36
8,2025-02-25/26,NUWARA ELIYAS,Court Lodge,FBOP/FBOP1,1300,291.43,40.36
8,2025-02-25/26,NUWARA ELIYAS,Kenmare,OP/OPA,1180,291.43,40.36
8,2025-02-25/26,NUWARA ELIYAS,Lovers Leap,PEK/PEKI,1400,291.43,40.36
8,2025-02-25/26,UDAPUSSELLAWAS,High Forest,BOP,1000,291.43,32.64
8,2025-02-25/26,UDAPUSSELLAWAS,Mooloya,BOP,1000,291.43,32.64
8,2025-02-25/26,UDAPUSSELLAWAS,Kirklees,BOPSP,1120,291.43,32.64
8,2025-02-25/26,UDAPUSSELLAWAS,Mooloya,BOPF/BOPFSp,1120,291.43,32.64
8,2025-02-25/26,UDAPUSSELLAWAS,Alma,FBOP/FBOP1,1380,291.43,32.64
8,2025-02-25/26,UDAPUSSELLAWAS,Blailomond,FBOP/FBOPI,1240,291.43,32.64
8,2025-02-25/26,UDAPUSSELLAWAS,Alma,FBOPF/FBOPF1,1240,291.43,32.64
8,2025-02-25/26,UDAPUSSELLAWAS,Maha Uva,OP/OPA,1320,291.43,32.64
8,2025-02-25/26,UDAPUSSELLAWAS,Alma,PEK/PEKI,1500,291.43,32.64
8,2025-02-25/26,UDAPUSSELLAWAS,Maha Uva,PEK/PEK1,1400,291.43,32.64
8,2025-02-25/26,LOW GROWNS,Mulatiyana Hills,BOP,2100,291.43,53.92
8,2025-02-25/26,LOW GROWNS,Mahaliyadda,BOP,2100,291.43,53.92
8,2025-02-25/26,LOW GROWNS,Kiruwanaganga,BOP,2000,291.43,53.92
8,2025-02-25/26,LOW GROWNS,Bogoda Group,BOPSp,1750,291.43,53.92
8,2025-02-25/26,LOW GROWNS,Sithaka,BOPF,1800,291.43,53.92
8,2025-02-25/26,LOW GROWNS,Rajjuruwatta Super,BOPFSp,1900,291.43,53.92
8,2025-02-25/26,LOW GROWNS,Mulatiyana Hills,FBOP,2700,291.43,53.92
8,2025-02-25/26,LOW GROWNS,Dampahala,FBOP,2700,291.43,53.92
8,2025-02-25/26,LOW GROWNS,Sithaka,FBOP,2400,291.43,53.92
8,2025-02-25/26,LOW GROWNS,Galatara,FBOP,2400,291.43,53.92
8,2025-02-25/26,LOW GROWNS,Pothotuwa,FBOP,2300,291.43,53.92
8,2025-02-25/26,LOW GROWNS,Kolonna Super,FBOP1,2200,291.43,53.92
8,2025-02-25/26,LOW GROWNS,Gunawardena,FBOP1,1900,291.43,53.92
8,2025-02-25/26,LOW GROWNS,Wattahena,FBOP1,1900,291.43,53.92
8,2025-02-25/26,LOW GROWNS,Hidellana,FBOP1,1850,291.43,53.92
8,2025-02-25/26,LOW GROWNS,Halwitigala Smallholders,FBOP1,1850,291.43,53.92
8,2025-02-25/26,LOW GROWNS,Katanwila,FBOPF,2150,291.43,53.92
8,2025-02-25/26,LOW GROWNS,Fortune,FBOPF,1800,291.43,53.92
8,2025-02-25/26,LOW GROWNS,Nilella Garden,FBOPF,1750,291.43,53.92
8,2025-02-25/26,LOW GROWNS,Morawakkorale,FBOPF,1750,291.43,53.92
8,2025-02-25/26,LOW GROWNS,Danawala,FBOPF,1750,291.43,53.92
8,2025-02-25/26,LOW GROWNS,Pothotuwa,FBOPF1,1650,291.43,53.92
8,2025-02-25/26,LOW GROWNS,Gunawardena,FBOPF1,1650,291.43,53.92
8,2025-02-25/26,LOW GROWNS,Adams View,FBOPF1,1650,291.43,53.92
8,2025-02-25/26,LOW GROWNS,Sunrise,FBOPF1,1550,291.43,53.92
8,2025-02-25/26,LOW GROWNS,Garden Leaf,FBOPF1,1500,291.43,53.92
8,2025-02-25/26,LOW GROWNS,Kiruwanaganga,FBOPF1,1500,291.43,53.92
8,2025-02-25/26,LOW GROWNS,Galaxy,FBOPF1,1500,291.43,53.92
8,2025-02-25/26,LOW GROWNS,Sithaka,FBOPF1,1500,291.43,53.92
8,2025-02-25/26,LOW GROWNS,Lellopitiya Super,FBOPF1,1500,291.43,53.92
8,2025-02-25/26,LOW GROWNS,Makandura,FBOPF1,1500,291.43,53.92
8,2025-02-25/26,LOW GROWNS,Pothotuwa,BOP1,3100,291.43,53.92
8,2025-02-25/26,LOW GROWNS,Pothotuwa,OP1,3450,291.43,53.92
8,2025-02-25/26,LOW GROWNS,Miriswatta,OP,1900,291.43,53.92
8,2025-02-25/26,LOW GROWNS,Liyonta,OPA,1900,291.43,53.92
8,2025-02-25/26,LOW GROWNS,Lakvinka,PEK,2150,291.43,53.92
8,2025-02-25/26,LOW GROWNS,Andaradeniya Super,PEKI,2300,291.43,53.92
8,2025-02-25/26,UVA MEDIUM,Roseland Uva,BOP,1240,291.43,29.74
8,2025-02-25/26,UVA MEDIUM,Hindagala,BOPSp,1280,291.43,29.74
8,2025-02-25/26,UVA MEDIUM,Demodera 'S',BOPSP,1200,291.43,29.74
8,2025-02-25/26,UVA MEDIUM,Dickwella,BOPF/BOPFSp,1320,291.43,29.74
8,2025-02-25/26,UVA MEDIUM,El Teb,BOPF/BOPFSp,1100,291.43,29.74
8,2025-02-25/26,UVA MEDIUM,Sarnia Plaiderie,BOP1,1700,291.43,29.74
8,2025-02-25/26,UVA MEDIUM,Sarnia Plaiderie,FBOP/FBOPI,1600,291.43,29.74
8,2025-02-25/26,UVA MEDIUM,Tinioya,FBOPF/FBOPF1,1360,291.43,29.74
8,2025-02-25/26,UVA MEDIUM,Tinioya,OP/OPA,1280,291.43,29.74
8,2025-02-25/26,UVA MEDIUM,Sarnia Plaiderie,OP/OPA,1360,291.43,29.74
8,2025-02-25/26,UVA MEDIUM,Shawlands,OP/OPA,1260,291.43,29.74
8,2025-02-25/26,UVA MEDIUM,Dickwella,OP1,1700,291.43,29.74
8,2025-02-25/26,UVA MEDIUM,Aruna Passara,PEK/PEK1,1260,291.43,29.74
8,2025-02-25/26,UVA MEDIUM,Telbedde,PEK/PEKI,1600,291.43,29.74
8,2025-02-25/26,UVA MEDIUM,Dickwella,PEK/PEKI,1650,291.43,29.74
8,2025-02-25/26,UVA MEDIUM,Sarnia Plaiderie,PEK/PEKI,1550,291.43,29.74
8,2025-02-25/26,UVA MEDIUM,Halpewatte Uva,PEK/PEKI,1550,291.43,29.74
8,2025-02-25/26,UVA HIGH,Pitaratmalie,BOP,1120,291.43,16.5
8,2025-02-25/26,UVA HIGH,Glenanore,BOP,1080,291.43,16.5
8,2025-02-25/26,UVA HIGH,Bandaraeliya,BOP,1080,291.43,16.5
8,2025-02-25/26,UVA HIGH,Nayabedde,BOPSp,1140,291.43,16.5
8,2025-02-25/26,UVA HIGH,Pitaratmalie,BOPF/BOPFSp,1160,291.43,16.5
8,2025-02-25/26,UVA HIGH,Bandaraeliya,BOPF/BOPFSp,1650,291.43,16.5
8,2025-02-25/26,UVA HIGH,Gonamotawa,BOPI,1600,291.43,16.5
8,2025-02-25/26,UVA HIGH,Gonamotawa,BOP1,1550,291.43,16.5
8,2025-02-25/26,UVA HIGH,Uva Highlands,FBOP/FBOPI,1300,291.43,16.5
8,2025-02-25/26,UVA HIGH,Spring Valley,FBOPF/FBOPF1,1550,291.43,16.5
8,2025-02-25/26,UVA HIGH,Ampittiakande,FBOPF/FBOPF1,1320,291.43,16.5
8,2025-02-25/26,UVA HIGH,Battawatte,OP1,1300,291.43,16.5
8,2025-02-25/26,UVA HIGH,Uva Highlands,OP1,1550,291.43,16.5
8,2025-02-25/26,UVA HIGH,Needwood Super,PEK/PEKI,1700,291.43,16.5
8,2025-02-25/26,UVA HIGH,Glenanore,PEK/PEK1,1440,291.43,16.5
8,2025-02-25/26,UVA HIGH,Uvakellie,PEK/PEKI,1440,291.43,16.5
8,2025-02-25/26,UNORTHODOX HIGH,Dunsinane CTC,PF1,1200,291.43,36.53
8,2025-02-25/26,UNORTHODOX MEDIUM,New Peacock CTC,PF1,1180,291.43,36.53
8,2025-02-25/26,UNORTHODOX MEDIUM,Strathdon CTC,PF1,1180,291.43,36.53
8,2025-02-25/26,UNORTHODOX MEDIUM,Delta CTC,BP1,960,291.43,36.53
8,2025-02-25/26,UNORTHODOX MEDIUM,Strathdon CTC,BPS,1160,291.43,36.53
8,2025-02-25/26,UNORTHODOX LOW,Kalubowitiyana CTC,PF1,1480,291.43,36.53
8,2025-02-25/26,UNORTHODOX LOW,Ceciliyan CTC,BPI,1140,291.43,36.53
8,2025-02-25/26,UNORTHODOX LOW,Ross Feld CTC,BPS,820,291.43,36.53
8,2025-02-25/26,PREMIUM FLOWERY,Kendalanda,FBOPFSp,3800,291.43,36.53
8,2025-02-25/26,PREMIUM FLOWERY,New Deniyaya,FBOPFExSp,4800,291.43,36.53
8,2025-02-25/26,PREMIUM FLOWERY,Lions,FBOPFExSp,4800,291.43,36.53
8,2025-02-25/26,PREMIUM FLOWERY,Kamarangapitiya,FBOPFExSp1,5050,291.43,36.53
8,2025-02-25/26,DUSTS,Mattakelle,DUST 1,1600,291.43,36.53
8,2025-02-25/26,DUSTS,Ceciliyan CTC,PD,1400,291.43,36.53
8,2025-02-25/26,OFF GRADES,Stockholm,FGS/FGS1,1260,291.43,36.53
8,2025-02-25/26,OFF GRADES,Hingalgoda CTC,PF,1240,291.43,36.53
8,2025-02-25/26,OFF GRADES,Gunawardena,BM,1080,291.43,36.53
8,2025-02-25/26,OFF GRADES,Chandrika Estate,BP,1300,291.43,36.53
8,2025-02-25/26,OFF GRADES,Chandrika Estate,ΒΟΡΙΑ,1300,291.43,36.53
9,2025-03-04/05,WESTERN MEDIUM,Doombagastalawa,BOP,1500,290.99,39.27
9,2025-03-04/05,WESTERN MEDIUM,Harangalla,BOP,1420,290.99,39.27
9,2025-03-04/05,WESTERN MEDIUM,Craighead,BOP,1400,290.99,39.27
9,2025-03-04/05,WESTERN MEDIUM,Kenilworth,BOP,1400,290.99,39.27
9,2025-03-04/05,WESTERN MEDIUM,Ancoombra,BOPSp,1460,290.99,39.27
9,2025-03-04/05,WESTERN MEDIUM,Windsorforest,BOPSP,1320,290.99,39.27
9,2025-03-04/05,WESTERN MEDIUM,Hill Castle,BOPSP,1320,290.99,39.27
9,2025-03-04/05,WESTERN MEDIUM,Rilagala,BOPSp,1300,290.99,39.27
9,2025-03-04/05,WESTERN MEDIUM,Andaradeniya Super,BOPF/BOPFSp,1200,290.99,39.27
9,2025-03-04/05,WESTERN MEDIUM,Craighead,BOPI,1900,290.99,39.27
9,2025-03-04/05,WESTERN MEDIUM,Nayapane,BOPI,1500,290.99,39.27
9,2025-03-04/05,WESTERN MEDIUM,Hanthana Hills,BOPI,1500,290.99,39.27
9,2025-03-04/05,WESTERN MEDIUM,Craighead,FBOP/FBOPI,1900,290.99,39.27
9,2025-03-04/05,WESTERN MEDIUM,Harangalla,FBOP/FBOPI,1700,290.99,39.27
9,2025-03-04/05,WESTERN MEDIUM,Datry Valley,FBOP/FBOPI,1700,290.99,39.27
9,2025-03-04/05,WESTERN MEDIUM,New Rothschild,FBOP/FBOPI,1700,290.99,39.27
9,2025-03-04/05,WESTERN MEDIUM,Roseland Uva,FBOP/FBOPI,1650,290.99,39.27
9,2025-03-04/05,WESTERN MEDIUM,Craighead,FBOPF/FBOPF1,1650,290.99,39.27
9,2025-03-04/05,WESTERN MEDIUM,Hayes,OP/OPA,1400,290.99,39.27
9,2025-03-04/05,WESTERN MEDIUM,Pothotuwa,OP1,3400,290.99,39.27
9,2025-03-04/05,WESTERN MEDIUM,Miriswatta,OP,1700,290.99,39.27
9,2025-03-04/05,WESTERN MEDIUM,Liyonta,OPA,1900,290.99,39.27
9,2025-03-04/05,WESTERN MEDIUM,Lumbini Hill,PEK,2250,290.99,39.27
9,2025-03-04/05,WESTERN MEDIUM,Dampahala,PEKI,2200,290.99,39.27
9,2025-03-04/05,WESTERN MEDIUM,Vellai Oya,PEKI,2200,290.99,39.27
9,2025-03-04/05,WESTERN MEDIUM,Mulatiyana Hills,PEKI,2200,290.99,39.27
9,2025-03-04/05,WESTERN MEDIUM,Hidellana,PEK1,2150,290.99,39.27
9,2025-03-04/05,WESTERN MEDIUM,Golden Garden,PEKI,2150,290.99,39.27
9,2025-03-04/05,WESTERN MEDIUM,Galatara,PEKI,2150,290.99,39.27
9,2025-03-04/05,WESTERN MEDIUM,Stream Line,PEKI,2150,290.99,39.27
9,2025-03-04/05,WESTERN HIGH,Robgill,BOP,1950,290.99,34.34
9,2025-03-04/05,WESTERN HIGH,Dessford,BOP,1950,290.99,34.34
9,2025-03-04/05,WESTERN HIGH,Somerset,BOP,1500,290.99,34.34
9,2025-03-04/05,WESTERN HIGH,Robgill,BOPSp,1900,290.99,34.34
9,2025-03-04/05,WESTERN HIGH,Roseland Uva,BOPF/BOPFSP,1850,290.99,34.34
9,2025-03-04/05,WESTERN HIGH,Inverness,BOP1,1600,290.99,34.34
9,2025-03-04/05,WESTERN HIGH,Glenloch,BOP1,1550,290.99,34.34
9,2025-03-04/05,WESTERN HIGH,Cymru,FBOP/FBOPI,1600,290.99,34.34
9,2025-03-04/05,WESTERN HIGH,Bambarakelly,FBOP/FBOPI,1320,290.99,34.34
9,2025-03-04/05,WESTERN HIGH,Torrington,FBOP/FBOPI,1500,290.99,34.34
9,2025-03-04/05,WESTERN HIGH,Queensberry,FBOP/FBOPI,1460,290.99,34.34
9,2025-03-04/05,WESTERN HIGH,Inverness,FBOPF/FBOPF1,1550,290.99,34.34
9,2025-03-04/05,WESTERN HIGH,Queensberry,FBOPF/FBOPFI,1380,290.99,34.34
9,2025-03-04/05,WESTERN HIGH,Glenloch,FBOPF/FBOPF1,1380,290.99,34.34
9,2025-03-04/05,WESTERN HIGH,Venture,OP/OPA,1380,290.99,34.34
9,2025-03-04/05,WESTERN HIGH,Venture,OP1,1550,290.99,34.34
9,2025-03-04/05,WESTERN HIGH,Holyrood,PEK/PEKI,1750,290.99,34.34
9,2025-03-04/05,WESTERN HIGH,Somerset,PEK/PEKI,1750,290.99,34.34
9,2025-03-04/05,WESTERN HIGH,Dessford,PEK/PEKI,1750,290.99,34.34
9,2025-03-04/05,WESTERN HIGH,Annfield,PEK/PEKI,1500,290.99,34.34
9,2025-03-04/05,NUWARA ELIYAS,Lovers Leap,BOP,1500,290.99,40.36
9,2025-03-04/05,NUWARA ELIYAS,Kenmare,BOPSP,980,290.99,40.36
9,2025-03-04/05,NUWARA ELIYAS,Mahagastotte,BOPF/BOPFSp,1550,290.99,40.36
9,2025-03-04/05,NUWARA ELIYAS,Court Lodge,FBOP/FBOPI,1400,290.99,40.36
9,2025-03-04/05,NUWARA ELIYAS,Kenmare,FBOP/FBOPI,1380,290.99,40.36
9,2025-03-04/05,NUWARA ELIYAS,Court Lodge,OP/OPA,1220,290.99,40.36
9,2025-03-04/05,NUWARA ELIYAS,Kenmare,OP/OPA,1160,290.99,40.36
9,2025-03-04/05,NUWARA ELIYAS,Mahagastotte,PEK/PEK1,1300,290.99,40.36
9,2025-03-04/05,UDAPUSSELLAWAS,Kirklees,BOP,1040,290.99,32.64
9,2025-03-04/05,UDAPUSSELLAWAS,Luckland,BOP,1040,290.99,32.64
9,2025-03-04/05,UDAPUSSELLAWAS,Kirklees,BOPSP,960,290.99,32.64
9,2025-03-04/05,UDAPUSSELLAWAS,Luckyland,BOPF/BOPFSp,1100,290.99,32.64
9,2025-03-04/05,UDAPUSSELLAWAS,Blairlomond,FBOP/FBOPI,1460,290.99,32.64
9,2025-03-04/05,UDAPUSSELLAWAS,Blairlomond,FBOPF/FBOPF1,1380,290.99,32.64
9,2025-03-04/05,UDAPUSSELLAWAS,Delmar,FBOPF/FBOPF1,1360,290.99,32.64
9,2025-03-04/05,UDAPUSSELLAWAS,Delmar,OP/OPA,1260,290.99,32.64
9,2025-03-04/05,UDAPUSSELLAWAS,Blairlomond,OP/OPA,1220,290.99,32.64
9,2025-03-04/05,UDAPUSSELLAWAS,Blairlomond,OP1,1300,290.99,32.64
9,2025-03-04/05,UDAPUSSELLAWAS,Delmar,PEK/PEK1,1440,290.99,32.64
9,2025-03-04/05,LOW GROWNS,Golden Garden,BOP,1950,290.99,53.92
9,2025-03-04/05,LOW GROWNS,Kelani,BOPSP,1800,290.99,53.92
9,2025-03-04/05,LOW GROWNS,Gunawardena,BOPSP,1650,290.99,53.92
9,2025-03-04/05,LOW GROWNS,Sithaka,BOPF,1900,290.99,53.92
9,2025-03-04/05,LOW GROWNS,Pothotuwa,BOPF,1650,290.99,53.92
9,2025-03-04/05,LOW GROWNS,Dellawa,BOPF,1650,290.99,53.92
9,2025-03-04/05,LOW GROWNS,Kiruwanaganga,BOPF,1400,290.99,53.92
9,2025-03-04/05,LOW GROWNS,Ransegoda Hills,BOPFSp,1650,290.99,53.92
9,2025-03-04/05,LOW GROWNS,Sithaka,FBOP,2750,290.99,53.92
9,2025-03-04/05,LOW GROWNS,Kiruwanaganga,FBOP,2550,290.99,53.92
9,2025-03-04/05,LOW GROWNS,Adams View,FBOP,2500,290.99,53.92
9,2025-03-04/05,LOW GROWNS,Galatara,FBOP,2500,290.99,53.92
9,2025-03-04/05,LOW GROWNS,Lions,FBOP,2500,290.99,53.92
9,2025-03-04/05,LOW GROWNS,Ceciliyan,FBOP1,1950,290.99,53.92
9,2025-03-04/05,LOW GROWNS,Richiland,FBOPF,2400,290.99,53.92
9,2025-03-04/05,LOW GROWNS,Pothotuwa,FBOPF1,1700,290.99,53.92
9,2025-03-04/05,LOW GROWNS,Galatara,FBOPF1,1700,290.99,53.92
9,2025-03-04/05,LOW GROWNS,Makandura,FBOPF1,1700,290.99,53.92
9,2025-03-04/05,LOW GROWNS,Gunawardena,FBOPF1,1650,290.99,53.92
9,2025-03-04/05,LOW GROWNS,New Hopewell,FBOPF1,1600,290.99,53.92
9,2025-03-04/05,LOW GROWNS,Adams View,FBOPF1,1600,290.99,53.92
9,2025-03-04/05,LOW GROWNS,Pothotuwa,BOP1,3000,290.99,53.92
9,2025-03-04/05,LOW GROWNS,Pothotuwa,OP1,3400,290.99,53.92
9,2025-03-04/05,LOW GROWNS,Miriswatta,OP,1700,290.99,53.92
9,2025-03-04/05,LOW GROWNS,Liyonta,OPA,1900,290.99,53.92
9,2025-03-04/05,LOW GROWNS,Lakvinka,PEK,2150,290.99,53.92
9,2025-03-04/05,LOW GROWNS,Andaradeniya Super,PEKI,2300,290.99,53.92
9,2025-03-04/05,UVA MEDIUM,Imboolpitiya,BOP,1000,290.99,29.74
9,2025-03-04/05,UVA MEDIUM,Hindagala,BOPSp,1300,290.99,29.74
9,2025-03-04/05,UVA MEDIUM,Ambrosia Uva,BOPSP,1240,290.99,29.74
9,2025-03-04/05,UVA MEDIUM,Blossoms Uva Tea,BOPSP,1360,290.99,29.74
9,2025-03-04/05,UVA MEDIUM,El Teb,BOPF/BOPFSp,1140,290.99,29.74
9,2025-03-04/05,UVA MEDIUM,Aruna Passara,BOP1,1550,290.99,29.74
9,2025-03-04/05,UVA MEDIUM,Roseland Uva,FBOP/FBOP1,1750,290.99,29.74
9,2025-03-04/05,UVA MEDIUM,Dickwella,FBOP/FBOPI,1550,290.99,29.74
9,2025-03-04/05,UVA MEDIUM,Sarnia Plaiderie,FBOPF/FBOPF1,1500,290.99,29.74
9,2025-03-04/05,UVA MEDIUM,Dickwella,OP1,1750,290.99,29.74
9,2025-03-04/05,UVA MEDIUM,Haputale Super,OP1,1600,290.99,29.74
9,2025-02-25/26,UVA MEDIUM,Misty Uva,OP1,1600,290.99,29.74
9,2025-03-04/05,UVA MEDIUM,Rathkelle Uva,OP1,1600,290.99,29.74
9,2025-03-04/05,UVA MEDIUM,Shawlands,PEK/PEKI,1500,290.99,29.74
9,2025-03-04/05,UVA MEDIUM,Cecilton,PEK/PEKI,1500,290.99,29.74
9,2025-03-04/05,UVA MEDIUM,Misty Uva,PEK/PEKI,1480,290.99,29.74
9,2025-03-04/05,UVA MEDIUM,Adawatte,PEK/PEKI,1480,290.99,29.74
9,2025-03-04/05,UVA MEDIUM,Robgill,PEK/PEKI,1480,290.99,29.74
9,2025-03-04/05,UVA MEDIUM,Tinioya,PEK/PEKI,1480,290.99,29.74
9,2025-03-04/05,WESTERN HIGH,Robgill,BOP,1950,290.99,34.34
9,2025-03-04/05,WESTERN HIGH,Dessford,BOP,1950,290.99,34.34
9,2025-03-04/05,WESTERN HIGH,Somerset,BOP,1500,290.99,34.34
9,2025-03-04/05,WESTERN HIGH,Robgill,BOPF/BOPFSP,1850,290.99,34.34
9,2025-03-04/05,WESTERN HIGH,Roseland Uva,BOPF/BOPFSP,1850,290.99,34.34
9,2025-03-04/05,WESTERN HIGH,Inverness,BOP1,1600,290.99,34.34
9,2025-03-04/05,WESTERN HIGH,Glenloch,BOP1,1550,290.99,34.34
9,2025-03-04/05,WESTERN HIGH,Cymru,FBOP/FBOPI,1600,290.99,34.34
9,2025-03-04/05,WESTERN HIGH,Bambarakelly,FBOP/FBOPI,1320,290.99,34.34
9,2025-03-04/05,WESTERN HIGH,Torrington,FBOP/FBOPI,1500,290.99,34.34
9,2025-03-04/05,WESTERN HIGH,Queensberry,FBOP/FBOPI,1460,290.99,34.34
9,2025-03-04/05,WESTERN HIGH,Inverness,FBOPF/FBOPF1,1550,290.99,34.34
9,2025-03-04/05,WESTERN HIGH,Queensberry,FBOPF/FBOPFI,1380,290.99,34.34
9,2025-03-04/05,WESTERN HIGH,Glenloch,FBOPF/FBOPF1,1380,290.99,34.34
9,2025-03-04/05,WESTERN HIGH,Venture,OP/OPA,1380,290.99,34.34
9,2025-03-04/05,WESTERN HIGH,Venture,OP1,1550,290.99,34.34
9,2025-03-04/05,WESTERN HIGH,Holyrood,PEK/PEKI,1750,290.99,34.34
9,2025-03-04/05,WESTERN HIGH,Somerset,PEK/PEKI,1750,290.99,34.34
9,2025-03-04/05,WESTERN HIGH,Dessford,PEK/PEKI,1750,290.99,34.34
9,2025-03-04/05,WESTERN HIGH,Annfield,PEK/PEKI,1500,290.99,34.34
9,2025-03-04/05,UVA HIGH,Pitaratmalie,BOP,1600,290.99,16.5
9,2025-03-04/05,UVA HIGH,Glenanore,BOP,1550,290.99,16.5
9,2025-03-04/05,UVA HIGH,Bandaraeliya,BOPF/BOPFSp,1260,290.99,16.5
9,2025-03-04/05,UVA HIGH,Uva Highlands,BOP1,1750,290.99,16.5
9,2025-03-04/05,UVA HIGH,Uva Highlands,FBOP/FBOPI,1550,290.99,16.5
9,2025-03-04/05,UVA HIGH,Glenanore,FBOP/FBOPI,1550,290.99,16.5
9,2025-03-04/05,UVA HIGH,Glenanore,FBOPF/FBOPF1,1380,290.99,16.5
9,2025-03-04/05,UVA HIGH,Ellathota Uva,OP/OPA,1460,290.99,16.5
9,2025-03-04/05,UVA HIGH,Uva Highlands,OP1,1600,290.99,16.5
9,2025-03-04/05,UVA HIGH,Glenanore,PEK/PEKI,1550,290.99,16.5
9,2025-03-04/05,UVA HIGH,Ellathota Uva,PEK/PEKI,1500,290.99,16.5
9,2025-03-04/05,UVA HIGH,Battawatte,PEK/PEK1,1500,290.99,16.5
9,2025-03-04/05,NUWARA ELIYAS,Lovers Leap,BOP,1500,290.99,40.36
9,2025-03-04/05,NUWARA ELIYAS,Kenmare,BOPSP,980,290.99,40.36
9,2025-03-04/05,NUWARA ELIYAS,Mahagastotte,BOPF/BOPFSp,1550,290.99,40.36
9,2025-03-04/05,NUWARA ELIYAS,Court Lodge,FBOP/FBOPI,1400,290.99,40.36
9,2025-03-04/05,NUWARA ELIYAS,Kenmare,FBOP/FBOPI,1380,290.99,40.36
9,2025-03-04/05,NUWARA ELIYAS,Court Lodge,OP/OPA,1220,290.99,40.36
9,2025-03-04/05,NUWARA ELIYAS,Kenmare,OP/OPA,1160,290.99,40.36
9,2025-03-04/05,NUWARA ELIYAS,Mahagastotte,PEK/PEK1,1300,290.99,40.36
9,2025-03-04/05,UDAPUSSELLAWAS,Kirklees,BOP,1040,290.99,32.64
9,2025-03-04/05,UDAPUSSELLAWAS,Luckland,BOP,1040,290.99,32.64
9,2025-03-04/05,UDAPUSSELLAWAS,Kirklees,BOPSP,960,290.99,32.64
9,2025-03-04/05,UDAPUSSELLAWAS,Luckyland,BOPF/BOPFSp,1100,290.99,32.64
9,2025-03-04/05,UDAPUSSELLAWAS,Blairlomond,FBOP/FBOPI,1460,290.99,32.64
9,2025-03-04/05,UDAPUSSELLAWAS,Blairlomond,FBOPF/FBOPF1,1380,290.99,32.64
9,2025-03-04/05,UDAPUSSELLAWAS,Delmar,FBOPF/FBOPF1,1360,290.99,32.64
9,2025-03-04/05,UDAPUSSELLAWAS,Delmar,OP/OPA,1260,290.99,32.64
9,2025-03-04/05,UDAPUSSELLAWAS,Blairlomond,OP/OPA,1220,290.99,32.64
9,2025-03-04/05,UDAPUSSELLAWAS,Blairlomond,OP1,1300,290.99,32.64
9,2025-03-04/05,UDAPUSSELLAWAS,Delmar,PEK/PEK1,1440,290.99,32.64
9,2025-03-04/05,LOW GROWNS,Golden Garden,BOP,1950,290.99,53.92
9,2025-03-04/05,LOW GROWNS,Kelani,BOPSP,1800,290.99,53.92
9,2025-03-04/05,LOW GROWNS,Gunawardena,BOPSP,1650,290.99,53.92
9,2025-03-04/05,LOW GROWNS,Sithaka,BOPF,1900,290.99,53.92
9,2025-03-04/05,LOW GROWNS,Pothotuwa,BOPF,1650,290.99,53.92
9,2025-03-04/05,LOW GROWNS,Dellawa,BOPF,1650,290.99,53.92
9,2025-03-04/05,LOW GROWNS,Kiruwanaganga,BOPF,1400,290.99,53.92
9,2025-03-04/05,LOW GROWNS,Ransegoda Hills,BOPFSp,1650,290.99,53.92
9,2025-03-04/05,LOW GROWNS,Sithaka,FBOP,2750,290.99,53.92
9,2025-03-04/05,LOW GROWNS,Kiruwanaganga,FBOP,2550,290.99,53.92
9,2025-03-04/05,LOW GROWNS,Adams View,FBOP,2500,290.99,53.92
9,2025-03-04/05,LOW GROWNS,Galatara,FBOP,2500,290.99,53.92
9,2025-03-04/05,LOW GROWNS,Lions,FBOP,2500,290.99,53.92
9,2025-03-04/05,LOW GROWNS,Ceciliyan,FBOP1,1950,290.99,53.92
9,2025-03-04/05,LOW GROWNS,Richiland,FBOPF,2400,290.99,53.92
9,2025-03-04/05,LOW GROWNS,Pothotuwa,FBOPF1,1700,290.99,53.92
9,2025-03-04/05,LOW GROWNS,Galatara,FBOPF1,1700,290.99,53.92
9,2025-03-04/05,LOW GROWNS,Makandura,FBOPF1,1700,290.99,53.92
9,2025-03-04/05,LOW GROWNS,Gunawardena,FBOPF1,1650,290.99,53.92
9,2025-03-04/05,LOW GROWNS,New Hopewell,FBOPF1,1600,290.99,53.92
9,2025-03-04/05,LOW GROWNS,Adams View,FBOPF1,1600,290.99,53.92
9,2025-03-04/05,LOW GROWNS,Pothotuwa,BOP1,3000,290.99,53.92
9,2025-03-04/05,LOW GROWNS,Pothotuwa,OP1,3400,290.99,53.92
9,2025-03-04/05,LOW GROWNS,Miriswatta,OP,1700,290.99,53.92
9,2025-03-04/05,LOW GROWNS,Liyonta,OPA,1900,290.99,53.92
9,2025-03-04/05,LOW GROWNS,Lakvinka,PEK,2150,290.99,53.92
9,2025-03-04/05,LOW GROWNS,Andaradeniya Super,PEKI,2300,290.99,53.92
9,2025-03-04/05,UNORTHODOX HIGH,Dunsinane CTC,PF1,1240,290.99,36.53
9,2025-03-04/05,UNORTHODOX MEDIUM,New Peacock CTC,PF1,1220,290.99,36.53
9,2025-03-04/05,UNORTHODOX MEDIUM,New Peacock CTC,BP1,1300,290.99,36.53
9,2025-03-04/05,UNORTHODOX MEDIUM,Aultmore CTC,BPS,1000,290.99,36.53
9,2025-03-04/05,UNORTHODOX LOW,Kalubowitiyana CTC,PF1,1500,290.99,36.53
9,2025-03-04/05,UNORTHODOX LOW,Ceciliyan CTC,BPI,1160,290.99,36.53
9,2025-03-04/05,UNORTHODOX LOW,Lantern Hill CTC,BPS,860,290.99,36.53
9,2025-03-04/05,PREMIUM FLOWERY,Kurunduwatta,FBOPFSp,4100,290.99,36.53
9,2025-03-04/05,PREMIUM FLOWERY,HPP Tea,FBOPFEXSP,4400,290.99,36.53
9,2025-03-04/05,PREMIUM FLOWERY,Greenwin Super,FBOPFEXSP1,4050,290.99,36.53
9,2025-03-04/05,PREMIUM FLOWERY,Kendalanda,FBOPFEXSP1,4000,290.99,36.53
9,2025-03-04/05,PREMIUM FLOWERY,Kiruwanaganga,FBOPFEXSP1,3900,290.99,36.53
9,2025-03-04/05,DUSTS,Mattakelle,DUST 1,1650,290.99,36.53
9,2025-03-04/05,DUSTS,Kalubowitiyana CTC,PD,1480,290.99,36.53
9,2025-03-04/05,OFF GRADES,Holyrood,FGS/FGS1,1260,290.99,36.53
9,2025-03-04/05,OFF GRADES,Wanarajah,FGS/FGS1,1240,290.99,36.53
9,2025-03-04/05,OFF GRADES,Hingalgoda CTC,PF,1220,290.99,36.53
9,2025-03-04/05,OFF GRADES,Dellawa CTC,PF,1020,290.99,36.53
9,2025-03-04/05,OFF GRADES,Bogoda,BM,1080,290.99,36.53
9,2025-03-04/05,OFF GRADES,Nilgiri,BP,1650,290.99,36.53
9,2025-03-04/05,OFF GRADES,Ransegoda Hills,BP,1400,290.99,36.53
9,2025-03-04/05,OFF GRADES,Nandana,BP,1300,290.99,36.53
9,2025-03-04/05,OFF GRADES,Bogoda,BP,1300,290.99,36.53
9,2025-03-04/05,OFF GRADES,New Kandedola,BP,1280,290.99,36.53
9,2025-03-04/05,OFF GRADES,Chandrika Estate,BP,1280,290.99,36.53
9,2025-03-04/05,OFF GRADES,Fairyland,BP,1280,290.99,36.53
9,2025-03-04/05,OFF GRADES,Chandrika Estate,ΒΟΡΙΑ,1380,290.99,36.53
10,2025-03-10/11,WESTERN MEDIUM,Hatale,BOP,1500,291.25,39.27
10,2025-03-10/11,WESTERN MEDIUM,Dartry Valley,BOP,1460,291.25,39.27
10,2025-03-10/11,WESTERN MEDIUM,Ancoombra,BOPSP,1600,291.25,39.27
10,2025-03-10/11,WESTERN MEDIUM,Vellai Oya,BOPF/BOPFSp,1220,291.25,39.27
10,2025-03-10/11,WESTERN MEDIUM,Dartry Valley,BOPI,1700,291.25,39.27
10,2025-03-10/11,WESTERN MEDIUM,Cooroondoowatte,BOPSP,1650,291.25,39.27
10,2025-03-10/11,WESTERN MEDIUM,Harangalla,BOP1,1650,291.25,39.27
10,2025-03-10/11,WESTERN MEDIUM,Dartry Valley,FBOP/FBOPI,1650,291.25,39.27
10,2025-03-10/11,WESTERN MEDIUM,Imboolpitia,FBOP/FBOΡΙ,1600,291.25,39.27
10,2025-03-10/11,WESTERN MEDIUM,Nayapane,FBOP/FBOPI,1600,291.25,39.27
10,2025-03-10/11,WESTERN MEDIUM,Ancoombra,FBOP/FBOPI,1600,291.25,39.27
10,2025-03-10/11,WESTERN MEDIUM,Doombagastalawa,FBOP/FBOPI,1550,291.25,39.27
10,2025-03-10/11,WESTERN MEDIUM,Rilagala,FBOP/FBOΡΙ,1550,291.25,39.27
10,2025-03-10/11,WESTERN MEDIUM,Hatale,FBOP/FBOΡΙ,1550,291.25,39.27
10,2025-03-10/11,WESTERN MEDIUM,Galgewatta,FBOP/FBOPI,1550,291.25,39.27
10,2025-03-10/11,WESTERN MEDIUM,Craighead,FBOPF/FBOPF1,1650,291.25,39.27
10,2025-03-10/11,WESTERN MEDIUM,Dartry Valley,FBOPF/FBOPFI,1650,291.25,39.27
10,2025-03-10/11,WESTERN MEDIUM,Meezan,OP/OPA,1420,291.25,39.27
10,2025-03-10/11,WESTERN MEDIUM,Orange Field,OP1,1600,291.25,39.27
10,2025-03-10/11,WESTERN MEDIUM,Dartry Valley,OP1,1700,291.25,39.27
10,2025-03-10/11,WESTERN MEDIUM,Greenwood,OP1,1700,291.25,39.27
10,2025-03-10/11,WESTERN MEDIUM,Miriswatta,OPA,1900,291.25,39.27
10,2025-03-10/11,WESTERN MEDIUM,Mulatiyana Hills,PEK,2200,291.25,39.27
10,2025-03-10/11,WESTERN MEDIUM,New Batuwangala,PEKI,2250,291.25,39.27
10,2025-03-10/11,WESTERN HIGH,Somerset,BOP,3050,291.25,34.34
10,2025-03-10/11,WESTERN HIGH,Robgill,BOP,2200,291.25,34.34
10,2025-03-10/11,WESTERN HIGH,Robgill,BOP,2100,291.25,34.34
10,2025-03-10/11,WESTERN HIGH,Robgill,BOPSP,2100,291.25,34.34
10,2025-03-10/11,WESTERN HIGH,Wattegodde,BOPSP,1650,291.25,34.34
10,2025-03-10/11,WESTERN HIGH,Somerset,BOPSP,1650,291.25,34.34
10,2025-03-10/11,WESTERN HIGH,Annfield,BOPSP,1500,291.25,34.34
10,2025-03-10/11,WESTERN HIGH,Great Western,BOPSP,1500,291.25,34.34
10,2025-03-10/11,WESTERN HIGH,Robgill,BOPF/BOPFSp,1950,291.25,34.34
10,2025-03-10/11,WESTERN HIGH,Tillyrie,BOPF/BOPFSP,1700,291.25,34.34
10,2025-03-10/11,WESTERN HIGH,Torrington,BOPI,1550,291.25,34.34
10,2025-03-10/11,WESTERN HIGH,Bambarakelly,FBOP/FBOPI,1600,291.25,34.34
10,2025-03-10/11,WESTERN HIGH,Torrington,FBOP/FBOPI,1500,291.25,34.34
10,2025-03-10/11,WESTERN HIGH,Queensberry,FBOP/FBOPI,1480,291.25,34.34
10,2025-03-10/11,WESTERN HIGH,Bogahawatte,FBOPF/FBOPFI,1360,291.25,34.34
10,2025-03-10/11,WESTERN HIGH,Venture,OP1,1500,291.25,34.34
10,2025-03-10/11,WESTERN HIGH,Somerset,PEK/PEK1,2000,291.25,34.34
10,2025-03-10/11,UVA MEDIUM,Demodera 'S',BOP,1400,291.25,29.74
10,2025-03-10/11,UVA MEDIUM,Ambrosia Uva,BOPSP,1220,291.25,29.74
10,2025-03-10/11,UVA MEDIUM,Dickwella,BOPI,1180,291.25,29.74
10,2025-03-10/11,UVA MEDIUM,Demodera 'S',BOPSP,1180,291.25,29.74
10,2025-03-10/11,UVA MEDIUM,Dickwella,BOP1,2000,291.25,29.74
10,2025-03-10/11,UVA MEDIUM,Demodera 'S',FBOP/FBOPI,1650,291.25,29.74
10,2025-03-10/11,UVA MEDIUM,Telbedde,FBOP/FBOP1,1600,291.25,29.74
10,2025-03-10/11,UVA MEDIUM,Roseland Uva,FBOP/FBOPI,1600,291.25,29.74
10,2025-03-10/11,UVA MEDIUM,Sarnia Plaiderie,FBOP/FBOPI,1550,291.25,29.74
10,2025-03-10/11,UVA MEDIUM,Dickwella,FBOP/FBOPI,1550,291.25,29.74
10,2025-03-10/11,UVA MEDIUM,Demodera 'S',FBOP/FBOP1,1500,291.25,29.74
10,2025-03-10/11,UVA MEDIUM,Craighead,FBOPF/FBOPF1,1650,291.25,29.74
10,2025-03-10/11,UVA MEDIUM,Sarnia Plaiderie,FBOPF/FBOPF1,1650,291.25,29.74
10,2025-03-10/11,UVA MEDIUM,Halpewatte Uva,OP/OPA,1320,291.25,29.74
10,2025-03-10/11,UVA MEDIUM,Hindgala,OP/OPA,1320,291.25,29.74
10,2025-03-10/11,UVA MEDIUM,Misty-Uva,OP1,1600,291.25,29.74
10,2025-03-10/11,UVA MEDIUM,Telbedde,PEK/PEKI,1600,291.25,29.74
10,2025-03-10/11,UVA MEDIUM,Sarnia Plaiderie,PEK/PEK1,1600,291.25,29.74
10,2025-03-10/11,UVA MEDIUM,Aruna Passara,PEK/PEKI,1650,291.25,29.74
10,2025-03-10/11,UVA HIGH,Glenanore,BOP,1300,291.25,16.5
10,2025-03-10/11,UVA HIGH,Nayabedde,BOPSP,1140,291.25,16.5
10,2025-03-10/11,UVA HIGH,Gonamotawa,BOPSP,1120,291.25,16.5
10,2025-03-10/11,UVA HIGH,Nayabedde,BOPF/BOPFSp,1180,291.25,16.5
10,2025-03-10/11,UVA HIGH,Uva Highlands,BOPI,1950,291.25,16.5
10,2025-03-10/11,UVA HIGH,Glenanore,FBOP/FBOP1,1600,291.25,16.5
10,2025-03-10/11,UVA HIGH,Battawatte,FBOPF/FBOPF1,1380,291.25,16.5
10,2025-03-10/11,UVA HIGH,Uvakellie,FBOPF/FBOPF1,1360,291.25,16.5
10,2025-03-10/11,UVA HIGH,Glenanore,FBOPF/FBOPF1,1340,291.25,16.5
10,2025-03-10/11,UVA HIGH,Uva Highlands,OP1,1650,291.25,16.5
10,2025-03-10/11,UVA HIGH,Gonamotawa,PEK/PEKI,1600,291.25,16.5
10,2025-03-10/11,NUWARA ELIYAS,Court lodge,BOP,1200,291.25,40.36
10,2025-03-10/11,NUWARA ELIYAS,Kenmare,BOPSP,1040,291.25,40.36
10,2025-03-10/11,NUWARA ELIYAS,Mahagastotte,BOPF/BOPFSp,1420,291.25,40.36
10,2025-03-10/11,NUWARA ELIYAS,Court lodge,FBOP/FBOPI,1420,291.25,40.36
10,2025-03-10/11,NUWARA ELIYAS,Kenmare,FBOP/FBOPI,1380,291.25,40.36
10,2025-03-10/11,NUWARA ELIYAS,Kenmare,OP/OPA,1240,291.25,40.36
10,2025-03-10/11,NUWARA ELIYAS,Mahagastotte,PEK/PEKI,1420,291.25,40.36
10,2025-03-10/11,UDAPUSSELLAWAS,Kirklees,BOP,1040,291.25,32.64
10,2025-03-10/11,UDAPUSSELLAWAS,Delmar,BOPSP,1200,291.25,32.64
10,2025-03-10/11,UDAPUSSELLAWAS,Luckyland,BOPF/BOPFSp,1160,291.25,32.64
10,2025-03-10/11,UDAPUSSELLAWAS,Maha Uva,BOPI,1460,291.25,32.64
10,2025-03-10/11,UDAPUSSELLAWAS,Delmar,FBOP/FBOPI,1460,291.25,32.64
10,2025-03-10/11,UDAPUSSELLAWAS,Blairlomond,FBOP/FBOPI,1340,291.25,32.64
10,2025-03-10/11,UDAPUSSELLAWAS,Delmar,FBOPF/FBOPF1,1320,291.25,32.64
10,2025-03-10/11,UDAPUSSELLAWAS,Blairlomond,FBOPF/FBOPF1,1280,291.25,32.64
10,2025-03-10/11,UDAPUSSELLAWAS,Maha Uva,OP/OPA,1340,291.25,32.64
10,2025-03-10/11,UDAPUSSELLAWAS,Blairlomond,PEK/PEKI,1360,291.25,32.64
10,2025-03-10/11,UDAPUSSELLAWAS,Maha Uva,PEK/PEKI,1300,291.25,32.64
10,2025-03-10/11,UDAPUSSELLAWAS,Gonapitiya,PEK/PEKI,1300,291.25,32.64
10,2025-03-10/11,UDAPUSSELLAWAS,High Forest,PEK/PEKI,1220,291.25,32.64
10,2025-03-10/11,LOW GROWNS,Lions,BOP,2200,291.25,53.92
10,2025-03-10/11,LOW GROWNS,Lellopitiya Super,BOPSP,1650,291.25,53.92
10,2025-03-10/11,LOW GROWNS,Sithaka,BOPF,1850,291.25,53.92
10,2025-03-10/11,LOW GROWNS,Rajjuruwatta Super,BOPFSp,1550,291.25,53.92
10,2025-03-10/11,LOW GROWNS,Dampahala,BOPFSp,1550,291.25,53.92
10,2025-03-10/11,LOW GROWNS,Sithaka,FBOP,2450,291.25,53.92
10,2025-03-10/11,LOW GROWNS,Hedigalla,FBOP,2350,291.25,53.92
10,2025-03-10/11,LOW GROWNS,Pothotuwa,FBOP,2300,291.25,53.92
10,2025-03-10/11,LOW GROWNS,Mulatiyana Hills,FBOP,2300,291.25,53.92
10,2025-03-10/11,LOW GROWNS,Galatara,FBOP,2300,291.25,53.92
10,2025-03-10/11,LOW GROWNS,Kolonna Super,FBOP1,2150,291.25,53.92
10,2025-03-10/11,LOW GROWNS,Danawala,FBOPF,1900,291.25,53.92
10,2025-03-10/11,LOW GROWNS,New Kandedola,FBOPF,1800,291.25,53.92
10,2025-03-10/11,LOW GROWNS,Pothotuwa,FBOPF1,1750,291.25,53.92
10,2025-03-10/11,LOW GROWNS,Sineth,FBOPF1,1750,291.25,53.92
10,2025-03-10/11,LOW GROWNS,Kolonna Super,FBOPF1,1700,291.25,53.92
10,2025-03-10/11,LOW GROWNS,Adams View,FBOPF1,1650,291.25,53.92
10,2025-03-10/11,LOW GROWNS,Makandura,FBOPF1,1650,291.25,53.92
10,2025-03-10/11,LOW GROWNS,Pothotuwa,BOP1,3000,291.25,53.92
10,2025-03-10/11,LOW GROWNS,Gunawardana,OP1,3400,291.25,53.92
10,2025-03-10/11,LOW GROWNS,Pothotuwa,OP1,3250,291.25,53.92
10,2025-03-10/11,LOW GROWNS,Mulatiyana Hills,OP,1650,291.25,53.92
10,2025-03-10/11,LOW GROWNS,Mahaliyadda,OP,1650,291.25,53.92
10,2025-03-10/11,UNORTHODOX HIGH,Dunsinane CTC,PF1,1220,291.25,36.53
10,2025-03-10/11,UNORTHODOX HIGH,Ulugedara CTC,PF1,1220,291.25,36.53
10,2025-03-10/11,UNORTHODOX HIGH,Florence CTC,PF1,1220,291.25,36.53
10,2025-03-10/11,UNORTHODOX HIGH,Mount Vernon CTC,BPS,940,291.25,36.53
10,2025-03-10/11,UNORTHODOX MEDIUM,New peacock CTC,PF1,1220,291.25,36.53
10,2025-03-10/11,UNORTHODOX MEDIUM,New peacock CTC,BPI,1220,291.25,36.53
10,2025-03-10/11,UNORTHODOX MEDIUM,Stathdon CTC,BPS,1080,291.25,36.53
10,2025-03-10/11,UNORTHODOX LOW,Kalubowitiyana CTC,PF1,1500,291.25,36.53
10,2025-03-10/11,UNORTHODOX LOW,Hingalgoda CTC,PF1,1500,291.25,36.53
10,2025-03-10/11,UNORTHODOX LOW,Nelunwatta CTC,BPI,980,291.25,36.53
10,2025-03-10/11,UNORTHODOX LOW,Canora CTC,BPS,850,291.25,36.53
10,2025-03-10/11,PREMIUM FLOWERY,Ranmeer,FBOPFSp,4500,291.25,36.53
10,2025-03-10/11,PREMIUM FLOWERY,Kiruwanaganga,FBOPFSp,4300,291.25,36.53
10,2025-03-10/11,PREMIUM FLOWERY,New Hopewell,FBOPFSp,4050,291.25,36.53
10,2025-03-10/11,PREMIUM FLOWERY,New Batuwangala,FBOPFEXSp,5050,291.25,36.53
10,2025-03-10/11,PREMIUM FLOWERY,Ivy Hills,FBOPFEXSP,4500,291.25,36.53
10,2025-03-10/11,PREMIUM FLOWERY,New Deniyaya,FBOPFEXSP,4450,291.25,36.53
10,2025-03-10/11,PREMIUM FLOWERY,Muswenna,FBOPFEXSp1,4950,291.25,36.53
10,2025-03-10/11,PREMIUM FLOWERY,Kiruwanaganga,FBOPFEXSp1,4550,291.25,36.53
10,2025-03-10/11,PREMIUM FLOWERY,Garden Leaf,FBOPFEXSp1,3900,291.25,36.53
10,2025-03-10/11,DUSTS,Mattakelle,DUST 1,1650,291.25,36.53
10,2025-03-10/11,DUSTS,Kalubowitiyana CTC,PD,1460,291.25,36.53
10,2025-03-10/11,OFF GRADES,Wanarajah,FGS/FGS1,1280,291.25,36.53
10,2025-03-10/11,OFF GRADES,Liyonta CTC,PF,1060,291.25,36.53
10,2025-03-10/11,OFF GRADES,Gunawardena,BM,1180,291.25,36.53
10,2025-03-10/11,OFF GRADES,Wewelkandura Super,BP,1280,291.25,36.53
10,2025-03-10/11,OFF GRADES,Allen Valley,BP,1280,291.25,36.53
10,2025-03-10/11,OFF GRADES,Chandrika Estate,ΒΟΡΙΑ,1380,291.25,36.53
11,2025-03-18/19,WESTERN MEDIUM,Ancoombra,BOP,1550,292,39.27
11,2025-03-18/19,WESTERN MEDIUM,Uplands,BOP,1550,292,39.27
11,2025-03-18/19,WESTERN MEDIUM,Dartry Valley,BOP,1500,292,39.27
11,2025-03-18/19,WESTERN MEDIUM,Doombagastalawa,BOP,1500,292,39.27
11,2025-03-18/19,WESTERN MEDIUM,Nayapane,BOP,1500,292,39.27
11,2025-03-18/19,WESTERN MEDIUM,Harangalla,BOP,1480,292,39.27
11,2025-03-18/19,WESTERN MEDIUM,Hatale,BOPSP,1420,292,39.27
11,2025-03-18/19,WESTERN MEDIUM,Vellai Oya,BOPF/BOPFSP,1180,292,39.27
11,2025-03-18/19,WESTERN MEDIUM,Ancoombra,BOPI,1750,292,39.27
11,2025-03-18/19,WESTERN MEDIUM,Dartry Valley,FBOP/FBOPI,1750,292,39.27
11,2025-03-18/19,WESTERN MEDIUM,Harangalla,FBOP/FBOPI,1700,292,39.27
11,2025-03-18/19,WESTERN MEDIUM,Imboolpittia,FBOP/FBOPI,1600,292,39.27
11,2025-03-18/19,WESTERN MEDIUM,Nayapane,FBOP/FBOPI,1600,292,39.27
11,2025-03-18/19,WESTERN MEDIUM,New Rothschild,FBOP/FBOPI,1600,292,39.27
11,2025-03-18/19,WESTERN MEDIUM,Dartry Valley,FBOPF/FBOPF1,1650,292,39.27
11,2025-03-18/19,WESTERN MEDIUM,Meezan,OP/OPA,1380,292,39.27
11,2025-03-18/19,WESTERN MEDIUM,Hatale,OP/OPA,1380,292,39.27
11,2025-03-18/19,WESTERN MEDIUM,Craighead,OP1,1950,292,39.27
11,2025-03-18/19,WESTERN MEDIUM,Harangalla,OP1,1600,292,39.27
11,2025-03-18/19,WESTERN MEDIUM,Ancoombra,OP1,1600,292,39.27
11,2025-03-18/19,WESTERN MEDIUM,Harangalla,PEK/PEKI,1800,292,39.27
11,2025-03-18/19,WESTERN HIGH,Great Western,BOP,2750,292,34.34
11,2025-03-18/19,WESTERN HIGH,Dessford,BOP,2150,292,34.34
11,2025-03-18/19,WESTERN HIGH,Wattegodde,BOP,2100,292,34.34
11,2025-03-18/19,WESTERN HIGH,Robgill,BOPSP,1900,292,34.34
11,2025-03-18/19,WESTERN HIGH,Holyrood,BOPSP,1650,292,34.34
11,2025-03-18/19,WESTERN HIGH,Robgill,BOPF/BOPFSp,1650,292,34.34
11,2025-03-18/19,WESTERN HIGH,Gouravilla,BOPF/BOPFSp,1600,292,34.34
11,2025-03-18/19,WESTERN HIGH,Wattegodde,BOPF/BOPFSp,1600,292,34.34
11,2025-03-18/19,WESTERN HIGH,Great Western,BOPF/BOPFSp,1600,292,34.34
11,2025-03-18/19,WESTERN HIGH,Torrington,BOPI,1460,292,34.34
11,2025-03-18/19,WESTERN HIGH,Inverness,FBOP/FBOPI,1550,292,34.34
11,2025-03-18/19,WESTERN HIGH,Bambarakelly,FBOP/FBOPI,1550,292,34.34
11,2025-03-18/19,WESTERN HIGH,Queensberry,FBOP/FBOPI,1480,292,34.34
11,2025-03-18/19,WESTERN HIGH,Torrington,FBOP/FBOΡΙ,1440,292,34.34
11,2025-03-18/19,WESTERN HIGH,Inverness,FBOPF/FBOPF1,1460,292,34.34
11,2025-03-18/19,WESTERN HIGH,Torrington,OP/OPA,1320,292,34.34
11,2025-03-18/19,WESTERN HIGH,Venture,OP/OPA,1320,292,34.34
11,2025-03-18/19,WESTERN HIGH,Venture,OP1,1480,292,34.34
11,2025-03-18/19,WESTERN HIGH,Annfield,PEK/PEK1,1550,292,34.34
11,2025-03-18/19,WESTERN HIGH,Frotoft Super,PEK/PEKI,1550,292,34.34
11,2025-03-18/19,WESTERN HIGH,Wattegodde,PEK/PEK1,1480,292,34.34
11,2025-03-18/19,WESTERN HIGH,Mattakelle,PEK/PEKI,1480,292,34.34
11,2025-03-18/19,WESTERN HIGH,Great Western,PEK/PEKI,1440,292,34.34
11,2025-03-18/19,UVA MEDIUM,Halpewatte Uva,BOP,1460,292,29.74
11,2025-03-18/19,UVA MEDIUM,Hindagala,BOPSP,1200,292,29.74
11,2025-03-18/19,UVA MEDIUM,Dickwella,BOPF/BOPFSp,1420,292,29.74
11,2025-03-18/19,UVA MEDIUM,Dickwella,BOP1,1950,292,29.74
11,2025-03-18/19,UVA MEDIUM,Demodera 'S',BOP1,1950,292,29.74
11,2025-03-18/19,UVA MEDIUM,Sarnia Plaiderie,FBOP/FBOPI,1650,292,29.74
11,2025-03-18/19,UVA MEDIUM,Telbedde,FBOP/FBOΡΙ,1650,292,29.74
11,2025-03-18/19,UVA MEDIUM,Sarnia Plaiderie,FBOPF/FBOPF1,1500,292,29.74
11,2025-03-18/19,UVA MEDIUM,Cecilton,OP/OPA,1420,292,29.74
11,2025-03-18/19,UVA MEDIUM,Misty-Uva,OP/OPA,1380,292,29.74
11,2025-03-18/19,UVA MEDIUM,Dickwella,OP1,1900,292,29.74
11,2025-03-18/19,UVA MEDIUM,Telbedde,OP1,1850,292,29.74
11,2025-03-18/19,UVA MEDIUM,Sarnia Plaiderie,PEK/PEKI,1600,292,29.74
11,2025-03-18/19,UVA MEDIUM,Misty-Uva,PEK/PEK1,1600,292,29.74
11,2025-03-18/19,UVA MEDIUM,Gonamotawa,PEK/PEKI,1550,292,29.74
11,2025-03-18/19,UVA HIGH,Pitaratmalie,BOP,1220,292,16.5
11,2025-03-18/19,UVA HIGH,Poonagalla,BOPSP,900,292,16.5
11,2025-03-18/19,UVA HIGH,Ampittiakande,BOPSP,900,292,16.5
11,2025-03-18/19,UVA HIGH,Nayabedde,BOPF/BOPFSP,1180,292,16.5
11,2025-03-18/19,UVA HIGH,Uva Highlands,BOP1,1800,292,16.5
11,2025-03-18/19,UVA HIGH,Glenanore,BOPI,1550,292,16.5
11,2025-03-18/19,UVA HIGH,Ellathota Uva,BOP1,1500,292,16.5
11,2025-03-18/19,UVA HIGH,Battawatte,BOP1,1500,292,16.5
11,2025-03-18/19,UVA HIGH,Gonamotawa,FBOP/FBOP1,1600,292,16.5
11,2025-03-18/19,UVA HIGH,Glenanore,FBOP/FBOPI,1600,292,16.5
11,2025-03-18/19,UVA HIGH,Uva Highlands,FBOP/FBOPI,1550,292,16.5
11,2025-03-18/19,UVA HIGH,Gonamotawa,FBOPF/FBOPF1,1440,292,16.5
11,2025-03-18/19,UVA HIGH,Battawatte,OP/OPA,1380,292,16.5
11,2025-03-18/19,UVA HIGH,Ellathota Uva,OP/OPA,1340,292,16.5
11,2025-03-18/19,UVA HIGH,Mount Uva,OP/OPA,1340,292,16.5
11,2025-03-18/19,UVA HIGH,Uva Highlands,OP1,1600,292,16.5
11,2025-03-18/19,UVA HIGH,Ellathota Uva,OP1,1550,292,16.5
11,2025-03-18/19,UVA HIGH,Battawatte,OP1,1550,292,16.5
11,2025-03-18/19,UVA HIGH,Battawatte,PEK/PEK1,1600,292,16.5
11,2025-03-18/19,NUWARA ELIYAS,Kenmare,BOP,1000,292,40.36
11,2025-03-18/19,NUWARA ELIYAS,Kenmare,BOPSP,1020,292,40.36
11,2025-03-18/19,NUWARA ELIYAS,Lovers Leap,BOPF/BOPFSp,1500,292,40.36
11,2025-03-18/19,NUWARA ELIYAS,Mahagastotte,BOPF/BOPFSP,1380,292,40.36
11,2025-03-18/19,NUWARA ELIYAS,Court Lodge,BOPF/BOPFSp,1340,292,40.36
11,2025-03-18/19,NUWARA ELIYAS,Kenmare,FBOP/FBOP1,1320,292,40.36
11,2025-03-18/19,NUWARA ELIYAS,Kenmare,OP/OPA,1200,292,40.36
11,2025-03-18/19,NUWARA ELIYAS,Lovers Leap,PEK/PEKI,1440,292,40.36
11,2025-03-18/19,UDAPUSSELLAWAS,Kirklees,BOP,1040,292,32.64
11,2025-03-18/19,UDAPUSSELLAWAS,Luckyland,BOPSP,1080,292,32.64
11,2025-03-18/19,UDAPUSSELLAWAS,Kirklees,BOPSP,1080,292,32.64
11,2025-03-18/19,UDAPUSSELLAWAS,Luckyland,BOPF/BOPFSp,1140,292,32.64
11,2025-03-18/19,UDAPUSSELLAWAS,Delmar,FBOP/FBOΡΙ,1600,292,32.64
11,2025-03-18/19,UDAPUSSELLAWAS,Blairlomond,FBOP/FBOPI,1500,292,32.64
11,2025-03-18/19,UDAPUSSELLAWAS,Delmar,FBOPF/FBOPFI,1440,292,32.64
11,2025-03-18/19,UDAPUSSELLAWAS,Blairlomond,FBOPF/FBOPF1,1300,292,32.64
11,2025-03-18/19,UDAPUSSELLAWAS,Maha Uva,FBOPF/FBOPFI,1140,292,32.64
11,2025-03-18/19,UDAPUSSELLAWAS,Delmar,OP/OPA,1380,292,32.64
11,2025-03-18/19,UDAPUSSELLAWAS,Blairlomond,OP/OPA,1260,292,32.64
11,2025-03-18/19,UDAPUSSELLAWAS,Delmar,OP1,1550,292,32.64
11,2025-03-18/19,UDAPUSSELLAWAS,Delmar,PEK/PEKI,1440,292,32.64
11,2025-03-18/19,UDAPUSSELLAWAS,Alma,PEK/PEKI,1440,292,32.64
11,2025-03-18/19,UDAPUSSELLAWAS,Blairlomond,PEK/PEK1,1400,292,32.64
11,2025-03-18/19,LOW GROWNS,Golden Garden,BOP,1850,292,53.92
11,2025-03-18/19,LOW GROWNS,Athukorala Group Super,BOPSp,1550,292,53.92
11,2025-03-18/19,LOW GROWNS,Pothotuwa,BOPF,1460,292,53.92
11,2025-03-18/19,LOW GROWNS,Dellawa,BOPF,1440,292,53.92
11,2025-03-18/19,LOW GROWNS,Rajjuruwatta Super,BOPF,1440,292,53.92
11,2025-03-18/19,LOW GROWNS,Rajjuruwatta Super,BOPFSp,1800,292,53.92
11,2025-03-18/19,LOW GROWNS,Sithaka,FBOP,2650,292,53.92
11,2025-03-18/19,LOW GROWNS,Pothotuwa,FBOP,2600,292,53.92
11,2025-03-18/19,LOW GROWNS,Wattahena,FBOP1,2250,292,53.92
11,2025-03-18/19,LOW GROWNS,Danawala,FBOPF,1850,292,53.92
11,2025-03-18/19,LOW GROWNS,Gunawardena,FBOPF,1800,292,53.92
11,2025-03-18/19,LOW GROWNS,Katanwila,FBOPF,1800,292,53.92
11,2025-03-18/19,LOW GROWNS,Hidellana,FBOPF,1750,292,53.92
11,2025-03-18/19,LOW GROWNS,Allen Valley,FBOPF,1750,292,53.92
11,2025-03-18/19,LOW GROWNS,Sithaka,FBOPF,1750,292,53.92
11,2025-03-18/19,LOW GROWNS,Pothotuwa,FBOPF1,1700,292,53.92
11,2025-03-18/19,LOW GROWNS,Suwishka,FBOPF1,1700,292,53.92
11,2025-03-18/19,LOW GROWNS,Adams View,FBOPF1,1650,292,53.92
11,2025-03-18/19,LOW GROWNS,Hedigalla,FBOPF1,1650,292,53.92
11,2025-03-18/19,LOW GROWNS,Sithaka,FBOPF1,1650,292,53.92
11,2025-03-18/19,LOW GROWNS,Pothotuwa,BOP1,3000,292,53.92
11,2025-03-18/19,UNORTHODOX HIGH,Dunsinane CTC,PF1,1200,292,36.53
11,2025-03-18/19,UNORTHODOX HIGH,Dunsinane CTC,BPS,1180,292,36.53
11,2025-03-18/19,UNORTHODOX MEDIUM,New Peacock CTC,PF1,1200,292,36.53
11,2025-03-18/19,UNORTHODOX MEDIUM,New Peacock CTC,BP1,1140,292,36.53
11,2025-03-18/19,UNORTHODOX MEDIUM,Donside CTC,BPS,810,292,36.53
11,2025-03-18/19,UNORTHODOX LOW,Kalubowitiyana CTC,PF1,1500,292,36.53
11,2025-03-18/19,UNORTHODOX LOW,Liyonta CTC,PF1,1500,292,36.53
11,2025-03-18/19,UNORTHODOX LOW,Nelunwatta CTC,BPI,980,292,36.53
11,2025-03-18/19,PREMIUM FLOWERY,Greenwin Super,FBOPFSp,4650,292,36.53
11,2025-03-18/19,PREMIUM FLOWERY,Adams View,FBOPFSP,4100,292,36.53
11,2025-03-18/19,PREMIUM FLOWERY,Devagiri,FBOPFSp,3200,292,36.53
11,2025-03-18/19,PREMIUM FLOWERY,Rathmalgoda Super,FBOPFExSp,5400,292,36.53
11,2025-03-18/19,PREMIUM FLOWERY,New Udumullagoda Super,FBOPFExSp1,4300,292,36.53
11,2025-03-18/19,DUSTS,Mattakelle,DUST 1,1750,292,36.53
11,2025-03-18/19,DUSTS,Great Western,DUST 1,1750,292,36.53
11,2025-03-18/19,DUSTS,Hingalgoda CTC,PD,1420,292,36.53
11,2025-03-18/19,OFF GRADES,Gouravilla,FGS/FGS1,1140,292,36.53
11,2025-03-18/19,OFF GRADES,St. Coombs,FGS/FGS1,1140,292,36.53
11,2025-03-18/19,OFF GRADES,Agraouvah,FGS/FGS1,1140,292,36.53
11,2025-03-18/19,OFF GRADES,Hingalgoda CTC,PF,1320,292,36.53
11,2025-03-18/19,OFF GRADES,Chandrika Estate,BM,1160,292,36.53
11,2025-03-18/19,OFF GRADES,Uplands,BM,1160,292,36.53
11,2025-03-18/19,OFF GRADES,Suwishka,BP,1340,292,36.53
11,2025-03-18/19,OFF GRADES,Chandrika Estate,BP,1320,292,36.53
11,2025-03-18/19,OFF GRADES,Subhagya,BP,1300,292,36.53
11,2025-03-18/19,OFF GRADES,Aldora,BOPIA,1380,292,36.53
12,2025-03-25/26,WESTERN MEDIUM,Ancoombra,BOP,1600,292.48,39.27
12,2025-03-25/26,WESTERN MEDIUM,Craighead,BOP,1550,292.48,39.27
12,2025-03-25/26,WESTERN MEDIUM,Uplands,BOPSP,1550,292.48,39.27
12,2025-03-25/26,WESTERN MEDIUM,Vellai Oya,BOPF/BOPFSp,1180,292.48,39.27
12,2025-03-25/26,WESTERN MEDIUM,Craighead,BOP1,1950,292.48,39.27
12,2025-03-25/26,WESTERN MEDIUM,Dartry Valley,BOPI,1850,292.48,39.27
12,2025-03-25/26,WESTERN MEDIUM,Harangalla,FBOP/FBOPI,1850,292.48,39.27
12,2025-03-25/26,WESTERN MEDIUM,Craighead,FBOP/FBOPI,1700,292.48,39.27
12,2025-03-25/26,WESTERN MEDIUM,Ancoombra,FBOP/FBOPI,1700,292.48,39.27
12,2025-03-25/26,WESTERN MEDIUM,Doombagastalawa,FBOP/FBOPI,1600,292.48,39.27
12,2025-03-25/26,WESTERN MEDIUM,Imboolpittiya,FBOP/FBOPI,1600,292.48,39.27
12,2025-03-25/26,WESTERN MEDIUM,Hatale,FBOP/FBOPI,1600,292.48,39.27
12,2025-03-25/26,WESTERN MEDIUM,New Rothschild,FBOP/FBOPI,1600,292.48,39.27
12,2025-03-25/26,WESTERN MEDIUM,Craighead,FBOPF/FBOPF1,1650,292.48,39.27
12,2025-03-25/26,WESTERN MEDIUM,Menikdiwela Tea,OP/OPA,1340,292.48,39.27
12,2025-03-25/26,WESTERN MEDIUM,Harangalla,OP1,1800,292.48,39.27
12,2025-03-25/26,WESTERN MEDIUM,Dartry Valley,PEK/PEKI,1850,292.48,39.27
12,2025-03-25/26,WESTERN HIGH,Robgill,BOP,1800,292.48,34.34
12,2025-03-25/26,WESTERN HIGH,Norwood,BOPSP,1750,292.48,34.34
12,2025-03-25/26,WESTERN HIGH,Kotiyagalla,BOPSP,1750,292.48,34.34
12,2025-03-25/26,WESTERN HIGH,Robgill,BOPF/BOPFSP,1480,292.48,34.34
12,2025-03-25/26,WESTERN HIGH,Great Western,BOPF/BOPFSP,1440,292.48,34.34
12,2025-03-25/26,WESTERN HIGH,St Andrews,BOP1,1480,292.48,34.34
12,2025-03-25/26,WESTERN HIGH,Bogahawatte,BOPI,1480,292.48,34.34
12,2025-03-25/26,WESTERN HIGH,Inverness,FBOP/FBOPI,1600,292.48,34.34
12,2025-03-25/26,WESTERN HIGH,Bambrakellly,FBOP/FBOPI,1600,292.48,34.34
12,2025-03-25/26,WESTERN HIGH,Bogahawatte,FBOPF/FBOPF1,1300,292.48,34.34
12,2025-03-25/26,WESTERN HIGH,Venture,OP/OPA,1320,292.48,34.34
12,2025-03-25/26,WESTERN HIGH,Torrington,OP/OPA,1300,292.48,34.34
12,2025-03-25/26,WESTERN HIGH,Craig hill,OP/OPA,1300,292.48,34.34
12,2025-03-25/26,WESTERN HIGH,Bogahawatte,OP/OPA,1300,292.48,34.34
12,2025-03-25/26,WESTERN HIGH,Venture,OP1,1400,292.48,34.34
12,2025-03-25/26,WESTERN HIGH,Queensberry,OP1,1360,292.48,34.34
12,2025-03-25/26,WESTERN HIGH,Bogahawatte,OP1,1360,292.48,34.34
12,2025-03-25/26,WESTERN HIGH,Frotoft Super,PEK/PEKI,1650,292.48,34.34
12,2025-03-25/26,WESTERN HIGH,Dessford,PEK/PEKI,1550,292.48,34.34
12,2025-03-25/26,WESTERN HIGH,Bogahawatte,PEK/PEK1,1550,292.48,34.34
12,2025-03-25/26,WESTERN HIGH,Glenloch,PEK/PEKI,1500,292.48,34.34
12,2025-03-25/26,WESTERN HIGH,Holyrood,PEK/PEKI,1500,292.48,34.34
12,2025-03-25/26,NUWARA ELIYAS,Kenmare,BOP,1060,292.48,40.36
12,2025-03-25/26,NUWARA ELIYAS,Kenmare,FBOP/FBOPI,1400,292.48,40.36
12,2025-03-25/26,NUWARA ELIYAS,Kenmare,OP/OPA,1260,292.48,40.36
12,2025-03-25/26,NUWARA ELIYAS,Court Lodge,OP/OPA,1260,292.48,40.36
12,2025-03-25/26,NUWARA ELIYAS,Court Lodge,PEK/PEKI,1360,292.48,40.36
12,2025-03-25/26,NUWARA ELIYAS,Kenmare,PEK/PEKI,1280,292.48,40.36
12,2025-03-25/26,NUWARA ELIYAS,Mahagastotte,PEK/PEK1,1200,292.48,40.36
12,2025-03-25/26,UDAPUSSELLAWAS,Kirklees,BOP,1100,292.48,32.64
12,2025-03-25/26,UDAPUSSELLAWAS,Mount Uva,PEK/PEKI,1080,292.48,32.64
12,2025-03-25/26,UDAPUSSELLAWAS,Kirklees,BOPSP,1100,292.48,32.64
12,2025-03-25/26,UDAPUSSELLAWAS,Ragalla,BOPF/BOPFSP,1140,292.48,32.64
12,2025-03-25/26,UDAPUSSELLAWAS,Liddesdale,BOPF/BOPFSp,1120,292.48,32.64
12,2025-03-25/26,UDAPUSSELLAWAS,Brookside,BOPF/BOPFSp,1100,292.48,32.64
12,2025-03-25/26,UDAPUSSELLAWAS,Mooloya,BOPF/BOPFSp,1100,292.48,32.64
12,2025-03-25/26,UDAPUSSELLAWAS,Kirklees,BOPF/BOPFSp,1100,292.48,32.64
12,2025-03-25/26,UDAPUSSELLAWAS,Luckland,BOPF/BOPFSP,1100,292.48,32.64
12,2025-03-25/26,UDAPUSSELLAWAS,Maha Uva,BOP1,1440,292.48,32.64
12,2025-03-25/26,UDAPUSSELLAWAS,Delmar,FBOP/FBOPI,1550,292.48,32.64
12,2025-03-25/26,UDAPUSSELLAWAS,Blairlomond,FBOP/FBOPI,1500,292.48,32.64
12,2025-03-25/26,UDAPUSSELLAWAS,Delmar,FBOPF/FBOPFI,1380,292.48,32.64
12,2025-03-25/26,UDAPUSSELLAWAS,Blairlomond,FBOPF/FBOPF1,1300,292.48,32.64
12,2025-03-25/26,UDAPUSSELLAWAS,Delmar,OP/OPA,1360,292.48,32.64
12,2025-03-25/26,UDAPUSSELLAWAS,Maha Uva,OP/OPA,1320,292.48,32.64
12,2025-03-25/26,UDAPUSSELLAWAS,Blairlomond,OP/OPA,1300,292.48,32.64
12,2025-03-25/26,UDAPUSSELLAWAS,Delmar,OP1,1700,292.48,32.64
12,2025-03-25/26,UDAPUSSELLAWAS,Maha Uva,OP1,1600,292.48,32.64
12,2025-03-25/26,UDAPUSSELLAWAS,Maha Uva,PEK/PEK1,1440,292.48,32.64
12,2025-03-25/26,LOW GROWNS,Mahaliyadda,BOP,1850,292.48,53.92
12,2025-03-25/26,LOW GROWNS,Andaradeniya,BOPSP,1650,292.48,53.92
12,2025-03-25/26,LOW GROWNS,Rajjuruwatta Super,BOPF,1550,292.48,53.92
12,2025-03-25/26,LOW GROWNS,Ceciliyan CTC,BOPFSp,1500,292.48,53.92
12,2025-03-25/26,LOW GROWNS,Kiruwanaganga,BOPFSp,1480,292.48,53.92
12,2025-03-25/26,LOW GROWNS,Nawagamuwehena,BOPFSp,1480,292.48,53.92
12,2025-03-25/26,LOW GROWNS,Pothotuwa,FBOP,2450,292.48,53.92
12,2025-03-25/26,LOW GROWNS,Sithaka,FBOP,2450,292.48,53.92
12,2025-03-25/26,LOW GROWNS,Kolonna Super,FBOP1,2000,292.48,53.92
12,2025-03-25/26,LOW GROWNS,Gangaboda,FBOP1,1950,292.48,53.92
12,2025-03-25/26,LOW GROWNS,Strathdon CTC,FBOPF,1900,292.48,53.92
12,2025-03-25/26,LOW GROWNS,Nawagamuwehena,FBOPF,1950,292.48,53.92
12,2025-03-25/26,LOW GROWNS,Pothotuwa,FBOPF1,1750,292.48,53.92
12,2025-03-25/26,LOW GROWNS,Dellawa,FBOPF1,1600,292.48,53.92
12,2025-03-25/26,LOW GROWNS,Lellopitiya Super,FBOPF1,1600,292.48,53.92
12,2025-03-25/26,LOW GROWNS,Pothotuwa,BOP1,3000,292.48,53.92
12,2025-03-25/26,LOW GROWNS,Kolonna Super,BOPI,2800,292.48,53.92
12,2025-03-25/26,LOW GROWNS,Pothotuwa,OP1,3200,292.48,53.92
12,2025-03-25/26,UNORTHODOX HIGH,Dunsinane CTC,PF1,1240,292.48,36.53
12,2025-03-25/26,UNORTHODOX HIGH,Mount Vernon CTC,BP1,840,292.48,36.53
12,2025-03-25/26,UNORTHODOX MEDIUM,New Peacock CTC,PF1,1200,292.48,36.53
12,2025-03-25/26,UNORTHODOX MEDIUM,New Peacock CTC,BP1,1220,292.48,36.53
12,2025-03-25/26,UNORTHODOX MEDIUM,Aultmore CTC,BPS,830,292.48,36.53
12,2025-03-25/26,UNORTHODOX LOW,Hingalgoda CTC,PF1,1550,292.48,36.53
12,2025-03-25/26,UNORTHODOX LOW,Ceciliyan CTC,BPI,1120,292.48,36.53
12,2025-03-25/26,PREMIUM FLOWERY,Greenwin Super,FBOPFSp,5000,292.48,36.53
12,2025-03-25/26,PREMIUM FLOWERY,Lions,FBOPFEXSp,5450,292.48,36.53
12,2025-03-25/26,PREMIUM FLOWERY,Madampe Super,FBOPFExSp1,5350,292.48,36.53
12,2025-03-25/26,PREMIUM FLOWERY,New Marakanda,FBOPFExSp1,4100,292.48,36.53
12,2025-03-25/26,PREMIUM FLOWERY,Fortune,FBOPFExSp1,3800,292.48,36.53
12,2025-03-25/26,DUSTS,Mattakelle,DUST 1,1650,292.48,36.53
12,2025-03-25/26,DUSTS,Greenwin Super,PD,1420,292.48,36.53
12,2025-03-25/26,OFF GRADES,Great Western,FGS/FGS1,1120,292.48,36.53
12,2025-03-25/26,OFF GRADES,Mattakelle,FGS/FGS1,1100,292.48,36.53
12,2025-03-25/26,OFF GRADES,Holyrood,FGS/FGS1,1080,292.48,36.53
12,2025-03-25/26,OFF GRADES,Wattegodde,FGS/FGS1,1080,292.48,36.53
12,2025-03-25/26,OFF GRADES,Strathdon CTC,PF,920,292.48,36.53
12,2025-03-25/26,OFF GRADES,Gunawardena,BM,1080,292.48,36.53
12,2025-03-25/26,OFF GRADES,Suwishka,BP,1360,292.48,36.53
12,2025-03-25/26,OFF GRADES,Nilrich,BP,1300,292.48,36.53
12,2025-03-25/26,OFF GRADES,Chandrika Estate,BP,1280,292.48,36.53
12,2025-03-25/26,OFF GRADES,Aldora,BOPIA,1380,292.48,36.53
12,2025-03-25/26,OFF GRADES,Chandrika Estate,BOPIA,1380,292.48,36.53
13,2025-04-01/02,WESTERN MEDIUM,Halate,BOP,1600,291.95,39.27
13,2025-04-01/02,WESTERN MEDIUM,Halate,BOPSP,1400,291.95,39.27
13,2025-04-01/02,WESTERN MEDIUM,Craighead,BOPSP,1380,291.95,39.27
13,2025-04-01/02,WESTERN MEDIUM,Rilagala,BOPSP,1200,291.95,39.27
13,2025-04-01/02,WESTERN MEDIUM,Vellai Oya,BOPF/BOPFSP,1140,291.95,39.27
13,2025-04-01/02,WESTERN MEDIUM,Harangalla,BOPI,1650,291.95,39.27
13,2025-04-01/02,WESTERN MEDIUM,Dartry Valley,BOP1,1650,291.95,39.27
13,2025-04-01/02,WESTERN MEDIUM,Harangalla,FBOP/FBOPI,1850,291.95,39.27
13,2025-04-01/02,WESTERN MEDIUM,Craighead,FBOP/FBOPI,1650,291.95,39.27
13,2025-04-01/02,WESTERN MEDIUM,Imboolpittia,FBOP/FBOPI,1600,291.95,39.27
13,2025-04-01/02,WESTERN MEDIUM,Harangalla,FBOPF/FBOPFI,1650,291.95,39.27
13,2025-04-01/02,WESTERN MEDIUM,Craighead,FBOPF/FBOPF1,1600,291.95,39.27
13,2025-03-04/05,WESTERN MEDIUM,Dartry Valley,FBOPF/FBOPFI,1550,291.95,39.27
13,2025-04-01/02,WESTERN MEDIUM,Cooroondoowatte,OP/OPA,1320,291.95,39.27
13,2025-04-01/02,WESTERN MEDIUM,Menikdiwela Tea,OP/OPA,1300,291.95,39.27
13,2025-04-01/02,WESTERN MEDIUM,Dartry Valley,OP1,1650,291.95,39.27
13,2025-04-01/02,WESTERN MEDIUM,Doombagastalawa,OP1,1500,291.95,39.27
13,2025-04-01/02,WESTERN MEDIUM,Menikdiwela Tea,OP1,1500,291.95,39.27
13,2025-04-01/02,WESTERN MEDIUM,Galgewatta,OP1,1500,291.95,39.27
13,2025-04-01/02,WESTERN MEDIUM,Uplands,PEK/PEKI,1800,291.95,39.27
13,2025-04-01/02,WESTERN HIGH,Robgill,BOP,1480,291.95,34.34
13,2025-04-01/02,WESTERN HIGH,Great Western,BOP,1480,291.95,34.34
13,2025-04-01/02,WESTERN HIGH,Tillyrie,BOP,1400,291.95,34.34
13,2025-03-04/05,WESTERN HIGH,Somerset,BOP,1400,291.95,34.34
13,2025-04-01/02,WESTERN HIGH,Holyrood,BOP,1400,291.95,34.34
13,2025-04-01/02,WESTERN HIGH,Bearwell,BOP,1400,291.95,34.34
13,2025-04-01/02,WESTERN HIGH,Great Western,BOPSP,1380,291.95,34.34
13,2025-04-01/02,WESTERN HIGH,Great Western,BOPF/BOPFSP,1600,291.95,34.34
13,2025-04-01/02,WESTERN HIGH,Torrington,BOPI,1440,291.95,34.34
13,2025-04-01/02,WESTERN HIGH,Glenloch,BOP1,1380,291.95,34.34
13,2025-04-01/02,WESTERN HIGH,Inverness,FBOP/FBOPI,1480,291.95,34.34
13,2025-03-04/05,WESTERN HIGH,Torrington,FBOP/FBOPI,1460,291.95,34.34
13,2025-04-01/02,WESTERN HIGH,Glenloch,FBOPF/FBOPF1,1400,291.95,34.34
13,2025-04-01/02,WESTERN HIGH,Venture,OP/OPA,1300,291.95,34.34
13,2025-04-01/02,WESTERN HIGH,Torrington,OP/OPA,1280,291.95,34.34
13,2025-04-01/02,WESTERN HIGH,Queensberry,OP/OPA,1260,291.95,34.34
13,2025-04-01/02,WESTERN HIGH,Torrington,OP/OPA,1260,291.95,34.34
13,2025-04-01/02,WESTERN HIGH,Venture,OP1,1440,291.95,34.34
13,2025-04-01/02,WESTERN HIGH,Frotoft Super,PEK/PEKI,1550,291.95,34.34
13,2025-04-01/02,WESTERN HIGH,Great Western,PEK/PEK1,1440,291.95,34.34
13,2025-04-01/02,WESTERN HIGH,Somerset,PEK/PEK1,1440,291.95,34.34
13,2025-04-01/02,NUWARA ELIYAS,Mahagastotte,BOP,1480,291.95,40.36
13,2025-04-01/02,NUWARA ELIYAS,Kenmare,BOPSP,1100,291.95,40.36
13,2025-04-01/02,NUWARA ELIYAS,Lovers Leap,BOPF/BOPFSp,1300,291.95,40.36
13,2025-04-01/02,NUWARA ELIYAS,Court Lodge,FBOP/FBOPI,1400,291.95,40.36
13,2025-04-01/02,NUWARA ELIYAS,Kenmare,FBOP/FBOPI,1220,291.95,40.36
13,2025-04-01/02,NUWARA ELIYAS,Court Lodge,OP/OPA,1260,291.95,40.36
13,2025-04-01/02,NUWARA ELIYAS,Kenmare,OP/OPA,1260,291.95,40.36
13,2025-04-01/02,NUWARA ELIYAS,Lovers Leap,PEK/PEKI,1440,291.95,40.36
13,2025-04-01/02,NUWARA ELIYAS,Mahagastotte,PEK/PEK1,1300,291.95,40.36
13,2025-03-25/26,NUWARA ELIYAS,Court Lodge,PEK/PEKI,1260,291.95,40.36
13,2025-04-01/02,UDAPUSSELLAWAS,Kirklees,BOP,1060,291.95,32.64
13,2025-03-25/26,UDAPUSSELLAWAS,Luckyland,BOPSP,1080,291.95,32.64
13,2025-04-01/02,UDAPUSSELLAWAS,Kirklees,BOPSP,1100,291.95,32.64
13,2025-04-01/02,UDAPUSSELLAWAS,Ragalla,BOPF/BOPFSP,1140,291.95,32.64
13,2025-04-01/02,UDAPUSSELLAWAS,Liddesdale,BOPF/BOPFSP,1120,291.95,32.64
13,2025-04-01/02,UDAPUSSELLAWAS,Brookside,BOPF/BOPFSp,1100,291.95,32.64
13,2025-04-01/02,UDAPUSSELLAWAS,Mooloya,BOPF/BOPFSp,1100,291.95,32.64
13,2025-04-01/02,UDAPUSSELLAWAS,Kirklees,BOPF/BOPFSp,1100,291.95,32.64
13,2025-04-01/02,UDAPUSSELLAWAS,Luckland,BOPF/BOPFSP,1100,291.95,32.64
13,2025-04-01/02,UDAPUSSELLAWAS,Maha Uva,BOP1,1440,291.95,32.64
13,2025-04-01/02,UDAPUSSELLAWAS,Blairlomond,FBOP/FBOPI,1480,291.95,32.64
13,2025-04-01/02,UDAPUSSELLAWAS,Delmar,FBOP/FBOPI,1440,291.95,32.64
13,2025-04-01/02,UDAPUSSELLAWAS,Delmar,FBOPF/FBOPF1,1360,291.95,32.64
13,2025-04-01/02,UDAPUSSELLAWAS,Blairlomond,FBOPF/FBOPF1,1280,291.95,32.64
13,2025-04-01/02,UDAPUSSELLAWAS,Maha Uva,FBOPF/FBOPF1,1280,291.95,32.64
13,2025-04-01/02,UDAPUSSELLAWAS,Delmar,OP/OPA,1260,291.95,32.64
13,2025-04-01/02,UDAPUSSELLAWAS,Maha Uva,OP/OPA,1300,291.95,32.64
13,2025-04-01/02,UDAPUSSELLAWAS,Blairlomond,OP/OPA,1280,291.95,32.64
13,2025-04-01/02,UDAPUSSELLAWAS,Delmar,OP1,1380,291.95,32.64
13,2025-04-01/02,UDAPUSSELLAWAS,Maha Uva,PEK/PEKI,1480,291.95,32.64
13,2025-04-01/02,UDAPUSSELLAWAS,Blairlomond,PEK/PEK1,1480,291.95,32.64
13,2025-04-01/02,UDAPUSSELLAWAS,Gonamotawa,PEK/PEK1,1550,291.95,32.64
13,2025-04-01/02,LOW GROWNS,Purerich,BOP,1700,291.95,53.92
13,2025-04-01/02,LOW GROWNS,New Vithanakande,BOP,1650,291.95,53.92
13,2025-04-01/02,LOW GROWNS,Ceyenta,BOP,1650,291.95,53.92
13,2025-04-01/02,LOW GROWNS,Ceciliyan,BOP,1650,291.95,53.92
13,2025-04-01/02,LOW GROWNS,Mahaliyadda,BOP,1650,291.95,53.92
13,2025-04-01/02,LOW GROWNS,Andaradeniya Super,BOP,1650,291.95,53.92
13,2025-04-01/02,LOW GROWNS,Dellawa,BOP,1600,291.95,53.92
13,2025-04-01/02,LOW GROWNS,Wikiliya,BOP,1600,291.95,53.92
13,2025-04-01/02,LOW GROWNS,Richiland,BOP,1600,291.95,53.92
13,2025-04-01/02,LOW GROWNS,Sisiramba Super,BOP,1600,291.95,53.92
13,2025-04-01/02,LOW GROWNS,Suduwelipothahena Super,BOP,1600,291.95,53.92
13,2025-04-01/02,LOW GROWNS,Kiruwanaganga,BOP,1600,291.95,53.92
13,2025-04-01/02,LOW GROWNS,Kiruwanaganga,BOPSp,1600,291.95,53.92
13,2025-04-01/02,LOW GROWNS,Rajjuruwatta Super,BOPF,1600,291.95,53.92
13,2025-04-01/02,LOW GROWNS,Hidellana,BOPF,1550,291.95,53.92
13,2025-04-01/02,LOW GROWNS,Rajjuruwatta Super,BOPFSp,1550,291.95,53.92
13,2025-04-01/02,LOW GROWNS,Andaradeniya Super,BOPFSp,1550,291.95,53.92
13,2025-04-01/02,LOW GROWNS,Adams View,FBOP,2350,291.95,53.92
13,2025-04-01/02,LOW GROWNS,Mulatiyana Hills,FBOP,2250,291.95,53.92
13,2025-04-01/02,LOW GROWNS,Hidellana,FBOP,2200,291.95,53.92
13,2025-04-01/02,LOW GROWNS,Nilgiri,FBOP,2200,291.95,53.92
13,2025-04-01/02,LOW GROWNS,Pothotuwa,BOP1,3000,291.95,53.92
13,2025-04-01/02,LOW GROWNS,Pothotuwa,OP1,3200,291.95,53.92
13,2025-04-01/02,LOW GROWNS,Adams Veiw,PEK,2450,291.95,53.92
13,2025-04-01/02,LOW GROWNS,Mulatiyana Hills,PEKI,2300,291.95,53.92
13,2025-04-01/02,UVA MEDIUM,Tinioya,BOP,1380,291.95,29.74
13,2025-04-01/02,UVA MEDIUM,Demodera 'S',BOPSp,1340,291.95,29.74
13,2025-04-01/02,UVA MEDIUM,Dickwella,BOPF/BOPFSp,1420,291.95,29.74
13,2025-04-01/02,UVA MEDIUM,El Teb,BOPF/BOPFSp,1200,291.95,29.74
13,2025-04-01/02,UVA MEDIUM,Dickwella,BOPI,1750,291.95,29.74
13,2025-04-01/02,UVA MEDIUM,Roseland Uva,FBOP/FBOPI,1800,291.95,29.74
13,2025-04-01/02,UVA MEDIUM,Telbedde,FBOPF/FBOPF1,1650,291.95,29.74
13,2025-04-01/02,UVA MEDIUM,Uva Samovar,OP/OPA,1360,291.95,29.74
13,2025-04-01/02,UVA MEDIUM,Dickwella,OP/OPA,1360,291.95,29.74
13,2025-04-01/02,UVA MEDIUM,Halpewatta Uva,OP/OPA,1360,291.95,29.74
13,2025-04-01/02,UVA MEDIUM,Rathkelle-Uva,OP/OPA,1340,291.95,29.74
13,2025-04-01/02,UVA MEDIUM,Glen Alpin,OP/OPA,1340,291.95,29.74
13,2025-04-01/02,UVA MEDIUM,Sarnia Plaiderie,OP/OPA,1320,291.95,29.74
13,2025-04-01/02,UVA MEDIUM,Demodera 'S',OP/OPA,1320,291.95,29.74
13,2025-04-01/02,UVA MEDIUM,Pettiagalla,OP/OPA,1320,291.95,29.74
13,2025-04-01/02,UVA MEDIUM,Telbedde,OP1,2000,291.95,29.74
13,2025-04-01/02,UVA MEDIUM,Dickwella,OP1,1750,291.95,29.74
13,2025-04-01/02,UVA MEDIUM,Sarnia Plaiderie,OP1,1700,291.95,29.74
13,2025-04-01/02,UVA MEDIUM,Sarnia Plaiderie,PEK/PEKI,1750,291.95,29.74
13,2025-04-01/02,UVA MEDIUM,Halpewatte Uva,PEK/PEK1,1750,291.95,29.74
13,2025-04-01/02,UVA HIGH,Nayabedde,BOP,1220,291.95,16.5
13,2025-04-01/02,UVA HIGH,Kelliebedde,BOP,1220,291.95,16.5
13,2025-04-01/02,UVA HIGH,Uva Highlands,BOPSP,1280,291.95,16.5
13,2025-04-01/02,UVA HIGH,Bandaraeliya,BOPF/BOPFSp,1240,291.95,16.5
13,2025-04-01/02,UVA HIGH,Nayabedde,BOPF/BOPFSP,1220,291.95,16.5
13,2025-04-01/02,UVA HIGH,Uva Highlands,BOP1,1650,291.95,16.5
13,2025-04-01/02,UVA HIGH,Glenanore,BOPI,1550,291.95,16.5
13,2025-04-01/02,UVA HIGH,Spring Valley,BOP1,1550,291.95,16.5
13,2025-04-01/02,UVA HIGH,Gonamotawa,FBOP/FBOPI,1600,291.95,16.5
13,2025-04-01/02,UVA HIGH,Ellathota Uva,FBOP/FBOP1,1600,291.95,16.5
13,2025-04-01/02,UVA HIGH,Glenanore,FBOP/FBOPI,1550,291.95,16.5
13,2025-04-01/02,UVA HIGH,Spring Valley,FBOP/FBOPI,1550,291.95,16.5
13,2025-04-01/02,UVA HIGH,Uva Highlands,FBOP/FBOΡΙ,1500,291.95,16.5
13,2025-04-01/02,UVA HIGH,Gonamotawa,FBOPF/FBOPF1,1380,291.95,16.5
13,2025-04-01/02,UVA HIGH,Oodoowerre,FBOPF/FBOPF1,1380,291.95,16.5
13,2025-04-01/02,UVA HIGH,Spring Valley,OP/OPA,1360,291.95,16.5
13,2025-04-01/02,UVA HIGH,Mahadowa,OP/OPA,1300,291.95,16.5
13,2025-04-01/02,UVA HIGH,Gonamotawa,OP/OPA,1280,291.95,16.5
13,2025-04-01/02,UVA HIGH,Gonamotawa,OP1,1750,291.95,16.5
13,2025-04-01/02,UVA HIGH,Glenanore,OP1,1500,291.95,16.5
13,2025-04-01/02,UVA HIGH,Uva Highlands,OP1,1500,291.95,16.5
13,2025-04-01/02,UVA HIGH,Ellathota Uva,OP1,1460,291.95,16.5
13,2025-04-01/02,UVA HIGH,Mahadowa,OP1,1460,291.95,16.5
13,2025-04-01/02,UVA HIGH,Gonamotawa,PEK/PEK1,1550,291.95,16.5
13,2025-04-01/02,NUWARA ELIYAS,Mahagastotte,BOP,1480,291.95,40.36
13,2025-04-01/02,NUWARA ELIYAS,Kenmare,BOPSP,1100,291.95,40.36
13,2025-04-01/02,NUWARA ELIYAS,Lovers Leap,BOPF/BOPFSp,1300,291.95,40.36
13,2025-04-01/02,NUWARA ELIYAS,Court Lodge,FBOP/FBOPI,1400,291.95,40.36
13,2025-04-01/02,NUWARA ELIYAS,Kenmare,FBOP/FBOPI,1220,291.95,40.36
13,2025-04-01/02,NUWARA ELIYAS,Court Lodge,OP/OPA,1260,291.95,40.36
13,2025-04-01/02,NUWARA ELIYAS,Kenmare,OP/OPA,1260,291.95,40.36
13,2025-04-01/02,NUWARA ELIYAS,Lovers Leap,PEK/PEKI,1440,291.95,40.36
13,2025-04-01/02,NUWARA ELIYAS,Mahagastotte,PEK/PEK1,1300,291.95,40.36
13,2025-04-01/02,UDAPUSSELLAWAS,Kirklees,BOP,1060,291.95,32.64
13,2025-04-01/02,UDAPUSSELLAWAS,Luckyland,BOPSP,1080,291.95,32.64
13,2025-04-01/02,UDAPUSSELLAWAS,Kirklees,BOPF/BOPFSP,1160,291.95,32.64
13,2025-04-01/02,UDAPUSSELLAWAS,Blairlomond,BOPI,1500,291.95,32.64
13,2025-04-01/02,UDAPUSSELLAWAS,Blairlomond,FBOP/FBOPI,1480,291.95,32.64
13,2025-04-01/02,UDAPUSSELLAWAS,Delmar,FBOP/FBOPI,1440,291.95,32.64
13,2025-04-01/02,UDAPUSSELLAWAS,Delmar,FBOPF/FBOPF1,1360,291.95,32.64
13,2025-04-01/02,UDAPUSSELLAWAS,Blairlomond,FBOPF/FBOPF1,1280,291.95,32.64
13,2025-03-25/26,UDAPUSSELLAWAS,Maha Uva,FBOPF/FBOPF1,1280,291.95,32.64
13,2025-04-01/02,UDAPUSSELLAWAS,Maha Uva,OP/OPA,1300,291.95,32.64
13,2025-04-01/02,UDAPUSSELLAWAS,Blairlomond,OP/OPA,1280,291.95,32.64
13,2025-04-01/02,UDAPUSSELLAWAS,Delmar,OP/OPA,1260,291.95,32.64
13,2025-04-01/02,UDAPUSSELLAWAS,Delmar,OP1,1380,291.95,32.64
13,2025-04-01/02,UDAPUSSELLAWAS,Maha Uva,PEK/PEKI,1480,291.95,32.64
13,2025-04-01/02,UDAPUSSELLAWAS,Blairlomond,PEK/PEK1,1480,291.95,32.64
13,2025-04-01/02,LOW GROWNS,Purerich,BOP,1700,291.95,53.92
13,2025-04-01/02,LOW GROWNS,New Vithanakande,BOP,1650,291.95,53.92
13,2025-04-01/02,LOW GROWNS,Ceyenta,BOP,1650,291.95,53.92
13,2025-04-01/02,LOW GROWNS,Ceciliyan,BOP,1650,291.95,53.92
13,2025-04-01/02,LOW GROWNS,Mahaliyadda,BOP,1650,291.95,53.92
13,2025-04-01/02,LOW GROWNS,Andaradeniya Super,BOP,1650,291.95,53.92
13,2025-04-01/02,LOW GROWNS,Dellawa,BOP,1600,291.95,53.92
13,2025-04-01/02,LOW GROWNS,Wikiliya,BOP,1600,291.95,53.92
13,2025-04-01/02,LOW GROWNS,Richiland,BOP,1600,291.95,53.92
13,2025-04-01/02,LOW GROWNS,Sisiramba Super,BOP,1600,291.95,53.92
13,2025-04-01/02,LOW GROWNS,Suduwelipothahena Super,BOP,1600,291.95,53.92
13,2025-04-01/02,LOW GROWNS,Kiruwanaganga,BOP,1600,291.95,53.92
13,2025-04-01/02,LOW GROWNS,Kiruwanaganga,BOPSp,1600,291.95,53.92
13,2025-04-01/02,LOW GROWNS,Rajjuruwatta Super,BOPF,1600,291.95,53.92
13,2025-04-01/02,LOW GROWNS,Hidellana,BOPF,1550,291.95,53.92
13,2025-04-01/02,LOW GROWNS,Rajjuruwatta Super,BOPFSp,1550,291.95,53.92
13,2025-04-01/02,LOW GROWNS,Andaradeniya Super,BOPFSp,1550,291.95,53.92
13,2025-04-01/02,LOW GROWNS,Adams View,FBOP,2350,291.95,53.92
13,2025-04-01/02,LOW GROWNS,Mulatiyana Hills,FBOP,2250,291.95,53.92
13,2025-04-01/02,LOW GROWNS,Hidellana,FBOP,2200,291.95,53.92
13,2025-04-01/02,LOW GROWNS,Nilgiri,FBOP,2200,291.95,53.92
13,2025-04-01/02,LOW GROWNS,Pothotuwa,BOP1,3000,291.95,53.92
13,2025-04-01/02,LOW GROWNS,Pothotuwa,OP1,3200,291.95,53.92
13,2025-04-01/02,LOW GROWNS,Adams Veiw,PEK,2450,291.95,53.92
13,2025-04-01/02,LOW GROWNS,Mulatiyana Hills,PEKI,2300,291.95,53.92
13,2025-04-01/02,UNORTHODOX HIGH,Ulugedara CTC,PF1,1220,291.95,36.53
13,2025-04-01/02,UNORTHODOX HIGH,Mount Vernon CTC,BPS,920,291.95,36.53
13,2025-04-01/02,UNORTHODOX MEDIUM,New Peacock CTC,PF1,1200,291.95,36.53
13,2025-04-01/02,UNORTHODOX MEDIUM,New Peacock CTC,BP1,1180,291.95,36.53
13,2025-04-01/02,UNORTHODOX MEDIUM,Aultmore CTC,BPS,920,291.95,36.53
13,2025-04-01/02,UNORTHODOX LOW,Hingalgoda CTC,PF1,1500,291.95,36.53
13,2025-04-01/02,UNORTHODOX LOW,Nelunwatta CTC,BPI,1000,291.95,36.53
13,2025-04-01/02,UNORTHODOX LOW,Ross Feld CTC,BPS,780,291.95,36.53
13,2025-04-01/02,PREMIUM FLOWERY,Greenwin Super,FBOPFSp,4900,291.95,36.53
13,2025-04-01/02,PREMIUM FLOWERY,HPP Tea,FBOPFExSp,4950,291.95,36.53
13,2025-04-01/02,PREMIUM FLOWERY,Lions,FBOPFExSp,4950,291.95,36.53
13,2025-04-01/02,PREMIUM FLOWERY,Kiruwanaganga,FBOPFExSp1,3950,291.95,36.53
13,2025-04-01/02,DUSTS,Mattakelle,DUST 1,1600,291.95,36.53
13,2025-04-01/02,DUSTS,Hingalgoda CTC,PD,1460,291.95,36.53
13,2025-04-01/02,OFF GRADES,Lethenty,FGS/FGS1,1080,291.95,36.53
13,2025-04-01/02,OFF GRADES,Clydesdale,FGS/FGS1,1080,291.95,36.53
13,2025-04-01/02,OFF GRADES,Wattegodde,FGS/FGS1,1080,291.95,36.53
13,2025-04-01/02,OFF GRADES,Fordyce,FGS/FGS1,1060,291.95,36.53
13,2025-04-01/02,OFF GRADES,Somerset,FGS/FGS1,1060,291.95,36.53
13,2025-04-01/02,OFF GRADES,Court Lodge,FGS/FGS1,1060,291.95,36.53
13,2025-04-01/02,OFF GRADES,Agra Ouvah,FGS/FGS1,1060,291.95,36.53
13,2025-04-01/02,OFF GRADES,Wanarajah,FGS/FGS1,1060,291.95,36.53
13,2025-04-01/02,OFF GRADES,Bogawantalawa,FGS/FGS1,1060,291.95,36.53
13,2025-04-01/02,OFF GRADES,Chandrika CTC,PF,880,291.95,36.53
13,2025-04-01/02,OFF GRADES,Uplands,BM,1160,291.95,36.53
13,2025-04-01/02,OFF GRADES,Chandrika Estate,BP,1300,291.95,36.53
13,2025-04-01/02,OFF GRADES,Aldora,BOPIA,1380,291.95,36.53
14,2025-04-07/08,WESTERN MEDIUM,Harangalla,BOP,1440,293.44,39.27
14,2025-04-07/08,WESTERN MEDIUM,Dartry Valley,BOP,1420,293.44,39.27
14,2025-04-07/08,WESTERN MEDIUM,Craighead,BOP,1380,293.44,39.27
14,2025-04-07/08,WESTERN MEDIUM,Adams View,BOPSP,1300,293.44,39.27
14,2025-04-07/08,WESTERN MEDIUM,Ancoombra,BOPSp,1300,293.44,39.27
14,2025-04-07/08,WESTERN MEDIUM,Uplands,BOPF/BOPFSP,1260,293.44,39.27
14,2025-04-07/08,WESTERN MEDIUM,Dartry Valley,BOP1,1550,293.44,39.27
14,2025-04-07/08,WESTERN MEDIUM,Craighead,FBOP/FBOPI,1550,293.44,39.27
14,2025-04-07/08,WESTERN MEDIUM,Dartry Valley,FBOP/FBOPI,1550,293.44,39.27
14,2025-04-07/08,WESTERN MEDIUM,Imboolpitiya,FBOP/FBOPI,1500,293.44,39.27
14,2025-04-07/08,WESTERN MEDIUM,Hidellana,FBOP/FBOPI,1500,293.44,39.27
14,2025-04-07/08,WESTERN MEDIUM,Cooroondoowatte,FBOP/FBOPI,1480,293.44,39.27
14,2025-04-07/08,WESTERN MEDIUM,Dartry Valley,FBOPF/FBOPF1,1600,293.44,39.27
14,2025-04-07/08,WESTERN MEDIUM,Craighead,FBOPF/FBOPF1,1550,293.44,39.27
14,2025-04-07/08,WESTERN MEDIUM,Pothotuwa,OP/OPA,1260,293.44,39.27
14,2025-04-07/08,WESTERN MEDIUM,Adams View,OP/OPA,1260,293.44,39.27
14,2025-04-07/08,WESTERN MEDIUM,Dartry Valley,OP/OPA,1240,293.44,39.27
14,2025-04-07/08,WESTERN MEDIUM,Randenigala Super,OP/OPA,1240,293.44,39.27
14,2025-04-07/08,WESTERN MEDIUM,Harangalla,OP/OPA,1220,293.44,39.27
14,2025-04-07/08,WESTERN MEDIUM,Windsorforest,OP/OPA,1220,293.44,39.27
14,2025-04-07/08,WESTERN MEDIUM,Imboolpitiya,OP/OPA,1220,293.44,39.27
14,2025-04-07/08,WESTERN MEDIUM,Menikdiwella Tea,OP/OPA,1220,293.44,39.27
14,2025-04-07/08,WESTERN MEDIUM,Galgewatta,OP/OPA,1220,293.44,39.27
14,2025-04-07/08,WESTERN MEDIUM,Hatale,OP/OPA,1220,293.44,39.27
14,2025-04-07/08,WESTERN MEDIUM,Craighead,OP1,2150,293.44,39.27
14,2025-04-07/08,WESTERN MEDIUM,Dartry Valley,OP1,1420,293.44,39.27
14,2025-04-07/08,WESTERN MEDIUM,Craighead,PEK/PEKI,1750,293.44,39.27
14,2025-04-07/08,WESTERN MEDIUM,Ransegoda,PEK/PEK1,1650,293.44,39.27
14,2025-04-07/08,WESTERN MEDIUM,Meezan,PEK/PEKI,1600,293.44,39.27
14,2025-04-07/08,WESTERN MEDIUM,Hedigalla,PEK/PEKI,1600,293.44,39.27
14,2025-04-07/08,WESTERN MEDIUM,Haughton,PEK/PEKI,1600,293.44,39.27
14,2025-04-07/08,WESTERN MEDIUM,Pothotuwa,BOPI,3000,293.44,39.27
14,2025-04-07/08,WESTERN HIGH,Robgill,BOP,3200,293.44,34.34
14,2025-04-07/08,WESTERN HIGH,Somerset,BOP,2950,293.44,34.34
14,2025-04-07/08,WESTERN HIGH,Wattegodde,BOP,1650,293.44,34.34
14,2025-04-07/08,WESTERN HIGH,Wanarajah,BOPSp,1800,293.44,34.34
14,2025-04-07/08,WESTERN HIGH,Wattegodde,BOPSp,2300,293.44,34.34
14,2025-04-07/08,WESTERN HIGH,Great Western,BOPSP,2300,293.44,34.34
14,2025-04-07/08,WESTERN HIGH,Dessford,BOPSP,1700,293.44,34.34
14,2025-04-07/08,WESTERN HIGH,Robgill,BOPF/BOPFSP,2250,293.44,34.34
14,2025-04-07/08,WESTERN HIGH,Dessford,BOPF/BOPFSp,1400,293.44,34.34
14,2025-04-07/08,WESTERN HIGH,Alton,BOPF/BOPFSp,1380,293.44,34.34
14,2025-04-07/08,WESTERN HIGH,Inverness,BOPSp,1320,293.44,34.34
14,2025-04-07/08,WESTERN HIGH,Torrington,FBOP/FBOPI,1260,293.44,34.34
14,2025-04-07/08,WESTERN HIGH,Frotoft Super,FBOPF/FBOPF1,1400,293.44,34.34
14,2025-04-07/08,WESTERN HIGH,Queensberry,FBOPF/FBOPFI,1240,293.44,34.34
14,2025-04-07/08,WESTERN HIGH,Torrington,OP/OPA,1180,293.44,34.34
14,2025-04-07/08,WESTERN HIGH,St Andrews,OP/OPA,1180,293.44,34.34
14,2025-04-07/08,WESTERN HIGH,Bambarakelly,OP/OPA,1180,293.44,34.34
14,2025-04-07/08,WESTERN HIGH,Venture,OP1,1440,293.44,34.34
14,2025-04-07/08,WESTERN HIGH,Sarnia Plaiderie,PEK/PEKI,1550,293.44,34.34
14,2025-04-07/08,WESTERN HIGH,Ingestre,PEK/PEKI,1460,293.44,34.34
14,2025-04-07/08,WESTERN HIGH,Great Western,PEK/PEK1,1460,293.44,34.34
14,2025-04-07/08,WESTERN HIGH,Norwood,PEK/PEKI,1420,293.44,34.34
14,2025-04-07/08,WESTERN HIGH,Somerset,PEK/PEKI,1420,293.44,34.34
14,2025-04-07/08,NUWARA ELIYAS,Misty-Uva,BOP,1550,293.44,40.36
14,2025-04-07/08,NUWARA ELIYAS,Lovers Leap,BOPSP,1340,293.44,40.36
14,2025-04-07/08,NUWARA ELIYAS,Lovers Leap,BOPF/BOPFSP,1480,293.44,40.36
14,2025-04-07/08,NUWARA ELIYAS,Mahagastotte,FBOP/FBOPI,1480,293.44,40.36
14,2025-04-07/08,NUWARA ELIYAS,Lovers Leap,FBOP/FBOPI,1460,293.44,40.36
14,2025-04-07/08,NUWARA ELIYAS,Kenmare,OP/OPA,1180,293.44,40.36
14,2025-04-07/08,NUWARA ELIYAS,Lovers Leap,PEK/PEKI,1600,293.44,40.36
14,2025-04-07/08,NUWARA ELIYAS,Court Lodge,PEK/PEK1,1600,293.44,40.36
14,2025-04-07/08,UVA HIGH,Nayabedde,BOP,1040,293.44,16.5
14,2025-04-07/08,UVA HIGH,Spring Valley,BOPSp,1020,293.44,16.5
14,2025-04-07/08,UVA HIGH,Bandaraeliya,BOPF/BOPFSp,1140,293.44,16.5
14,2025-04-07/08,UVA HIGH,Nayabedde,BOPF/BOPFSp,1440,293.44,16.5
14,2025-04-07/08,UVA HIGH,Uva Highlands,BOP1,1380,293.44,16.5
14,2025-04-07/08,UVA HIGH,Glenanore,FBOP/FBOPI,1420,293.44,16.5
14,2025-04-07/08,UVA HIGH,Aislaby,FBOP/FBOΡΙ,1550,293.44,16.5
14,2025-04-07/08,UVA HIGH,Gonamotawa,PEK/PEK1,1500,293.44,16.5
14,2025-04-07/08,UDAPUSSELLAWAS,Kirklees,BOP,1220,293.44,32.64
14,2025-04-07/08,UDAPUSSELLAWAS,Kirklees,BOPSP,1260,293.44,32.64
14,2025-04-07/08,UDAPUSSELLAWAS,Luckyland,BOPF/BOPFSP,1180,293.44,32.64
14,2025-04-07/08,UDAPUSSELLAWAS,Maha Uva,BOPI,1180,293.44,32.64
14,2025-04-07/08,UDAPUSSELLAWAS,Blairlomond,FBOP/FBOPI,1460,293.44,32.64
14,2025-04-07/08,UDAPUSSELLAWAS,Delmar,FBOP/FBOPI,1380,293.44,32.64
14,2025-04-07/08,UDAPUSSELLAWAS,Delmar,FBOPF/FBOPF1,1320,293.44,32.64
14,2025-04-07/08,UDAPUSSELLAWAS,Blairlomond,FBOPF/FBOPFI,1280,293.44,32.64
14,2025-04-07/08,UDAPUSSELLAWAS,Blairlomond,OP/OPA,1280,293.44,32.64
14,2025-04-07/08,UDAPUSSELLAWAS,Maha Uva,OP/OPA,1260,293.44,32.64
14,2025-04-07/08,UDAPUSSELLAWAS,Delmar,OP1,1460,293.44,32.64
14,2025-04-07/08,UDAPUSSELLAWAS,Maha Uva,PEK/PEKI,1550,293.44,32.64
14,2025-04-07/08,UDAPUSSELLAWAS,Blairlomond,PEK/PEK1,1480,293.44,32.64
14,2025-04-07/08,LOW GROWNS,Golden Garden,BOP,1900,293.44,53.92
14,2025-04-07/08,LOW GROWNS,Lions,BOP,1900,293.44,53.92
14,2025-04-07/08,LOW GROWNS,New Batuwangala,BOPSP,1460,293.44,53.92
14,2025-04-07/08,LOW GROWNS,KDU Super,BOPSP,1460,293.44,53.92
14,2025-04-07/08,LOW GROWNS,Kings Bru,BOPSP,1440,293.44,53.92
14,2025-04-07/08,LOW GROWNS,Mahaliyadda,BOPSP,1440,293.44,53.92
14,2025-04-07/08,LOW GROWNS,New Nivithigala,BOPSP,1440,293.44,53.92
14,2025-04-07/08,LOW GROWNS,Stream Line,BOPSP,1440,293.44,53.92
14,2025-04-07/08,LOW GROWNS,Palmgarden,BOPSP,1420,293.44,53.92
14,2025-04-07/08,LOW GROWNS,Sithaka,BOPF,1420,293.44,53.92
14,2025-04-07/08,LOW GROWNS,Rajjuruwatta Super,BOPFSp,1600,293.44,53.92
14,2025-04-07/08,LOW GROWNS,Sithaka,FBOP,2400,293.44,53.92
14,2025-04-07/08,LOW GROWNS,Mulatiyana Hills,FBOP,2350,293.44,53.92
14,2025-04-07/08,LOW GROWNS,Pothotuwa,FBOP,2100,293.44,53.92
14,2025-04-07/08,LOW GROWNS,Rilagala,FBOP,2100,293.44,53.92
14,2025-04-07/08,LOW GROWNS,New Batuwangala,FBOP,2100,293.44,53.92
14,2025-04-07/08,LOW GROWNS,Ceyenta,FBOP,2100,293.44,53.92
14,2025-04-07/08,LOW GROWNS,New Vithanakande,FBOP1,1950,293.44,53.92
14,2025-04-07/08,LOW GROWNS,Kolonna Super,FBOP1,1950,293.44,53.92
14,2025-04-07/08,LOW GROWNS,Kurupanawa Smallholders,FBOP1,1850,293.44,53.92
14,2025-04-07/08,LOW GROWNS,New Rothschild,FBOP1,1800,293.44,53.92
14,2025-04-07/08,LOW GROWNS,Kumudu,FBOP1,1800,293.44,53.92
14,2025-04-07/08,LOW GROWNS,Sandalie,FBOPF/FBOPF1,1800,293.44,53.92
14,2025-04-07/08,LOW GROWNS,Richiland,FBOPF,2250,293.44,53.92
14,2025-04-07/08,LOW GROWNS,Cooroondoowatte,FBOPF1,1600,293.44,53.92
14,2025-04-07/08,LOW GROWNS,Kenilworth,FBOPF1,1600,293.44,53.92
14,2025-04-07/08,LOW GROWNS,Kolonna Super,FBOPF1,1600,293.44,53.92
14,2025-04-07/08,LOW GROWNS,Sithaka,FBOPF1,1600,293.44,53.92
14,2025-04-07/08,LOW GROWNS,Dellawa,FBOPF1,1550,293.44,53.92
14,2025-04-07/08,LOW GROWNS,Hidellana,FBOPF1,1550,293.44,53.92
14,2025-04-07/08,LOW GROWNS,Makandura,FBOPF1,1550,293.44,53.92
14,2025-04-07/08,LOW GROWNS,Fortune,FBOPF1,1500,293.44,53.92
14,2025-04-07/08,LOW GROWNS,Dullie Ella,FBOPF1,1500,293.44,53.92
14,2025-04-07/08,LOW GROWNS,New Vithanakande,FBOPF1,1500,293.44,53.92
14,2025-04-07/08,LOW GROWNS,Nilrich,FBOPF1,1500,293.44,53.92
14,2025-04-07/08,LOW GROWNS,Lions,FBOPF1,1500,293.44,53.92
14,2025-04-07/08,LOW GROWNS,Garden Leaf,FBOPF1,1500,293.44,53.92
14,2025-04-07/08,LOW GROWNS,Meezan,FBOPF1,1500,293.44,53.92
14,2025-04-07/08,LOW GROWNS,Hedigalla,FBOPF1,1500,293.44,53.92
14,2025-04-07/08,LOW GROWNS,Haughton,FBOPF1,1500,293.44,53.92
14,2025-04-07/08,LOW GROWNS,Pothotuwa,BOPI,3000,293.44,53.92
14,2025-04-07/08,LOW GROWNS,Susantha,OP1,1500,293.44,53.92
14,2025-04-07/08,LOW GROWNS,Pothotuwa,OP1,1400,293.44,53.92
14,2025-04-07/08,LOW GROWNS,Green Lanka,OP,1340,293.44,53.92
14,2025-04-07/08,LOW GROWNS,Liyonta,OPA,1440,293.44,53.92
14,2025-04-07/08,LOW GROWNS,Lumbini,PEK,1400,293.44,53.92
14,2025-04-07/08,LOW GROWNS,Pasgoda Smallholders,PEK,1380,293.44,53.92
14,2025-04-07/08,LOW GROWNS,Hidellana,PEKI,1380,293.44,53.92
14,2025-04-07/08,LOW GROWNS,New Batuwangala,PEKI,1700,293.44,53.92
14,2025-04-07/08,UNORTHODOX HIGH,Dunsinane CTC,PF1,1180,293.44,36.53
14,2025-04-07/08,UNORTHODOX HIGH,Ulugedara CTC,PF1,1180,293.44,36.53
14,2025-04-07/08,UNORTHODOX MEDIUM,New Rothschild CTC,PF1,1200,293.44,36.53
14,2025-04-07/08,UNORTHODOX MEDIUM,Delta CTC,BP1,940,293.44,36.53
14,2025-04-07/08,UNORTHODOX MEDIUM,Aultmore CTC,BPS,940,293.44,36.53
14,2025-04-07/08,UNORTHODOX LOW,Hingalgoda CTC,PF1,1500,293.44,36.53
14,2025-04-07/08,UNORTHODOX LOW,Ceciliyan CTC,BP1,1060,293.44,36.53
14,2025-04-07/08,PREMIUM FLOWERY,Kurunduwatta,FBOPFSP,4550,293.44,36.53
14,2025-04-07/08,PREMIUM FLOWERY,New Batuwangala,FBOPFEXSP,5100,293.44,36.53
14,2025-04-07/08,PREMIUM FLOWERY,Lions,FBOPFEXSP,5050,293.44,36.53
14,2025-04-07/08,PREMIUM FLOWERY,Fortune,FBOPFEXSP,4850,293.44,36.53
14,2025-04-07/08,PREMIUM FLOWERY,Kendalanda,FBOPFEXSP1,4050,293.44,36.53
14,2025-04-07/08,DUSTS,Mattakelle,DUST1,1600,293.44,36.53
14,2025-04-07/08,DUSTS,Ceciliyan CTC,PD,1440,293.44,36.53
14,2025-04-07/08,OFF GRADES,Wanarajah,FGS/FGS1,1200,293.44,36.53
14,2025-04-07/08,OFF GRADES,Liyonta CTC,PF,960,293.44,36.53
14,2025-04-07/08,OFF GRADES,Hidellana,BM,1040,293.44,36.53
14,2025-04-07/08,OFF GRADES,Delmar,BM,980,293.44,36.53
14,2025-04-07/08,OFF GRADES,Chandrika Estate,BM,980,293.44,36.53
14,2025-04-07/08,OFF GRADES,New Deniyaya,BP,1280,293.44,36.53
14,2025-04-07/08,OFF GRADES,Suwishka,BP,1280,293.44,36.53
14,2025-04-07/08,OFF GRADES,Kiruwanaganga,BP,1220,293.44,36.53
14,2025-04-07/08,OFF GRADES,Handugala,BOPIA,1000,293.44,36.53
14,2025-04-07/08,OFF GRADES,Suduwelipothahena,BOPIA,1000,293.44,36.53
14,2025-04-07/08,OFF GRADES,Himara,BOPIA,1000,293.44,36.53
14,2025-04-07/08,OFF GRADES,Andaradeniya Super,BOPIA,1000,293.44,36.53
14,2025-04-07/08,OFF GRADES,Seranya Super,BOPIA,1000,293.44,36.53
14,2025-04-07/08,OFF GRADES,Renukanda,BOPIA,1000,293.44,36.53
14,2025-04-07/08,OFF GRADES,Susantha,BOPIA,1000,293.44,36.53
14,2025-04-07/08,OFF GRADES,Allen Valley,BOPIA,1000,293.44,36.53
14,2025-04-07/08,OFF GRADES,Lanka,BOPIA,1000,293.44,36.53
15,2025-04-22/23,WESTERN MEDIUM,Harangalla,BOP,1550,295.1,39.27
15,2025-04-22/23,WESTERN MEDIUM,Pothotuwa,BOP,3000,295.1,39.27
15,2025-04-22/23,WESTERN MEDIUM,Rilagala,BOPSp,1440,295.1,39.27
15,2025-04-22/23,WESTERN MEDIUM,Morawakkorale,BOPF/BOPFSp,1200,295.1,39.27
15,2025-04-22/23,WESTERN MEDIUM,Vellai Oya,BOPF/BOPFSp,1600,295.1,39.27
15,2025-04-22/23,WESTERN MEDIUM,Harangalla,BOP1,2050,295.1,39.27
15,2025-04-22/23,WESTERN MEDIUM,Dartry Valley,BOPI,2050,295.1,39.27
15,2025-04-22/23,WESTERN MEDIUM,Harangalla,FBOP/FBOPI,1950,295.1,39.27
15,2025-04-22/23,WESTERN MEDIUM,Dartry Valley,FBOP/FBOPI,1950,295.1,39.27
15,2025-04-22/23,WESTERN MEDIUM,New Rothschild,FBOP/FBOPI,1950,295.1,39.27
15,2025-04-22/23,WESTERN MEDIUM,Ancoombra,FBOPF/FBOPF1,1600,295.1,39.27
15,2025-04-22/23,WESTERN MEDIUM,Dartry Valley,FBOPF/FBOPFI,1550,295.1,39.27
15,2025-04-22/23,WESTERN MEDIUM,Hatale,FBOPF/FBOPF1,1550,295.1,39.27
15,2025-04-22/23,WESTERN MEDIUM,Sunrise,FBOPF/FBOPF1,1500,295.1,39.27
15,2025-04-22/23,WESTERN MEDIUM,Craighead,OP1,1700,295.1,39.27
15,2025-04-22/23,WESTERN MEDIUM,Cooroondoowatte,PEK/PEKI,1700,295.1,39.27
15,2025-04-22/23,WESTERN MEDIUM,Harangalla,PEK/PEKI,1700,295.1,39.27
15,2025-04-22/23,WESTERN MEDIUM,Dartry Valley,PEK/PEKI,1700,295.1,39.27
15,2025-04-22/23,WESTERN MEDIUM,Hatale,PEK/PEKI,1700,295.1,39.27
15,2025-04-22/23,WESTERN MEDIUM,Pothotuwa,OP1,3200,295.1,39.27
15,2025-04-22/23,WESTERN HIGH,Great Western,BOP,2750,295.1,34.34
15,2025-04-22/23,WESTERN HIGH,Dessford,BOP,2150,295.1,34.34
15,2025-04-22/23,WESTERN HIGH,Wattegodde,BOP,2100,295.1,34.34
15,2025-04-22/23,WESTERN HIGH,Robgill,BOPSP,1900,295.1,34.34
15,2025-04-22/23,WESTERN HIGH,Holyrood,BOPSP,1650,295.1,34.34
15,2025-04-22/23,WESTERN HIGH,Robgill,BOPF/BOPFSp,1650,295.1,34.34
15,2025-04-22/23,WESTERN HIGH,Gouravilla,BOPF/BOPFSp,1600,295.1,34.34
15,2025-04-22/23,WESTERN HIGH,Wattegodde,BOPF/BOPFSp,1600,295.1,36.53
15,2025-04-22/23,WESTERN HIGH,Great Western,BOPF/BOPFSp,1600,295.1,34.34
15,2025-04-22/23,WESTERN HIGH,Torrington,BOPI,1500,295.1,34.34
15,2025-04-22/23,WESTERN HIGH,Inverness,FBOP/FBOPI,1550,295.1,34.34
15,2025-04-22/23,WESTERN HIGH,Bambarakelly,FBOP/FBOPI,1550,295.1,34.34
15,2025-04-22/23,WESTERN HIGH,Queensberry,FBOP/FBOPI,1480,295.1,34.34
15,2025-04-22/23,WESTERN HIGH,Torrington,FBOP/FBOΡΙ,1440,295.1,34.34
15,2025-04-22/23,WESTERN HIGH,Inverness,FBOPF/FBOPF1,1460,295.1,34.34
15,2025-04-22/23,WESTERN HIGH,Torrington,OP/OPA,1320,295.1,34.34
15,2025-04-22/23,WESTERN HIGH,Venture,OP/OPA,1320,295.1,34.34
15,2025-04-22/23,WESTERN HIGH,Venture,OP1,1480,295.1,34.34
15,2025-04-22/23,WESTERN HIGH,Annfield,PEK/PEK1,1550,295.1,34.34
15,2025-04-22/23,WESTERN HIGH,Frotoft Super,PEK/PEKI,1550,295.1,34.34
15,2025-04-22/23,WESTERN HIGH,Wattegodde,PEK/PEK1,1480,295.1,34.34
15,2025-04-22/23,WESTERN HIGH,Mattakelle,PEK/PEKI,1480,295.1,34.34
15,2025-04-22/23,WESTERN HIGH,Great Western,PEK/PEKI,1440,295.1,34.34
15,2025-04-22/23,NUWARA ELIYAS,Kenmare,BOP,980,295.1,40.36
15,2025-04-22/23,NUWARA ELIYAS,Lovers Leap,BOPF/BOPFSp,1500,295.1,40.36
15,2025-04-22/23,NUWARA ELIYAS,Mahagastotte,BOPF/BOPFSP,1380,295.1,40.36
15,2025-04-22/23,NUWARA ELIYAS,Court Lodge,BOPF/BOPFSp,1340,295.1,40.36
15,2025-04-22/23,NUWARA ELIYAS,Kenmare,FBOP/FBOP1,1320,295.1,40.36
15,2025-04-22/23,NUWARA ELIYAS,Kenmare,OP/OPA,1200,295.1,40.36
15,2025-04-22/23,NUWARA ELIYAS,Lovers Leap,PEK/PEKI,1650,295.1,40.36
15,2025-04-22/23,NUWARA ELIYAS,Court Lodge,PEK/PEK1,1650,295.1,40.36
15,2025-04-22/23,UDAPUSSELLAWAS,Kirklees,BOP,960,295.1,32.64
15,2025-04-22/23,UDAPUSSELLAWAS,Delmar,BOPSP,1000,295.1,32.64
15,2025-04-22/23,UDAPUSSELLAWAS,Luckyland,BOPF/BOPFSp,1140,295.1,32.64
15,2025-04-22/23,UDAPUSSELLAWAS,Blairlomond,BOPI,1240,295.1,32.64
15,2025-04-22/23,UDAPUSSELLAWAS,Maha Uva,BOPI,1180,295.1,32.64
15,2025-04-22/23,UDAPUSSELLAWAS,Blairlomond,FBOP/FBOPI,1460,295.1,32.64
15,2025-04-22/23,UDAPUSSELLAWAS,Delmar,FBOP/FBOPI,1380,295.1,32.64
15,2025-04-22/23,UDAPUSSELLAWAS,Delmar,FBOPF/FBOPF1,1320,295.1,32.64
15,2025-04-22/23,UDAPUSSELLAWAS,Blairlomond,FBOPF/FBOPFI,1280,295.1,32.64
15,2025-04-22/23,UDAPUSSELLAWAS,Blairlomond,OP/OPA,1200,295.1,32.64
15,2025-04-22/23,UDAPUSSELLAWAS,Maha Uva,OP/OPA,1260,295.1,32.64
15,2025-04-22/23,UDAPUSSELLAWAS,Delmar,OP1,1480,295.1,32.64
15,2025-04-22/23,UDAPUSSELLAWAS,Maha Uva,PEK/PEKI,1400,295.1,32.64
15,2025-04-22/23,UDAPUSSELLAWAS,Blairlomond,PEK/PEK1,1400,295.1,32.64
15,2025-04-22/23,LOW GROWNS,Mahaliyadda,BOP,1650,295.1,53.92
15,2025-04-22/23,LOW GROWNS,Stream Line,BOPSP,2100,295.1,53.92
15,2025-04-22/23,LOW GROWNS,Kanarangapitiya,BOPSP,1550,295.1,53.92
15,2025-04-22/23,LOW GROWNS,Ganganee,BOPSP,1550,295.1,53.92
15,2025-04-22/23,LOW GROWNS,Hidellana,BOPF,1500,295.1,53.92
15,2025-04-22/23,LOW GROWNS,Greenwin Super,BOPFSp,1800,295.1,53.92
15,2025-04-22/23,LOW GROWNS,Mulatiyana Hills,FBOP,2500,295.1,53.92
15,2025-04-22/23,LOW GROWNS,Hedigalla,FBOP,2450,295.1,53.92
15,2025-04-22/23,LOW GROWNS,Adams View,FBOP,2350,295.1,53.92
15,2025-04-22/23,LOW GROWNS,Cecilivan,FBOP1,2300,295.1,53.92
15,2025-04-22/23,LOW GROWNS,Wattahena,FBOP1,2100,295.1,53.92
15,2025-04-22/23,LOW GROWNS,Dullie Ella,FBOP1,1950,295.1,53.92
15,2025-04-22/23,LOW GROWNS,New Laksakanda,FBOPF,2050,295.1,53.92
15,2025-04-22/23,LOW GROWNS,Hidellana,FBOPF,2000,295.1,53.92
15,2025-04-22/23,LOW GROWNS,Sithaka,FBOPF,2000,295.1,53.92
15,2025-04-22/23,LOW GROWNS,Richiland,FBOPF,2000,295.1,53.92
15,2025-04-22/23,LOW GROWNS,Gunawardena,FBOPF,1950,295.1,53.92
15,2025-04-22/23,LOW GROWNS,Kiruwanaganga,FBOPF1,1750,295.1,53.92
15,2025-04-22/23,LOW GROWNS,Pothotuwa,FBOPF1,1700,295.1,53.92
15,2025-04-22/23,LOW GROWNS,Dellawa,FBOPF1,1650,295.1,53.92
15,2025-04-22/23,LOW GROWNS,Adams View,FBOPF1,1650,295.1,53.92
15,2025-04-22/23,LOW GROWNS,Fairyland,FBOPF1,1650,295.1,53.92
15,2025-04-22/23,LOW GROWNS,Ransegoda,FBOPF1,1650,295.1,53.92
15,2025-04-22/23,LOW GROWNS,Sithaka,FBOPF1,1650,295.1,53.92
15,2025-04-22/23,LOW GROWNS,Pothotuwa,BOP1,3000,295.1,53.92
15,2025-04-22/23,UNORTHODOX HIGH,Dunsinane CTC,PF1,1200,295.1,36.53
15,2025-04-22/23,UNORTHODOX HIGH,Ulugedara CTC,PF1,1200,295.1,36.53
15,2025-04-22/23,UNORTHODOX HIGH,Mount Vernon CTC,BPS,920,295.1,36.53
15,2025-04-22/23,UNORTHODOX MEDIUM,New Peacock CTC,PF1,1200,295.1,36.53
15,2025-04-22/23,UNORTHODOX MEDIUM,Strathdon CTC,PF1,1200,295.1,36.53
15,2025-04-22/23,UNORTHODOX MEDIUM,New Peacock CTC,BP1,1220,295.1,36.53
15,2025-04-22/23,UNORTHODOX MEDIUM,Strathdon CTC,BPS,1020,295.1,36.53
15,2025-04-22/23,UNORTHODOX LOW,Hingalgoda CTC,PF1,1600,295.1,36.53
15,2025-04-22/23,UNORTHODOX LOW,Ceciliyan CTC,BP1,1120,295.1,36.53
15,2025-04-22/23,UNORTHODOX LOW,Lantern Hill CTC,BPS,960,295.1,36.53
15,2025-04-22/23,PREMIUM FLOWERY,Samwin,FBOPFSP,4450,295.1,36.53
15,2025-04-22/23,PREMIUM FLOWERY,Wikiliya,FBOPFSP,4350,295.1,36.53
15,2025-04-22/23,PREMIUM FLOWERY,Greenwin Super,FBOPFSP,4350,295.1,36.53
15,2025-04-22/23,PREMIUM FLOWERY,Rathmalgoda Super,FBOPFEXSP,5700,295.1,36.53
15,2025-04-22/23,PREMIUM FLOWERY,Tea Bank,FBOPFEXSP1,4500,295.1,36.53
15,2025-04-22/23,DUSTS,Mattakelle,DUST1,1650,295.1,36.53
15,2025-04-22/23,DUSTS,Ceciliyan CTC,PD,1460,295.1,36.53
15,2025-04-22/23,DUSTS,Hingalgoda CTC,PD,1460,295.1,36.53
15,2025-04-22/23,OFF GRADES,Wanarajah,FGS/FGS1,1160,295.1,36.53
15,2025-04-22/23,OFF GRADES,Agra Ouvah,FGS/FGS,1160,295.1,36.53
15,2025-04-22/23,OFF GRADES,Holyrood,FGS/FGS1,1140,295.1,36.53
15,2025-04-22/23,OFF GRADES,Somerset,FGS/FGS1,1140,295.1,36.53
15,2025-04-22/23,OFF GRADES,Eildon Hall,FGS/FGS1,1140,295.1,36.53
15,2025-04-22/23,OFF GRADES,Albion,FGS/FGS1,1140,295.1,36.53
15,2025-04-22/23,OFF GRADES,Dessford,FGS/FGSI,1140,295.1,36.53
15,2025-04-22/23,OFF GRADES,Clydesdale,FGS/FGSI,1120,295.1,36.53
15,2025-04-22/23,OFF GRADES,Liyonta CTC,PF,1000,295.1,36.53
15,2025-04-22/23,OFF GRADES,Hidellana,BM,1080,295.1,36.53
15,2025-04-22/23,OFF GRADES,Gunawardena,BM,1080,295.1,36.53
15,2025-04-22/23,OFF GRADES,Sineth,BM,1080,295.1,36.53
15,2025-04-22/23,OFF GRADES,Aldora,BM,1040,295.1,36.53
15,2025-04-22/23,OFF GRADES,Suwishka,BP,1340,295.1,36.53
15,2025-04-22/23,OFF GRADES,Chandrika Estate,BOPIA,1280,295.1,36.53
15,2025-04-22/23,OFF GRADES,Aldora,BOPIA,1220,295.1,36.53
16,2025-04-28/29,WESTERN MEDIUM,Craighead,BOP,1600,295.39,39.27
16,2025-04-28/29,WESTERN MEDIUM,Ancoombra,BOPSP,1380,295.39,39.27
16,2025-04-28/29,WESTERN MEDIUM,Rilagala,BOPSP,1240,295.39,39.27
16,2025-04-28/29,WESTERN MEDIUM,Doombagastalawa,BOPSP,1240,295.39,39.27
16,2025-04-28/29,WESTERN MEDIUM,Uplands,BOPF/BOPFSP,1380,295.39,39.27
16,2025-04-28/29,WESTERN MEDIUM,Craighead,BOPI,2100,295.39,39.27
16,2025-04-28/29,WESTERN MEDIUM,Dartry Valley,BOPI,2050,295.39,39.27
16,2025-04-28/29,WESTERN MEDIUM,Craighead,FBOP/FBOPI,1950,295.39,39.27
16,2025-04-28/29,WESTERN MEDIUM,Doombagastalawa,FBOP/FBOPI,1950,295.39,39.27
16,2025-04-28/29,WESTERN MEDIUM,Harangalla,FBOP/FBOPI,1950,295.39,39.27
16,2025-04-28/29,WESTERN MEDIUM,Dartry Valley,FBOP/FBOPI,1850,295.39,39.27
16,2025-04-28/29,WESTERN MEDIUM,New Rothschild,FBOP/FBOPI,1850,295.39,39.27
16,2025-04-28/29,WESTERN MEDIUM,Windsorforest,FBOP/FBOPI,1650,295.39,39.27
16,2025-04-28/29,WESTERN MEDIUM,Craighead,FBOPF/FBOPFI,1650,295.39,39.27
16,2025-04-28/29,WESTERN MEDIUM,Harangalla,FBOPF/FBOPF1,1650,295.39,39.27
16,2025-04-28/29,WESTERN MEDIUM,Dartry Valley,FBOPF/FBOPFI,1650,295.39,39.27
16,2025-04-28/29,WESTERN MEDIUM,Ancoombra,FBOPF/FBOPF1,1650,295.39,39.27
16,2025-04-28/29,WESTERN MEDIUM,Doombagastalawa,FBOPF/FBOPFI,1550,295.39,39.27
16,2025-04-28/29,WESTERN MEDIUM,Ingurugala,OP/OPA,1360,295.39,39.27
16,2025-04-28/29,WESTERN MEDIUM,Craighead,OP/OPA,1300,295.39,39.27
16,2025-04-28/29,WESTERN MEDIUM,Harangalla,OP1,1500,295.39,39.27
16,2025-04-28/29,WESTERN MEDIUM,New Baddegama Super,OP1,1500,295.39,39.27
16,2025-04-28/29,WESTERN MEDIUM,Uplands,PEK/PEKI,2250,295.39,39.27
16,2025-04-28/29,UVA MEDIUM,Roseland Uva,BOP,1440,295.39,29.74
16,2025-04-28/29,UVA MEDIUM,Dickwella,BOPSP,1260,295.39,29.74
16,2025-04-28/29,UVA MEDIUM,Haputale Super,BOPSP,1260,295.39,29.74
16,2025-04-28/29,UVA MEDIUM,Uva Samovar,BOPSP,1220,295.39,29.74
16,2025-04-28/29,UVA MEDIUM,Hindagala,BOPSP,1220,295.39,29.74
16,2025-04-28/29,UVA MEDIUM,Glen Alpin,BOPF/BOPFSp,1440,295.39,29.74
16,2025-04-28/29,UVA MEDIUM,Dickwella,BOP1,1800,295.39,29.74
16,2025-04-28/29,UVA MEDIUM,El Teb,BOP1,1550,295.39,29.74
16,2025-04-28/29,UVA MEDIUM,Dickwella,FBOP/FBOPI,1750,295.39,29.74
16,2025-04-28/29,UVA MEDIUM,Misty-Uva,FBOP/FBOPI,1650,295.39,29.74
16,2025-04-28/29,UVA MEDIUM,Sarnia Plaiderie,FBOPF/FBOPF1,1550,295.39,29.74
16,2025-04-28/29,UVA MEDIUM,Dickwella,OP/OPA,1340,295.39,29.74
16,2025-04-28/29,UVA MEDIUM,Wewesse,OP/OPA,1340,295.39,29.74
16,2025-04-28/29,UVA MEDIUM,Sarnia Plaiderie,OP/OPA,1320,295.39,29.74
16,2025-04-28/29,UVA MEDIUM,Misty-Uva,OP/OPA,1300,295.39,29.74
16,2025-04-28/29,UVA MEDIUM,Dickwella,OP1,1550,295.39,29.74
16,2025-04-28/29,UVA MEDIUM,Roseland Uva,PEK/PEKI,1600,295.39,29.74
16,2025-04-28/29,UVA MEDIUM,Glen Alpin,PEK/PEKI,1550,295.39,29.74
16,2025-04-28/29,UVA MEDIUM,Rathkelle-Uva,PEK/PEKI,1550,295.39,29.74
16,2025-04-28/29,UVA MEDIUM,Dickwella,PEK/PEKI,1500,295.39,29.74
16,2025-04-28/29,UVA HIGH,Nayabedde,BOP,1240,295.39,16.5
16,2025-04-28/29,UVA HIGH,Spring Valley,BOPSP,1380,295.39,16.5
16,2025-04-28/29,UVA HIGH,Nayabedde,BOPF/BOPFSp,1080,295.39,16.5
16,2025-04-28/29,UVA HIGH,Bandaraeliya,BOPF/BOPFSp,1080,295.39,16.5
16,2025-04-28/29,UVA HIGH,Kelliebedde,BOPF/BOPFSp,1000,295.39,16.5
16,2025-04-28/29,UVA HIGH,Pitaratmalie,BOPF/BOPFSp,1000,295.39,16.5
16,2025-04-28/29,UVA HIGH,Uva Highlands,BOPI,1550,295.39,16.5
16,2025-04-28/29,UVA HIGH,Gonamotawa,FBOP/FBOPI,1650,295.39,16.5
16,2025-04-28/29,UVA HIGH,Uva Highlands,FBOPF/FBOPF1,1500,295.39,16.5
16,2025-04-28/29,UVA HIGH,Ellathota Uva,FBOPF/FBOPFI,1480,295.39,16.5
16,2025-04-28/29,UVA HIGH,Spring Valley,OP/OPA,1360,295.39,16.5
16,2025-04-28/29,UVA HIGH,Ranaya,OP1,1600,295.39,16.5
16,2025-04-28/29,UVA HIGH,Craig,PEK/PEKI,1550,295.39,16.5
16,2025-04-28/29,UDAPUSSELLAWAS,Luckyland,BOP,900,295.39,32.64
16,2025-04-28/29,UDAPUSSELLAWAS,Kirklees,BOP,900,295.39,32.64
16,2025-04-28/29,UDAPUSSELLAWAS,Delmar,BOPSP,1180,295.39,32.64
16,2025-04-28/29,UDAPUSSELLAWAS,Luckyland,BOPF/BOPFSP,1080,295.39,32.64
16,2025-04-28/29,UDAPUSSELLAWAS,Maha Uva,BOPI,1460,295.39,32.64
16,2025-04-28/29,UDAPUSSELLAWAS,Blairlomond,FBOP/FBOPI,1360,295.39,32.64
16,2025-04-28/29,UDAPUSSELLAWAS,Delmar,FBOPF/FBOPFI,1420,295.39,32.64
16,2025-04-28/29,UDAPUSSELLAWAS,Blairlomond,OP/OPA,1200,295.39,32.64
16,2025-04-28/29,UDAPUSSELLAWAS,Maha Uva,OP/OPA,1180,295.39,32.64
16,2025-04-28/29,UDAPUSSELLAWAS,Delmar,OP/OPA,1160,295.39,32.64
16,2025-04-28/29,UDAPUSSELLAWAS,Maha Uva,OP1,1400,295.39,32.64
16,2025-04-28/29,UDAPUSSELLAWAS,Maha Uva,PEK/PEK1,1400,295.39,32.64
16,2025-04-28/29,LOW GROWNS,Mulatiyana Hills,BOP,2300,295.39,53.92
16,2025-04-28/29,LOW GROWNS,Kamarangapitiya,BOPSP,2200,295.39,53.92
16,2025-04-28/29,LOW GROWNS,Rajjuruwatta Super,BOPFSp,2350,295.39,53.92
16,2025-04-28/29,LOW GROWNS,Sithaka,FBOP,2350,295.39,53.92
16,2025-04-28/29,LOW GROWNS,Kiruwanaganga,FBOP,2250,295.39,53.92
16,2025-04-28/29,LOW GROWNS,Gunawardena,FBOP,2250,295.39,53.92
16,2025-04-28/29,LOW GROWNS,Galatara,FBOP,2250,295.39,53.92
16,2025-04-28/29,LOW GROWNS,Hidellana,FBOP,2250,295.39,53.92
16,2025-04-28/29,LOW GROWNS,Ganganee,FBOP1,1950,295.39,53.92
16,2025-04-28/29,LOW GROWNS,Greenwin Super,FBOP1,1950,295.39,53.92
16,2025-04-28/29,LOW GROWNS,Sithaka,FBOP1,1950,295.39,53.92
16,2025-04-28/29,LOW GROWNS,Katanwila,FBOPF,2550,295.39,53.92
16,2025-04-28/29,LOW GROWNS,Sineth,FBOPF1,2100,295.39,53.92
16,2025-04-28/29,LOW GROWNS,Pothotuwa,BOPI,3150,295.39,53.92
16,2025-04-28/29,LOW GROWNS,Dampahala,OP1,3200,295.39,53.92
16,2025-04-28/29,LOW GROWNS,Berubeula,OP,1700,295.39,53.92
16,2025-04-28/29,LOW GROWNS,Lyonta,PEK,2350,295.39,53.92
16,2025-04-28/29,LOW GROWNS,Dampahala,PEKI,2250,295.39,53.92
16,2025-04-28/29,LOW GROWNS,Stream Line,PEKI,2250,295.39,53.92
16,2025-04-28/29,LOW GROWNS,New Laksakanda,PEKI,2250,295.39,53.92
16,2025-04-28/29,UNORTHODOX HIGH,Dunsinane CTC,PF1,1160,295.39,36.53
16,2025-04-28/29,UNORTHODOX HIGH,Mount Vernon CTC,BPS,900,295.39,36.53
16,2025-04-28/29,UNORTHODOX MEDIUM,Rothschild CTC,PF1,1160,295.39,36.53
16,2025-04-28/29,UNORTHODOX MEDIUM,Kalubowitiyana CTC,BP1,1200,295.39,36.53
16,2025-04-28/29,UNORTHODOX MEDIUM,Aultmore CTC,BPS,950,295.39,36.53
16,2025-04-28/29,UNORTHODOX LOW,Hingalgoda CTC,PF1,1550,295.39,36.53
16,2025-04-28/29,UNORTHODOX LOW,Kalubowitiyana CTC,BP1,1200,295.39,36.53
16,2025-04-28/29,PREMIUM FLOWERY,Kurunduwatta,FBOPFSp,4350,295.39,36.53
16,2025-04-28/29,PREMIUM FLOWERY,Fortune,FBOPFSp,4300,295.39,36.53
16,2025-04-28/29,PREMIUM FLOWERY,New Hopewell,FBOPFSp,4300,295.39,36.53
16,2025-04-28/29,PREMIUM FLOWERY,Moragalla 'A1',FBOPFSP,4200,295.39,36.53
16,2025-04-28/29,PREMIUM FLOWERY,Ivy Hills,FBOPFExSp,5700,295.39,36.53
16,2025-04-28/29,PREMIUM FLOWERY,Fortune,FBOPFExSp,5450,295.39,36.53
16,2025-04-28/29,PREMIUM FLOWERY,Lihiniyawa,FBOPFExSp1,5500,295.39,36.53
16,2025-04-28/29,DUSTS,Mattakelle,DUST1,1750,295.39,36.53
16,2025-04-28/29,DUSTS,Kalubowitiyana CTC,PD,1420,295.39,36.53
16,2025-04-28/29,DUSTS,Ceciliyan CTC,PD,1420,295.39,36.53
16,2025-04-28/29,DUSTS,Hingalgoda CTC,PD,1420,295.39,36.53
16,2025-04-28/29,OFF GRADES,Wanarajah,FGS/FGS1,1200,295.39,36.53
16,2025-04-28/29,OFF GRADES,Holyrood,FGS/FGS1,1180,295.39,36.53
16,2025-04-28/29,OFF GRADES,Hingalgoda CTC,PF,1220,295.39,36.53
16,2025-04-28/29,OFF GRADES,Bogoda,BM,1120,295.39,36.53
16,2025-04-28/29,OFF GRADES,Uplands,BM,1100,295.39,36.53
16,2025-04-28/29,OFF GRADES,Chandrika Estate,BM,1060,295.39,36.53
16,2025-04-28/29,OFF GRADES,Falcon Lanka,BP,1280,295.39,36.53
16,2025-04-28/29,OFF GRADES,Chandrika Estate,BOPIA,1260,295.39,36.53
17,2025-05-05/07,WESTERN MEDIUM,Hatale,BOP,1650,295.18,39.27
17,2025-05-05/07,WESTERN MEDIUM,Uplands,BOPSP,1500,295.18,39.27
17,2025-05-05/07,WESTERN MEDIUM,Uplands,BOPF/BOPFSP,1160,295.18,39.27
17,2025-05-05/07,WESTERN MEDIUM,Vellai Oya,BOPF/BOPFSp,1160,295.18,39.27
17,2025-05-05/07,WESTERN MEDIUM,Dartry Valley,BOPI,2000,295.18,39.27
17,2025-05-05/07,WESTERN MEDIUM,Harangalla,BOPI,1650,295.18,39.27
17,2025-05-05/07,WESTERN MEDIUM,Ancoombra,FBOP/FBOPI,1900,295.18,39.27
17,2025-05-05/07,WESTERN MEDIUM,Doombagastalawa,FBOP/FBOPI,1850,295.18,39.27
17,2025-05-05/07,WESTERN MEDIUM,Craighead,FBOP/FBOΡΙ,1800,295.18,39.27
17,2025-05-05/07,WESTERN MEDIUM,Harangalla,FBOP/FBOPI,1800,295.18,39.27
17,2025-05-05/07,WESTERN MEDIUM,Ancoombra,FBOPF/FBOPF1,1700,295.18,39.27
17,2025-05-05/07,WESTERN MEDIUM,Windsorforest,FBOPF/FBOPF1,1600,295.18,39.27
17,2025-05-05/07,WESTERN MEDIUM,Craighead,FBOPF/FBOPF1,1600,295.18,39.27
17,2025-05-05/07,WESTERN MEDIUM,Dartry Valley,FBOPF/FBOPF1,1600,295.18,39.27
17,2025-05-05/07,WESTERN MEDIUM,Hatale,FBOPF/FBOPF1,1600,295.18,39.27
17,2025-05-05/07,WESTERN MEDIUM,Doombagastalawa,FBOPF/FBOPF1,1550,295.18,39.27
17,2025-05-05/07,WESTERN MEDIUM,Ancoombra,FBOPF/FBOPF1,1550,295.18,39.27
17,2025-05-05/07,WESTERN MEDIUM,Craighead,OP1,1950,295.18,39.27
17,2025-05-05/07,WESTERN MEDIUM,Harangalla,OP1,1600,295.18,39.27
17,2025-05-05/07,WESTERN MEDIUM,Dartry Valley,OP1,1500,295.18,39.27
17,2025-05-05/07,WESTERN MEDIUM,Orange Field,OP1,1500,295.18,39.27
17,2025-05-05/07,WESTERN MEDIUM,New Rothschild,OP1,1500,295.18,39.27
17,2025-05-05/07,WESTERN MEDIUM,Ancoombra,OP1,1500,295.18,39.27
17,2025-05-05/07,WESTERN MEDIUM,Hatale,OP1,1500,295.18,39.27
17,2025-05-05/07,WESTERN MEDIUM,Dartry Valley,PEK/PEKI,1700,295.18,39.27
17,2025-05-05/07,WESTERN HIGH,Robgill,BOPF/BOPFSp,1380,295.18,34.34
17,2025-05-05/07,WESTERN HIGH,Alton,BOPF/BOPFSp,1320,295.18,34.34
17,2025-05-05/07,WESTERN HIGH,Dessford,BOPF/BOPFSp,1320,295.18,34.34
17,2025-05-05/07,WESTERN HIGH,Bambarakelly,BOPI,1420,295.18,34.34
17,2025-05-05/07,WESTERN HIGH,Bambarakelly,FBOP/FBOPI,1750,295.18,34.34
17,2025-05-05/07,WESTERN HIGH,Queensberry,FBOPF/FBOPF1,1480,295.18,34.34
17,2025-05-05/07,WESTERN HIGH,Venture,OP/OPA,1340,295.18,34.34
17,2025-05-05/07,WESTERN HIGH,Glenloch,OP/OPA,1200,295.18,34.34
17,2025-05-05/07,WESTERN HIGH,Bambarakelly,OP/OPA,1200,295.18,34.34
17,2025-05-05/07,WESTERN HIGH,Glenloch,OP1,1700,295.18,34.34
17,2025-05-05/07,WESTERN HIGH,Bambarakelly,PEK/PEK1,1460,295.18,34.34
17,2025-05-05/07,NUWARA ELIYAS,Court Lodge,BOP,1340,295.18,40.36
17,2025-05-05/07,NUWARA ELIYAS,Kenmare,BOPSP,1180,295.18,40.36
17,2025-05-05/07,NUWARA ELIYAS,Mahagastotte,BOPF/BOPFSp,1360,295.18,40.36
17,2025-05-05/07,NUWARA ELIYAS,Court Lodge,FBOP/FBOPI,1480,295.18,36.53
17,2025-05-05/07,NUWARA ELIYAS,Court Lodge,OP/OPA,1550,295.18,40.36
17,2025-05-05/07,NUWARA ELIYAS,Lovers Leap,PEK/PEK1,1380,295.18,40.36
17,2025-05-05/07,UDAPUSSELLAWAS,Luckyland,BOP,900,295.18,32.64
17,2025-05-05/07,UDAPUSSELLAWAS,Kirklees,BOP,900,295.18,32.64
17,2025-05-05/07,UDAPUSSELLAWAS,Delmar,BOPSP,1080,295.18,32.64
17,2025-05-05/07,UDAPUSSELLAWAS,Mooloya,BOPF/BOPFSp,1000,295.18,32.64
17,2025-05-05/07,UDAPUSSELLAWAS,Liddesdale,BOPF/BOPFSp,1000,295.18,32.64
17,2025-05-05/07,UDAPUSSELLAWAS,Blairlomond,BOPI,1220,295.18,32.64
17,2025-05-05/07,UDAPUSSELLAWAS,Delmar,FBOP/FBOPI,1550,295.18,32.64
17,2025-05-05/07,UDAPUSSELLAWAS,Blairlomond,FBOP/FBOPI,1460,295.18,32.64
17,2025-05-05/07,UDAPUSSELLAWAS,Delmar,FBOPF/FBOPFI,1460,295.18,32.64
17,2025-05-05/07,UDAPUSSELLAWAS,Maha Uva,FBOPF/FBOPF1,1440,295.18,32.64
17,2025-05-05/07,UDAPUSSELLAWAS,Blairlomond,FBOPF/FBOPF1,1360,295.18,32.64
17,2025-05-05/07,UDAPUSSELLAWAS,Blairlomond,OP/OPA,1160,295.18,32.64
17,2025-05-05/07,UDAPUSSELLAWAS,Maha Uva,OP/OPA,1160,295.18,32.64
17,2025-05-05/07,UDAPUSSELLAWAS,Delmar,OP/OPA,1140,295.18,32.64
17,2025-05-05/07,UDAPUSSELLAWAS,Blairlomond,OP/OPA,1140,295.18,32.64
17,2025-05-05/07,UDAPUSSELLAWAS,High Forest,OP/OPA,1080,295.18,32.64
17,2025-05-05/07,UDAPUSSELLAWAS,Delmar,OP1,1480,295.18,32.64
17,2025-05-05/07,UDAPUSSELLAWAS,High Forest,OP1,1140,295.18,32.64
17,2025-05-05/07,UDAPUSSELLAWAS,Blairlomond,OP1,1140,295.18,32.64
17,2025-05-05/07,UDAPUSSELLAWAS,Maha Uva,OP1,1080,295.18,32.64
17,2025-05-05/07,UDAPUSSELLAWAS,Maha Uva,PEK/PEK1,1460,295.18,32.64
17,2025-05-05/07,UDAPUSSELLAWAS,Blairlomond,PEK/PEKI,1360,295.18,32.64
17,2025-05-05/07,LOW GROWNS,Mahaliyadda,BOP,2450,295.18,53.92
17,2025-05-05/07,LOW GROWNS,Andaradeniya Super,BOP,2350,295.18,53.92
17,2025-05-05/07,LOW GROWNS,New Nivithigala,BOP,2350,295.18,53.92
17,2025-05-05/07,LOW GROWNS,Hidellana,BOP,2200,295.18,53.92
17,2025-05-05/07,LOW GROWNS,Golden Garden,BOP,2200,295.18,53.92
17,2025-05-05/07,LOW GROWNS,Mulatiyana Hills,BOP,2200,295.18,53.92
17,2025-05-05/07,LOW GROWNS,Aruna,BOP,2200,295.18,53.92
17,2025-05-05/07,LOW GROWNS,Andaradeniya Super,BOPSP,1750,295.18,53.92
17,2025-05-05/07,LOW GROWNS,Hidellana,BOPF,1550,295.18,53.92
17,2025-05-05/07,LOW GROWNS,Andaradeniya Super,BOPFSp,1550,295.18,53.92
17,2025-05-05/07,LOW GROWNS,Greenwin Super,BOPFSp,1550,295.18,53.92
17,2025-05-05/07,LOW GROWNS,Sithaka,FBOP,2450,295.18,53.92
17,2025-05-05/07,LOW GROWNS,Adams View,FBOP,2350,295.18,53.92
17,2025-05-05/07,LOW GROWNS,Cecilivan,FBOP1,2300,295.18,53.92
17,2025-05-05/07,LOW GROWNS,Wattahena,FBOP1,2100,295.18,53.92
17,2025-05-05/07,LOW GROWNS,Dullie Ella,FBOP1,1950,295.18,53.92
17,2025-05-05/07,LOW GROWNS,New Laksakanda,FBOPF,2050,295.18,53.92
17,2025-05-05/07,LOW GROWNS,Hidellana,FBOPF,2000,295.18,53.92
17,2025-05-05/07,LOW GROWNS,Sithaka,FBOPF,2000,295.18,53.92
17,2025-05-05/07,LOW GROWNS,Richiland,FBOPF,2000,295.18,53.92
17,2025-05-05/07,LOW GROWNS,Gunawardena,FBOPF,1950,295.18,53.92
17,2025-05-05/07,LOW GROWNS,Kiruwanaganga,FBOPF1,1750,295.18,53.92
17,2025-05-05/07,LOW GROWNS,Pothotuwa,FBOPF1,1700,295.18,53.92
17,2025-05-05/07,LOW GROWNS,Dellawa,FBOPF1,1650,295.18,53.92
17,2025-05-05/07,LOW GROWNS,Adams View,FBOPF1,1650,295.18,53.92
17,2025-05-05/07,LOW GROWNS,Fairyland,FBOPF1,1650,295.18,53.92
17,2025-05-05/07,LOW GROWNS,Ransegoda,FBOPF1,1650,295.18,53.92
17,2025-05-05/07,LOW GROWNS,Sithaka,FBOPF1,1650,295.18,53.92
17,2025-05-05/07,LOW GROWNS,Pothotuwa,BOP1,3000,295.18,53.92
17,2025-05-05/07,UNORTHODOX HIGH,Dunsinane CTC,PF1,1180,295.18,36.53
17,2025-05-05/07,UNORTHODOX HIGH,Mount Vernon CTC,BPS,940,295.18,36.53
17,2025-05-05/07,UNORTHODOX MEDIUM,Strathdon CTC,PF1,1180,295.18,36.53
17,2025-05-05/07,UNORTHODOX MEDIUM,New Peacock CTC,PF1,1180,295.18,36.53
17,2025-05-05/07,UNORTHODOX MEDIUM,New Peacock CTC,BP1,1220,295.18,36.53
17,2025-05-05/07,UNORTHODOX MEDIUM,Aultmore CTC,BPS,980,295.18,36.53
17,2025-05-05/07,UNORTHODOX LOW,Hingalgoda CTC,PF1,1550,295.18,36.53
17,2025-05-05/07,UNORTHODOX LOW,Hingalgoda CTC,BP1,1020,295.18,36.53
17,2025-05-05/07,UNORTHODOX LOW,Lantern Hill C.T.C,BPS,900,295.18,36.53
17,2025-05-05/07,PREMIUM FLOWERY,Karawita,FBOPFSP,4550,295.18,36.53
17,2025-05-05/07,PREMIUM FLOWERY,Parakaduwa Super,FBOPFExSp,5350,295.18,36.53
17,2025-05-05/07,PREMIUM FLOWERY,Rumassala Hills,FBOPFExSp1,4550,295.18,36.53
17,2025-05-05/07,DUSTS,Mattakelle,DUST1,2000,295.18,36.53
17,2025-05-05/07,DUSTS,Kalubowitiyana CTC,PD,1440,295.18,36.53
17,2025-05-05/07,DUSTS,Ceciliyan,PD,1440,295.18,36.53
17,2025-05-05/07,OFF GRADES,Wanarajah,FGS/FGS1,1260,295.18,36.53
17,2025-05-05/07,OFF GRADES,Clydesdale,FGS/FGSI,1140,295.18,36.53
17,2025-05-05/07,OFF GRADES,Chandrika CTC,PF,920,295.18,36.53
17,2025-05-05/07,OFF GRADES,Glenross,BM,1100,295.18,36.53
17,2025-05-05/07,OFF GRADES,Ransegoda,BP,1220,295.18,36.53
17,2025-05-05/07,OFF GRADES,Aldora,BOPIA,1280,295.18,36.53
17,2025-05-05/07,OFF GRADES,Chandrika Estate,ΒΟΡΙΑ,1240,295.18,36.53
17,2025-05-05/07,OFF GRADES,Narangala Super,BOPIA,1220,295.18,36.53
18,2025-05-14,WESTERN MEDIUM,Ancoombra,BOP,1700,294.88,39.27
18,2025-05-14,WESTERN MEDIUM,Craighead,BOP,1550,294.88,39.27
18,2025-05-14,WESTERN MEDIUM,Harangalla,BOP,1550,294.88,39.27
18,2025-05-14,WESTERN MEDIUM,Uplands,BOPSP,1480,294.88,39.27
18,2025-05-14,WESTERN MEDIUM,Vellai Oya,BOPF/BOPFSP,1120,294.88,39.27
18,2025-05-14,WESTERN MEDIUM,Harangalla,BOPI,1700,294.88,39.27
18,2025-05-14,WESTERN MEDIUM,Nayapane,BOPI,1700,294.88,39.27
18,2025-05-14,WESTERN MEDIUM,Rilagala,BOPI,1550,294.88,39.27
18,2025-05-14,WESTERN MEDIUM,Harangalla,FBOP/FBOPI,1750,294.88,39.27
18,2025-05-14,WESTERN MEDIUM,Imboolpitiya,FBOP/FBOPI,1700,294.88,39.27
18,2025-05-14,WESTERN MEDIUM,Rilagala,FBOP/FBOPI,1650,294.88,39.27
18,2025-05-14,WESTERN MEDIUM,Harangalla,FBOPF/FBOPF1,1600,294.88,39.27
18,2025-05-14,WESTERN MEDIUM,Dartry Valley,FBOPF/FBOPF1,1480,294.88,39.27
18,2025-05-14,WESTERN MEDIUM,Nayapane,FBOPF/FBOPF1,1480,294.88,39.27
18,2025-05-14,WESTERN MEDIUM,Rilagala,FBOPF/FBOPF1,1460,294.88,39.27
18,2025-05-14,WESTERN MEDIUM,Kenilworth,OP/OPA,1200,294.88,39.27
18,2025-05-14,WESTERN MEDIUM,Rilagala,OP/OPA,1460,294.88,39.27
18,2025-05-14,WESTERN MEDIUM,Dartry Valley,OP/OPA,1180,294.88,39.27
18,2025-05-14,WESTERN MEDIUM,Dotel Oya,OP/OPA,1180,294.88,39.27
18,2025-05-14,WESTERN MEDIUM,Uplands,OP/OPA,1180,294.88,39.27
18,2025-05-14,WESTERN MEDIUM,Oragnge Field,OP/OPA,1180,294.88,39.27
18,2025-05-14,WESTERN MEDIUM,Meezan,OP/OPA,1180,294.88,39.27
18,2025-05-14,WESTERN MEDIUM,Craighead,OP/OPA,1160,294.88,39.27
18,2025-05-14,WESTERN MEDIUM,Cooroondoowatte,OP/OPA,1160,294.88,39.27
18,2025-05-14,WESTERN MEDIUM,Nayapane,OP/OPA,1160,294.88,39.27
18,2025-05-14,WESTERN MEDIUM,Imboolpitiya,OP1,1480,294.88,39.27
18,2025-05-14,WESTERN MEDIUM,Harangalla,FBOP/FBOPI,1650,294.88,39.27
18,2025-05-14,WESTERN MEDIUM,Ancoombra,OP1,1460,294.88,39.27
18,2025-05-14,WESTERN MEDIUM,Harangalla,FBOP/FBOΡΙ,1650,294.88,39.27
18,2025-05-14,WESTERN MEDIUM,Inguruwatte,FBOP/FBOP1,1650,294.88,39.27
18,2025-05-14,WESTERN MEDIUM,Kenilworth,FBOP/FBOPI,1600,294.88,39.27
18,2025-05-14,WESTERN MEDIUM,Meezan,FBOP/FBOPI,1650,294.88,39.27
18,2025-05-14,WESTERN MEDIUM,Rilagala,FBOPF/FBOPF1,1550,294.88,39.27
18,2025-05-14,WESTERN MEDIUM,Cooroondoowatte,OP/OPA,1550,294.88,39.27
18,2025-05-14,WESTERN MEDIUM,Nayapane,PEK/PEKI,1550,294.88,39.27
18,2025-05-14,WESTERN MEDIUM,Doombagastalawa,PEK/PEKI,1500,294.88,39.27
18,2025-05-14,WESTERN MEDIUM,Imboolpitiya,PEK/PEKI,1500,294.88,39.27
18,2025-05-14,WESTERN HIGH,Norwood,BOP,1260,294.88,34.34
18,2025-05-14,WESTERN HIGH,Mattakelle,BOPSP,1380,294.88,34.34
18,2025-05-14,WESTERN HIGH,Talawakelle,BOPF/BOPFSp,1280,294.88,34.34
18,2025-05-14,WESTERN HIGH,Alton,BOPF/BOPFSp,1240,294.88,34.34
18,2025-05-14,WESTERN HIGH,Robgill,BOPF/BOPFSp,1240,294.88,34.34
18,2025-05-14,WESTERN HIGH,Great Western,BOPF/BOPFSp,1220,294.88,34.34
18,2025-05-14,WESTERN HIGH,Annfield,BOPF/BOPFSp,1220,294.88,34.34
18,2025-05-14,WESTERN HIGH,Norwood,BOPSP,1800,294.88,34.34
18,2025-05-14,WESTERN HIGH,Torrington,BOPI,1800,294.88,34.34
18,2025-05-14,WESTERN HIGH,Torrington,FBOP/FBOPI,1480,294.88,34.34
18,2025-05-14,WESTERN HIGH,Diyagama East,FBOP/FBOPI,1300,294.88,34.34
18,2025-05-14,WESTERN HIGH,Queensberry,FBOP/FBOPI,1440,294.88,34.34
18,2025-05-14,WESTERN HIGH,Torrington,FBOPF/FBOPF1,1440,294.88,34.34
18,2025-05-14,WESTERN HIGH,Bogahawatte,FBOPF/FBOPF1,1360,294.88,34.34
18,2025-05-14,WESTERN HIGH,Torrington,OP/OPA,1200,294.88,34.34
18,2025-05-14,WESTERN HIGH,Queensberry,OP/OPA,1140,294.88,34.34
18,2025-05-14,WESTERN HIGH,St Andrews,OP/OPA,1140,294.88,34.34
18,2025-05-14,WESTERN HIGH,Venture,OP1,1380,294.88,34.34
18,2025-05-14,WESTERN HIGH,Bambarakelly,OP1,1340,294.88,34.34
18,2025-05-14,WESTERN HIGH,Queensberry,OP1,1300,294.88,34.34
18,2025-05-14,WESTERN HIGH,Bogahawatte,PEK/PEK1,1460,294.88,34.34
18,2025-05-14,WESTERN HIGH,Queensberry,OP1,1360,294.88,34.34
18,2025-05-14,UVA MEDIUM,Aruna Passara,BOP,1180,294.88,29.74
18,2025-05-14,UVA MEDIUM,Sarnia Plaiderie,BOP,1360,294.88,29.74
18,2025-05-14,UVA MEDIUM,Hidagala,BOPSP,1380,294.88,29.74
18,2025-05-14,UVA MEDIUM,Dickwella,BOPSP,1360,294.88,29.74
18,2025-05-14,UVA MEDIUM,Dickwella,BOPF/BOPFSp,1460,294.88,29.74
18,2025-05-14,UVA MEDIUM,El Teb,BOPF/BOPFSp,1000,294.88,29.74
18,2025-05-14,UVA MEDIUM,Blossoms Uva Tea,BOPF/BOPFSp,860,294.88,29.74
18,2025-05-14,UVA MEDIUM,Demodera 'S',BOP1,1750,294.88,29.74
18,2025-05-14,UVA MEDIUM,Dickwella,BOPI,1700,294.88,29.74
18,2025-05-14,UVA MEDIUM,Dickwella,FBOP/FBOP1,1650,294.88,29.74
18,2025-05-14,UVA MEDIUM,Misty-Uva,FBOP/FBOPI,1460,294.88,29.74
18,2025-05-14,UVA MEDIUM,Sarnia Plaiderie,FBOPF/FBOPF1,1600,294.88,29.74
18,2025-05-14,UVA MEDIUM,Shawlands,PEK/PEKI,1600,294.88,29.74
18,2025-05-14,UVA HIGH,Nayabedde,BOP,1000,294.88,16.5
18,2025-05-14,UVA HIGH,Bandaraeliya,BOP,1000,294.88,16.5
18,2025-05-14,UVA HIGH,Aislaby,BOP,920,294.88,16.5
18,2025-05-14,UVA HIGH,Uva Highlands,BOP,1220,294.88,16.5
18,2025-05-14,UVA HIGH,Ranaya,BOPSP,1080,294.88,16.5
18,2025-05-14,UVA HIGH,Nayabedde,BOPF/BOPFSp,1080,294.88,16.5
18,2025-05-14,UVA HIGH,Uva Highlands,BOP1,1460,294.88,16.5
18,2025-05-14,UVA HIGH,Gonamotawa,FBOP/FBOPI,1550,294.88,16.5
18,2025-05-14,UVA HIGH,Aislaby,FBOP/FBOPI,1550,294.88,16.5
18,2025-05-14,UVA HIGH,Gonamotawa,FBOPF/FBOPF1,1460,294.88,16.5
18,2025-05-14,UVA HIGH,Glenanore,FBOPF/FBOPF1,1440,294.88,16.5
18,2025-05-14,UVA HIGH,Spring Valley,OP/OPA,1440,294.88,16.5
18,2025-05-14,UVA HIGH,Craig,OP1,1460,294.88,16.5
18,2025-05-14,UVA HIGH,Gonamotawa,PEK/PEK1,1500,294.88,16.5
18,2025-05-14,NUWARA ELIYAS,Mahagastotte,BOP,1240,294.88,40.36
18,2025-05-14,NUWARA ELIYAS,Lovers Leap,BOPF/BOPFSp,1280,294.88,40.36
18,2025-05-14,UDAPUSSELLAWAS,Liddesdale,BOP,890,294.88,32.64
18,2025-05-14,UDAPUSSELLAWAS,Delmar,BOPSP,1100,294.88,32.64
18,2025-05-14,UDAPUSSELLAWAS,Kirklees,BOPF/BOPFSP,960,294.88,32.64
18,2025-05-14,UDAPUSSELLAWAS,Delmar,FBOP/FBOPI,1500,294.88,32.64
18,2025-05-14,UDAPUSSELLAWAS,Delmar,FBOPF/FBOPF1,1440,294.88,32.64
18,2025-05-14,UDAPUSSELLAWAS,Gonapitiya,OP/OPA,1160,294.88,32.64
18,2025-05-14,UDAPUSSELLAWAS,Blairlomond,OP/OPA,1140,294.88,32.64
18,2025-05-14,UDAPUSSELLAWAS,Delmar,OP1,1120,294.88,32.64
18,2025-05-14,UDAPUSSELLAWAS,Blairlomond,PEK/PEKI,1360,294.88,32.64
18,2025-05-14,LOW GROWNS,Mulatiyana Hills,BOP,2450,294.88,53.92
18,2025-05-14,LOW GROWNS,Kamarangapitiya,BOPSP,2200,294.88,53.92
18,2025-05-14,LOW GROWNS,Katanwila,BOPF,1500,294.88,53.92
18,2025-05-14,LOW GROWNS,Pothotuwa,BOPF,1280,294.88,53.92
18,2025-05-14,LOW GROWNS,Chandrika Estate,BOPF,1020,294.88,53.92
18,2025-05-14,LOW GROWNS,New Spring View,BOPFSp,1500,294.88,53.92
18,2025-05-14,LOW GROWNS,Sithaka,FBOP,2450,294.88,53.92
18,2025-05-14,LOW GROWNS,Kiruwanaganga,FBOP1,2100,294.88,53.92
18,2025-05-14,LOW GROWNS,Lenama Hills,FBOPF,2200,294.88,53.92
18,2025-05-14,LOW GROWNS,Pothotuwa,FBOPF1,1750,294.88,53.92
18,2025-05-14,LOW GROWNS,New Vithanakande,PEKI,1500,294.88,53.92
18,2025-05-14,UNORTHODOX HIGH,Dunsinane CTC,PF1,1160,294.88,36.53
18,2025-05-14,UNORTHODOX MEDIUM,New Peacock CTC,PF1,1140,294.88,36.53
18,2025-05-14,UNORTHODOX MEDIUM,Strathdon CTC,PF1,1140,294.88,36.53
18,2025-05-14,UNORTHODOX MEDIUM,Delta CTC,BP1,1100,294.88,36.53
18,2025-05-14,UNORTHODOX MEDIUM,Strathdon CTC,BPS,870,294.88,36.53
18,2025-05-14,UNORTHODOX LOW,Hidgalgoda CTC,PF1,1550,294.88,36.53
18,2025-05-14,UNORTHODOX LOW,Ceciliyan CTC,BP1,1120,294.88,36.53
18,2025-05-14,PREMIUM FLOWERY,Lumbini,FBOPFSP,4600,294.88,36.53
18,2025-05-14,PREMIUM FLOWERY,HPP Tea,FBOPFExSp,4800,294.88,36.53
18,2025-05-14,PREMIUM FLOWERY,Lions,FBOPFExSp1,5050,294.88,36.53
18,2025-05-14,PREMIUM FLOWERY,Tea Bank,FBOPFExSp1,4150,294.88,36.53
18,2025-05-14,PREMIUM FLOWERY,Kiruwanaganga,FBOPFExSp1,3950,294.88,36.53
18,2025-05-14,DUSTS,Mattakelle,DUST1,1600,294.88,36.53
18,2025-05-14,DUSTS,Kalubowitiyana CTC,PD,1440,294.88,36.53
18,2025-05-14,OFF GRADES,Wanarajah,FGS/FGS1,1140,294.88,36.53
18,2025-05-14,OFF GRADES,Wattegodde,FGS/FGSI,1100,294.88,36.53
18,2025-05-14,OFF GRADES,Somerset,FGS/FGS1,1060,294.88,36.53
18,2025-05-14,OFF GRADES,Hingalgoda CTC,PF,1160,294.88,36.53
18,2025-05-14,OFF GRADES,Liyonta CTC,PF,1160,294.88,36.53
18,2025-05-14,OFF GRADES,Chandrika Estate,BM,1000,294.88,36.53
18,2025-05-14,OFF GRADES,Arbour Valley,BM,1000,294.88,36.53
18,2025-05-14,OFF GRADES,Arbour Valley,BP,1180,294.88,36.53
18,2025-05-14,OFF GRADES,Chandrika Estate,BP,1160,294.88,36.53
18,2025-05-14,OFF GRADES,Spring Valley,BP,1160,294.88,36.53
18,2025-05-14,OFF GRADES,Narangala Super,BOPIA,1300,294.88,36.53
18,2025-05-14,OFF GRADES,New Kandadola,BOPIA,1300,294.88,36.53
18,2025-05-14,OFF GRADES,Chandrika Estate,BOPIA,1280,294.88,36.53
18,2025-05-14,OFF GRADES,Aldora,BOPIA,1280,294.88,36.53
19,2025-06-17/18,WESTERN MEDIUM,Nayapane,BOP,1600,295.81,39.27
19,2025-06-17/18,WESTERN MEDIUM,Doombagastalawa.,BOP,1500,295.81,39.27
19,2025-06-17/18,WESTERN MEDIUM,Harangalla,BOP,1480,295.81,39.27
19,2025-06-17/18,WESTERN MEDIUM,Windsor forest.,BOPSp,1460,295.81,39.27
19,2025-06-17/18,WESTERN MEDIUM,Craighead,BOPF/BOPFSp,1280,295.81,39.27
19,2025-06-17/18,WESTERN MEDIUM,Craighead,BOPI,2050,295.81,39.27
19,2025-06-17/18,WESTERN MEDIUM,Harangalla,BOPI,1600,295.81,39.27
19,2025-06-17/18,WESTERN MEDIUM,Craighead,FBOP/FBOPI,1750,295.81,39.27
19,2025-06-17/18,WESTERN MEDIUM,Imboolpittia,FBOP/FBOPI,1750,295.81,39.27
19,2025-06-17/18,WESTERN MEDIUM,Harangalla,FBOP/FBOPI,1750,295.81,39.27
19,2025-06-17/18,WESTERN MEDIUM,Dartry Valley,FBOP/FROPI,1750,295.81,39.27
19,2025-06-17/18,WESTERN MEDIUM,Ancoombra,FBOP/FBOPI,1750,295.81,39.27
19,2025-06-17/18,WESTERN MEDIUM,Doombagastalawa,FBOP/FROPI,1700,295.81,39.27
19,2025-06-17/18,WESTERN MEDIUM,Orange Field,FBOP/FBOPI,1700,295.81,39.27
19,2025-06-17/18,WESTERN MEDIUM,Windsor forest,FBOP/FBOPI,1650,295.81,39.27
19,2025-05-14,WESTERN MEDIUM,Cooroondoowatte,FBOP/FBOPI,1650,295.81,39.27
19,2025-06-17/18,WESTERN MEDIUM,Morawakkorale,FBOPF/FBOPFI,1600,295.81,39.27
19,2025-06-17/18,WESTERN MEDIUM,Ancoombra,FBOPF/FBOPFI,1600,295.81,39.27
19,2025-06-17/18,WESTERN MEDIUM,Hatale,FBOPF/FBOPFI,1600,295.81,39.27
19,2025-06-17/18,WESTERN MEDIUM,Lumbini,FBOPF/FBOPF1,1550,295.81,39.27
19,2025-06-17/18,WESTERN MEDIUM,Meezan,OP/OPA,1220,295.81,39.27
19,2025-06-17/18,WESTERN MEDIUM,Galgewatta,OP/OPA,1220,295.81,39.27
19,2025-06-17/18,WESTERN MEDIUM,Ingurugala,OP/OPA,1220,295.81,39.27
19,2025-06-17/18,WESTERN MEDIUM,Menikdiwela Tea,OP OPA,1200,295.81,39.27
19,2025-06-17/18,WESTERN MEDIUM,Kurugama,OP/OPA,1200,295.81,39.27
19,2025-06-17/18,WESTERN MEDIUM,Greenwood,OP/OPA,1200,295.81,39.27
19,2025-06-17/18,WESTERN MEDIUM,Castlemilk,OP/OPA,1200,295.81,39.27
19,2025-06-17/18,WESTERN MEDIUM,Dickwella,OP/OPA,1180,295.81,39.27
19,2025-06-17/18,WESTERN MEDIUM,Elpitiva,OP/OPA,1180,295.81,39.27
19,2025-06-17/18,WESTERN MEDIUM,Harangalla,OP1,1550,295.81,39.27
19,2025-06-17/18,WESTERN MEDIUM,Dartry Valley,OP1,1480,295.81,39.27
19,2025-06-17/18,WESTERN MEDIUM,Hindagala.,OP/OPA,1480,295.81,39.27
19,2025-06-17/18,WESTERN MEDIUM,Craighead,PEK/PEKI,1650,295.81,39.27
19,2025-06-17/18,WESTERN MEDIUM,Imboolpitiya,PEK/PEKI,1650,295.81,39.27
19,2025-06-17/18,WESTERN MEDIUM,Rilagala,PEK PEK1,1650,295.81,39.27
19,2025-06-17/18,WESTERN MEDIUM,Harangalla,PEK/PEKT,1650,295.81,39.27
19,2025-06-17/18,WESTERN MEDIUM,Dartry Valley,PEK/PEKI,1650,295.81,39.27
19,2025-06-17/18,WESTERN MEDIUM,Misty-Uva,PEK/PEKI,1600,295.81,39.27
19,2025-06-17/18,WESTERN MEDIUM,Nayapane,PEK/PEKI,1600,295.81,39.27
19,2025-06-17/18,WESTERN MEDIUM,Doombagastalawa,PEK/PEKI,1600,295.81,39.27
19,2025-06-17/18,WESTERN MEDIUM,Meezan,PEK/PEKI,1600,295.81,39.27
19,2025-06-17/18,WESTERN MEDIUM,Orange Field,PEK/PEKI,1600,295.81,39.27
19,2025-06-17/18,WESTERN HIGH,Cymru,BOP,1380,295.81,34.34
19,2025-06-17/18,WESTERN HIGH,Ingestre,BOP,1280,295.81,34.34
19,2025-06-17/18,WESTERN HIGH,Great Western,BOP,1260,295.81,34.34
19,2025-06-17/18,WESTERN HIGH,Queensberry,BOPSP,1420,295.81,34.34
19,2025-06-17/18,WESTERN HIGH,Wattegodde,BOPSP,1400,295.81,34.34
19,2025-06-17/18,WESTERN HIGH,Holyrood,BOPF/FBOPFI,1400,295.81,34.34
19,2025-06-17/18,WESTERN HIGH,Alton,BOPF/BOPFSp,1320,295.81,34.34
19,2025-06-17/18,WESTERN HIGH,Bambarakelly,BOPI,1550,295.81,34.34
19,2025-06-17/18,WESTERN HIGH,Torrington,FBOP/FBOPI,1700,295.81,34.34
19,2025-06-17/18,WESTERN HIGH,Queensberry,OPI,1650,295.81,34.34
19,2025-06-17/18,WESTERN HIGH,Fairlawn,PEK/PEKI,1500,295.81,34.34
19,2025-06-17/18,WESTERN HIGH,Glenloch,OP/OPA,1160,295.81,34.34
19,2025-06-17/18,WESTERN HIGH,Bambrakelly,OP/OPA,1160,295.81,34.34
19,2025-06-17/18,WESTERN HIGH,Queensberry,OP/OPA,1100,295.81,34.34
19,2025-06-17/18,WESTERN HIGH,St Andrews,OP/OPA,1100,295.81,34.34
19,2025-06-17/18,WESTERN HIGH,Craig Hill,OP1,1400,295.81,34.34
19,2025-06-17/18,WESTERN HIGH,Craig Hill,PEK/PEKI,1750,295.81,34.34
19,2025-06-17/18,UVA MEDIUM,Blossoms Uva Tea,BOP,1260,295.81,29.74
19,2025-06-17/18,UVA MEDIUM,Uva Samovar,BOPSP,1360,295.81,29.74
19,2025-06-17/18,UVA MEDIUM,Halpewatte Uva,BOPSp,1300,295.81,29.74
19,2025-06-17/18,UVA MEDIUM,Dickwella,BOPF/BOPFSp,1360,295.81,29.74
19,2025-06-17/18,UVA MEDIUM,Adawatte,BOPI,1600,295.81,29.74
19,2025-06-17/18,UVA MEDIUM,Dickwella,BOPI,1600,295.81,29.74
19,2025-06-17/18,UVA MEDIUM,Shawlands,FBOP/FBOP1,1700,295.81,29.74
19,2025-06-17/18,UVA MEDIUM,Roseland Uva,FBOPF/FBOPFI,1460,295.81,29.74
19,2025-06-17/18,UVA MEDIUM,Dickwella,OP/OPA,1200,295.81,29.74
19,2025-06-17/18,UVA MEDIUM,Misty-Uva,OP/OPA,1200,295.81,29.74
19,2025-06-17/18,UVA MEDIUM,Glen Alpin.,OP/OPA,1200,295.81,29.74
19,2025-06-17/18,UVA MEDIUM,Uva Samovar,OP/OPA,1160,295.81,29.74
19,2025-06-17/18,UVA MEDIUM,Dickwella,PEK/PEKI,1550,295.81,29.74
19,2025-06-17/18,UVA MEDIUM,Dickwella,PEK/PEKI,1600,295.81,29.74
19,2025-06-17/18,UVA HIGH,Nayabedde,BOP,1700,295.81,16.5
19,2025-06-17/18,UVA HIGH,Ranaya,BOPSP,1900,295.81,16.5
19,2025-06-17/18,UVA HIGH,Nayabedde,BOPF/BOPFSp,1550,295.81,16.5
19,2025-06-17/18,UVA HIGH,Bandaraeliya,BOPF/BOPFSp,1360,295.81,16.5
19,2025-06-17/18,UVA HIGH,Uva Highlands,BOP1,1650,295.81,16.5
19,2025-06-17/18,UVA HIGH,Glenanore,FBOP/FBOPI,1650,295.81,16.5
19,2025-06-17/18,UVA HIGH,Gonamotawa,FBOP/FBOPI,1550,295.81,16.5
19,2025-06-17/18,UVA HIGH,Gonamotawa,FBOPF/FBOPF1,1480,295.81,16.5
19,2025-06-17/18,UVA HIGH,Glenanore,FBOPF/FBOPFI,1420,295.81,16.5
19,2025-06-17/18,UVA HIGH,Spring Valley,FBOPF/FBOPFI,1360,295.81,16.5
19,2025-06-17/18,UVA HIGH,Ranaya,OP/OPA,1260,295.81,16.5
19,2025-06-17/18,UVA HIGH,Elluthota Uva,OP1,1550,295.81,16.5
19,2025-06-17/18,UVA HIGH,Gonamotawa,PEK/PEKI,1500,295.81,16.5
19,2025-06-17/18,NUWARA ELIYAS,Lovers Leap,BOP,1240,295.81,40.36
19,2025-06-17/18,NUWARA ELIYAS,Mahagastotte,BOP,1180,295.81,40.36
19,2025-05-14,NUWARA ELIYAS,Kenmare,BOPSp,890,295.81,40.36
19,2025-06-17/18,NUWARA ELIYAS,Court Lodge,BOPF/BOPFSp,870,295.81,40.36
19,2025-06-17/18,NUWARA ELIYAS,Kenmare,FBOP/FBOPI,1500,295.81,40.36
19,2025-06-17/18,NUWARA ELIYAS,Court Lodge,FBOP/FBOPI,1400,295.81,40.36
19,2025-06-17/18,NUWARA ELIYAS,Kenmare,OP/OPA,1040,295.81,40.36
19,2025-06-17/18,NUWARA ELIYAS,Court Lodge,PEK/PEKI,1140,295.81,40.36
19,2025-06-17/18,UDAPUSSELLAWAS,Kirklees,BOP,1100,295.81,32.64
19,2025-06-17/18,UDAPUSSELLAWAS,Delmar,BOPSP,1020,295.81,32.64
19,2025-06-17/18,UDAPUSSELLAWAS,Kirklees,BOPF/BOPFSp,900,295.81,32.64
19,2025-06-17/18,UDAPUSSELLAWAS,Blairlomond,FBOP/FBOPI,1600,295.81,32.64
19,2025-06-17/18,UDAPUSSELLAWAS,Delmar,FBOP/FBOPI,1440,295.81,32.64
19,2025-06-17/18,UDAPUSSELLAWAS,Gampaha,FBOPF/FBOPFI,1440,295.81,32.64
19,2025-05-14,UDAPUSSELLAWAS,Maha Uva,FBOPF/FBOPF1,1380,295.81,32.64
19,2025-06-17/18,UDAPUSSELLAWAS,Delmar,OP/OPA,1120,295.81,32.64
19,2025-06-17/18,UDAPUSSELLAWAS,Blairlomond,OP/OPA,1100,295.81,32.64
19,2025-05-14,UDAPUSSELLAWAS,Gampaha,OP/OPA,1100,295.81,32.64
19,2025-06-17/18,UDAPUSSELLAWAS,Delmar,OP1,1160,295.81,32.64
19,2025-06-17/18,UDAPUSSELLAWAS,Gampaha,PEK/PEKI,1420,295.81,32.64
19,2025-06-17/18,UDAPUSSELLAWAS,Blairlomond,PEK/PEKI,1400,295.81,32.64
19,2025-06-17/18,LOW GROWNS,Mahaliyadda,BOP,2350,295.81,53.92
19,2025-06-17/18,LOW GROWNS,Stream Line,BOPSP,2200,295.81,53.92
19,2025-06-17/18,LOW GROWNS,Kanarangapitiya,BOPSP,1550,295.81,53.92
19,2025-06-17/18,LOW GROWNS,Ganganee,BOPSP,1550,295.81,53.92
19,2025-06-17/18,LOW GROWNS,Hidellana,BOPF,1500,295.81,53.92
19,2025-06-17/18,LOW GROWNS,Greenwin Super,BOPFSp,2100,295.81,53.92
19,2025-06-17/18,LOW GROWNS,Mulatiyana Hills,FBOP,2500,295.81,53.92
19,2025-06-17/18,LOW GROWNS,Hedigalla,FBOP,2450,295.81,53.92
19,2025-06-17/18,LOW GROWNS,Adams View,FBOP,2350,295.81,53.92
19,2025-06-17/18,LOW GROWNS,Cecilivan,FBOP1,2300,295.81,53.92
19,2025-06-17/18,LOW GROWNS,Wattahena,FBOP1,2100,295.81,53.92
19,2025-06-17/18,LOW GROWNS,Dullie Ella,FBOP1,1950,295.81,53.92
19,2025-06-17/18,LOW GROWNS,New Laksakanda,FBOPF,2050,295.81,53.92
19,2025-05-14,LOW GROWNS,Hidellana,FBOPF,2000,295.81,53.92
19,2025-06-17/18,LOW GROWNS,Sithaka,FBOPF,2000,295.81,53.92
19,2025-06-17/18,LOW GROWNS,Richiland,FBOPF,2000,295.81,53.92
19,2025-06-17/18,LOW GROWNS,Gunawardena,FBOPF,1950,295.81,53.92
19,2025-06-17/18,LOW GROWNS,Kiruwanaganga,FBOPF1,1750,295.81,53.92
19,2025-06-17/18,LOW GROWNS,Pothotuwa,FBOPF1,1700,295.81,53.92
19,2025-06-17/18,LOW GROWNS,Dellawa,FBOPF1,1650,295.81,53.92
19,2025-06-17/18,LOW GROWNS,Adams View,FBOPF1,1650,295.81,53.92
19,2025-06-17/18,LOW GROWNS,Fairyland,FBOPF1,1650,295.81,53.92
19,2025-06-17/18,LOW GROWNS,Ransegoda,FBOPF1,1650,295.81,53.92
19,2025-06-17/18,LOW GROWNS,Sithaka,FBOPF1,1650,295.81,53.92
19,2025-06-17/18,LOW GROWNS,Pothotuwa,BOP1,3000,295.81,53.92
19,2025-06-17/18,UNORTHODOX HIGH,Dunsinane CTC,PF1,1200,295.81,36.53
19,2025-06-17/18,UNORTHODOX HIGH,Mount Vernon CTC,BPS,850,295.81,36.53
19,2025-06-17/18,UNORTHODOX MEDIUM,New Peacock CTC,PF1,1200,295.81,36.53
19,2025-06-17/18,UNORTHODOX MEDIUM,New Peacock CTC,BP1,1240,295.81,36.53
19,2025-06-17/18,UNORTHODOX MEDIUM,Donside CTC,BPS,750,295.81,36.53
19,2025-06-17/18,UNORTHODOX LOW,Hingalgoda CTC,PF1,1550,295.81,36.53
19,2025-06-17/18,UNORTHODOX LOW,Ceciliyan CTC,BP1,1160,295.81,36.53
19,2025-06-17/18,PREMIUM FLOWERY,Samwin,FBOPFSP,5450,295.81,36.53
19,2025-06-17/18,PREMIUM FLOWERY,Ivy Hills,FBOPFExSp,5150,295.81,36.53
19,2025-06-17/18,PREMIUM FLOWERY,Dediyagala,FBOPFExSp1,4550,295.81,36.53
19,2025-06-17/18,PREMIUM FLOWERY,Kiruwanaganga,FBOPFEXSpl,4500,295.81,36.53
19,2025-06-17/18,DUSTS,Mattakelle.,DUST1,1550,295.81,36.53
19,2025-06-17/18,DUSTS,Cecilivan CTC,PD,1320,295.81,36.53
19,2025-06-17/18,DUSTS,Hingalgoda CTC,PD,1320,295.81,36.53
19,2025-06-17/18,OFF GRADES,Wanarajah,FGS/FGS1,1160,295.81,36.53
19,2025-06-17/18,OFF GRADES,Holyrood,FGS/FGS1,1140,295.81,36.53
19,2025-06-17/18,OFF GRADES,Adisham,FGS/FGS1,1120,295.81,36.53
19,2025-06-17/18,OFF GRADES,Wattegodde,FGS/FGS!,1120,295.81,36.53
19,2025-06-17/18,OFF GRADES,Eildon Hall,FGS/FGS1,1120,295.81,36.53
19,2025-06-17/18,OFF GRADES,Theresia,FGS/FGS1,1120,295.81,36.53
19,2025-06-17/18,OFF GRADES,Kew,FGS/FGS1,1120,295.81,36.53
19,2025-06-17/18,OFF GRADES,Stockholm,FGS/FGS!,1120,295.81,36.53
19,2025-06-17/18,OFF GRADES,Liyonta CTC,PF,1040,295.81,36.53
19,2025-06-17/18,OFF GRADES,Aldora,BM,1060,295.81,36.53
19,2025-06-17/18,OFF GRADES,Rain Forest,BM,1060,295.81,36.53
19,2025-06-17/18,OFF GRADES,Jawa Super,BP,1240,295.81,36.53
19,2025-06-17/18,OFF GRADES,Sunrise,BP,1240,295.81,36.53
19,2025-06-17/18,OFF GRADES,Lucky Hills,BP,1200,295.81,36.53
19,2025-06-17/18,OFF GRADES,Kothmale Hills,BP,1200,295.81,36.53
19,2025-06-17/18,OFF GRADES,Aldora,BOPIA,1360,295.81,36.53
19,2025-06-17/18,OFF GRADES,Chandrika Estate,BOPIA,1340,295.81,36.53
20,2025-05-27/28,WESTERN MEDIUM,Craighead,BOP,1600,295.44,39.27
20,2025-05-27/28,WESTERN MEDIUM,Nayapane,BOP,1600,295.44,39.27
20,2025-05-27/28,WESTERN MEDIUM,Harangalla,BOP,1550,295.44,39.27
20,2025-05-27/28,WESTERN MEDIUM,Doombagastalawa,BOP,1500,295.44,39.27
20,2025-05-27/28,WESTERN MEDIUM,Ancoombra,BOP,1500,295.44,39.27
20,2025-05-27/28,WESTERN MEDIUM,Craighead,BOPSP,1550,295.44,39.27
20,2025-05-27/28,WESTERN MEDIUM,Rozelle,BOPF/BOPFSP,1020,295.44,39.27
20,2025-05-27/28,WESTERN MEDIUM,Harangalla,BOPI,1750,295.44,39.27
20,2025-05-27/28,WESTERN MEDIUM,Menikdiwela Tea,BOPI,1480,295.44,39.27
20,2025-05-27/28,WESTERN MEDIUM,Mossville,BOPI,1480,295.44,39.27
20,2025-05-27/28,WESTERN MEDIUM,Craighead,FBOP/FBOPI,1900,295.44,39.27
20,2025-05-27/28,WESTERN MEDIUM,Harangalla,FBOP/FBOPI,1900,295.44,39.27
20,2025-05-27/28,WESTERN MEDIUM,Kenilworth,FBOP/FBOPI,1900,295.44,39.27
20,2025-05-27/28,WESTERN MEDIUM,Ancoombra,FBOP/FBOPI,1900,295.44,39.27
20,2025-05-27/28,WESTERN MEDIUM,Hatale,FBOP/FBOPI,1900,295.44,39.27
20,2025-05-27/28,WESTERN MEDIUM,Doombagastalawa,FBOP/FBOPI,1800,295.44,39.27
20,2025-05-27/28,WESTERN MEDIUM,Dartry Valley,FBOP/FBOPI,1750,295.44,39.27
20,2025-05-27/28,WESTERN MEDIUM,Craighead,FBOPF/FBOPFI,1600,295.44,39.27
20,2025-05-27/28,WESTERN MEDIUM,Harangalla,FBOPF/FBOPF1,1600,295.44,39.27
20,2025-05-27/28,WESTERN MEDIUM,Ancoombra,FBOPF/FBOPFI,1600,295.44,39.27
20,2025-05-27/28,WESTERN MEDIUM,Imboolpittia,FBOPF/FBOPF1,1500,295.44,39.27
20,2025-05-27/28,WESTERN MEDIUM,Hatale,FBOPF/FBOPFI,1500,295.44,39.27
20,2025-05-27/28,WESTERN MEDIUM,Harangalla,OP/OPA,1200,295.44,39.27
20,2025-05-27/28,WESTERN MEDIUM,Craighead,OP/OPA,1180,295.44,39.27
20,2025-05-27/28,WESTERN MEDIUM,Dartry Valley,OP/OPA,1160,295.44,39.27
20,2025-05-27/28,WESTERN MEDIUM,Kenilworth,OP/OPA,1550,295.44,39.27
20,2025-05-27/28,WESTERN MEDIUM,Uplands,PEK/PEK1,1800,295.44,39.27
20,2025-05-27/28,WESTERN MEDIUM,Inguruwatte Super,PEK/PEKI,1800,295.44,39.27
20,2025-05-27/28,WESTERN MEDIUM,Nayapane,PEK/PEKI,1550,295.44,39.27
20,2025-05-27/28,WESTERN MEDIUM,Pothotuwa,BOP1,2900,295.44,39.27
20,2025-05-27/28,WESTERN HIGH,Great Western,BOP,1360,295.44,34.34
20,2025-05-27/28,WESTERN HIGH,Mattakelle,BOP,1360,295.44,34.34
20,2025-05-27/28,WESTERN HIGH,Wanarajah,BOP,1240,295.44,34.34
20,2025-05-27/28,WESTERN HIGH,Alton,BOP,1220,295.44,34.34
20,2025-05-27/28,WESTERN HIGH,Gouravilla,BOPSP,1300,295.44,34.34
20,2025-05-27/28,WESTERN HIGH,Fordyce,BOP,1220,295.44,34.34
20,2025-05-27/28,WESTERN HIGH,Wanarajah,BOPSP,1380,295.44,34.34
20,2025-05-27/28,WESTERN HIGH,Great Western,BOPSP,1320,295.44,34.34
20,2025-05-27/28,WESTERN HIGH,Robgill,BOPF/BOPFSp,1240,295.44,34.34
20,2025-05-27/28,WESTERN HIGH,Torrington,BOPI,1800,295.44,34.34
20,2025-05-27/28,WESTERN HIGH,Diyagama East,FBOP/FBOPI,1300,295.44,34.34
20,2025-05-27/28,WESTERN HIGH,Queensberry,FBOPF/FBOPF1,1380,295.44,34.34
20,2025-05-27/28,WESTERN HIGH,Glenloch,FBOPF/FBOPF1,1380,295.44,34.34
20,2025-05-27/28,WESTERN HIGH,St Andrews,OP/OPA,1160,295.44,34.34
20,2025-05-27/28,WESTERN HIGH,Torrington,OP/OPA,1140,295.44,34.34
20,2025-05-27/28,WESTERN HIGH,Bambrakelly,OP/OPA,1140,295.44,34.34
20,2025-05-27/28,WESTERN HIGH,Inverness,OP1,1550,295.44,34.34
20,2025-05-27/28,WESTERN HIGH,Bambarakelly,OP1,1340,295.44,34.34
20,2025-05-27/28,WESTERN HIGH,Queensberry,OP1,1300,295.44,34.34
20,2025-05-27/28,WESTERN HIGH,Great Western,PEK/PEK1,1550,295.44,34.34
20,2025-05-27/28,WESTERN HIGH,Bogahawatte,PEK/PEK1,1460,295.44,34.34
20,2025-05-27/28,NUWARA ELIYAS,Lovers Leap,BOP,1200,295.44,40.36
20,2025-05-27/28,NUWARA ELIYAS,Kenmare,BOPSP,960,295.44,40.36
20,2025-05-27/28,NUWARA ELIYAS,Mahagastotte,BOPF/BOPFSp,1240,295.44,40.36
20,2025-05-27/28,NUWARA ELIYAS,Mahagastotte,PEK/PEKI,1600,295.44,40.36
20,2025-05-27/28,UDAPUSSELLAWAS,Kirklees,BOP,1100,295.44,32.64
20,2025-05-27/28,UDAPUSSELLAWAS,Kirklees,BOPSP,1060,295.44,32.64
20,2025-05-27/28,UDAPUSSELLAWAS,Liddesdale,BOPF/BOPFSp,870,295.44,32.64
20,2025-05-27/28,UDAPUSSELLAWAS,Brookside,BOPF/BOPFSp,850,295.44,32.64
20,2025-05-27/28,UDAPUSSELLAWAS,Ragalla,BOPF/BOPFSp,840,295.44,32.64
20,2025-05-27/28,UDAPUSSELLAWAS,Delmar,BOPF/BOPFSp,840,295.44,32.64
20,2025-05-27/28,UDAPUSSELLAWAS,High Forest,BOPF/BOPFSp,840,295.44,32.64
20,2025-05-27/28,UDAPUSSELLAWAS,Kirklees,BOPF/BOPFSp,840,295.44,32.64
20,2025-05-27/28,UDAPUSSELLAWAS,Maha Uva,FBOP/FBOP1,1550,295.44,32.64
20,2025-05-27/28,UDAPUSSELLAWAS,Blairlomond,FBOP/FBOPI,1500,295.44,32.64
20,2025-05-27/28,UDAPUSSELLAWAS,Blairlomond,FBOPF/FBOPF1,1420,295.44,32.64
20,2025-05-27/28,UDAPUSSELLAWAS,Maha Uva,OP/OPA,1060,295.44,32.64
20,2025-05-27/28,UDAPUSSELLAWAS,Delmar,OP/OPA,1060,295.44,32.64
20,2025-05-27/28,UDAPUSSELLAWAS,Blairlomond,OP/OPA,1060,295.44,32.64
20,2025-05-27/28,UDAPUSSELLAWAS,Gampaha,OP/OPA,1060,295.44,32.64
20,2025-05-27/28,UDAPUSSELLAWAS,High Forest,OP/OPA,1040,295.44,32.64
20,2025-05-27/28,UDAPUSSELLAWAS,Delmar,OP1,1440,295.44,32.64
20,2025-05-27/28,UDAPUSSELLAWAS,Maha Uva,OP1,1420,295.44,32.64
20,2025-05-27/28,UDAPUSSELLAWAS,Gonapitiya,PEK/PEKI,1280,295.44,32.64
20,2025-05-27/28,UDAPUSSELLAWAS,Blairlomond,PEK/PEKI,1240,295.44,32.64
20,2025-05-27/28,UDAPUSSELLAWAS,Maha Uva,PEK/PEKI,1240,295.44,32.64
20,2025-05-27/28,UDAPUSSELLAWAS,Delmar,PEK/PEK1,1220,295.44,32.64
20,2025-05-27/28,LOW GROWNS,Kings Bru,BOP,2450,295.44,53.92
20,2025-05-27/28,LOW GROWNS,New Spring View,BOPSP,2250,295.44,53.92
20,2025-05-27/28,LOW GROWNS,Kamarangapitiya,BOPSP,2000,295.44,53.92
20,2025-05-27/28,LOW GROWNS,Kings Bru,BOPF,1900,295.44,53.92
20,2025-05-27/28,LOW GROWNS,Rajjuruwatta Super,BOPFSp,2350,295.44,53.92
20,2025-05-27/28,LOW GROWNS,Pothotuwa,FBOP,2450,295.44,53.92
20,2025-05-27/28,LOW GROWNS,Adams View,FBOP,2400,295.44,53.92
20,2025-05-27/28,LOW GROWNS,Pothotuwa,FBOPF1,1750,295.44,53.92
20,2025-05-27/28,LOW GROWNS,New Batuwangala,FBOPFExSp,5450,295.44,53.92
20,2025-05-27/28,LOW GROWNS,Tea Bank,FBOPFExSp1,4900,295.44,53.92
20,2025-05-27/28,DUSTS,Holyrood,DUST1,1500,295.44,36.53
20,2025-05-27/28,OFF GRADES,Bogawantalawa,FGS/FGS1,1120,295.44,36.53
20,2025-05-27/28,OFF GRADES,Chandrika Estate,BM,1100,295.44,36.53
20,2025-05-27/28,OFF GRADES,Kurunduwatta,BM,1100,295.44,36.53
20,2025-05-27/28,OFF GRADES,Gunawardena,BM,1080,295.44,36.53
20,2025-05-27/28,OFF GRADES,Suwishka,BP,1320,295.44,36.53
20,2025-05-27/28,OFF GRADES,Chandrika Estate,BOPIA,1360,295.44,36.53
21,2025-06-03/04,WESTERN MEDIUM,Craighead,BOP,1750,295.37,39.27
21,2025-06-03/04,WESTERN MEDIUM,Craighead,BOPSp,1260,295.37,39.27
21,2025-06-03/04,WESTERN MEDIUM,Vellai Oya,BOPF/BOPFSP,1060,295.37,39.27
21,2025-06-03/04,WESTERN MEDIUM,Craighead,BOP1,2200,295.37,39.27
21,2025-06-03/04,WESTERN MEDIUM,Craighead,FBOP/FBOPI,2200,295.37,39.27
21,2025-06-03/04,WESTERN MEDIUM,Dartry Valley,FBOP/FBOPI,1900,295.37,39.27
21,2025-06-03/04,WESTERN MEDIUM,Harangalla,FBOP/FBOPI,1700,295.37,39.27
21,2025-06-03/04,WESTERN MEDIUM,Hindagala,FBOP/FBOPI,1700,295.37,39.27
21,2025-06-03/04,WESTERN MEDIUM,Craighead,FBOPF/FBOPF1,1700,295.37,39.27
21,2025-06-03/04,WESTERN MEDIUM,Harangalla,FBOPF/FBOPFI,1600,295.37,39.27
21,2025-06-03/04,WESTERN MEDIUM,Dartry Valley,FBOPF/FBOPF1,1600,295.37,39.27
21,2025-06-03/04,WESTERN MEDIUM,Ancoombra,FBOPF/FBOPFI,1600,295.37,39.27
21,2025-06-03/04,WESTERN MEDIUM,Pothotuwa,OP1,2850,295.37,39.27
21,2025-06-03/04,WESTERN MEDIUM,Dartry Valley,OP1,1600,295.37,39.27
21,2025-06-03/04,WESTERN MEDIUM,Pothotuwa,PEK/PEKI,2550,295.37,39.27
21,2025-06-03/04,WESTERN MEDIUM,Mulatiyana Hills,PEKI,2250,295.37,39.27
21,2025-06-03/04,WESTERN MEDIUM,Dampahala,PEKI,2250,295.37,39.27
21,2025-06-03/04,UVA MEDIUM,Halpewatte Uva,BOP,1320,295.37,29.74
21,2025-06-03/04,UVA MEDIUM,Tinioya,BOP,1320,295.37,29.74
21,2025-06-03/04,UVA MEDIUM,Hindagala,BOPSP,1380,295.37,29.74
21,2025-06-03/04,UVA MEDIUM,Dickwella,BOPF/BOPFSp,1460,295.37,29.74
21,2025-06-03/04,UVA MEDIUM,Ury,BOP1,1600,295.37,29.74
21,2025-06-03/04,UVA MEDIUM,Sarnia Plaiderie,FBOP/FBOPI,1700,295.37,29.74
21,2025-06-03/04,UVA MEDIUM,Shawlands,FBOP/FBOPI,1650,295.37,29.74
21,2025-06-03/04,UVA MEDIUM,Telbedde,FBOPF/FBOPF1,1650,295.37,29.74
21,2025-06-03/04,UVA MEDIUM,Orange Field,FBOP/FBOP,1600,295.37,29.74
21,2025-06-03/04,UVA MEDIUM,Ury,OP/OPA,1600,295.37,29.74
21,2025-06-03/04,UVA MEDIUM,Roseland Uva,FBOP/FBOPI,1600,295.37,29.74
21,2025-05-27/28,UVA MEDIUM,Sarnia Plaiderie,FBOPF/FBOPF1,1500,295.37,29.74
21,2025-06-03/04,UVA MEDIUM,Dickwella,OP/OPA,1180,295.37,29.74
21,2025-06-03/04,UVA MEDIUM,Misty-Uva,OP/OPA,1180,295.37,29.74
21,2025-06-03/04,UVA MEDIUM,Glen Alpin,OP/OPA,1320,295.37,29.74
21,2025-06-03/04,UVA MEDIUM,Wattegodde,OP/OPA,1180,295.37,29.74
21,2025-06-03/04,UVA MEDIUM,Shawlands,OP/OPA,1300,295.37,29.74
21,2025-06-03/04,UVA MEDIUM,Hindagala,OP/OPA,1300,295.37,29.74
21,2025-06-03/04,UVA MEDIUM,Telbedde,OP1,1550,295.37,29.74
21,2025-06-03/04,UVA MEDIUM,Wewesse,OP1,1460,295.37,29.74
21,2025-06-03/04,UVA MEDIUM,Ury,OP1,1460,295.37,29.74
21,2025-06-03/04,UVA MEDIUM,Glenloch,OP1,1650,295.37,29.74
21,2025-06-03/04,UVA MEDIUM,Uvakellie,BOP,1180,295.37,29.74
21,2025-06-03/04,UVA MEDIUM,Gonamotawa,BOPSP,1420,295.37,29.74
21,2025-06-03/04,UVA HIGH,Balagalaella,BOP,1460,295.37,16.5
21,2025-06-03/04,UVA HIGH,Glenanore,BOP,1340,295.37,16.5
21,2025-06-03/04,UVA HIGH,Craig,BOPSP,1320,295.37,16.5
21,2025-06-03/04,UVA HIGH,Uva Highlands,BOPSP,1380,295.37,16.5
21,2025-06-03/04,UVA HIGH,Gonamotawa,BOPSP,1080,295.37,16.5
21,2025-06-03/04,UVA HIGH,Spring Valley,BOPSP,1140,295.37,16.5
21,2025-06-03/04,UVA HIGH,Nayabedde,BOPF/BOPFSp,1180,295.37,16.5
21,2025-06-03/04,UVA HIGH,Gonamotawa,BOPI,2150,295.37,16.5
21,2025-06-03/04,UVA HIGH,Gonamotawa,FBOP/FBOPI,1700,295.37,16.5
21,2025-06-03/04,UVA HIGH,Ellathota Uva,FBOP/FBOP1,1600,295.37,16.5
21,2025-06-03/04,UVA HIGH,Aislaby,FBOP/FBOPI,1600,295.37,16.5
21,2025-06-03/04,UVA HIGH,Gonamotawa,FBOPF/FBOPF1,1400,295.37,16.5
21,2025-06-03/04,UVA HIGH,Mount Uva,FBOPF/FBOPF1,1400,295.37,16.5
21,2025-06-03/04,UVA HIGH,Aislaby,FBOPF/FBOPF1,1380,295.37,16.5
21,2025-06-03/04,UVA HIGH,Glenanore,FBOPF/FBOPF1,1420,295.37,16.5
21,2025-06-03/04,UVA HIGH,Craig,OP1,1460,295.37,16.5
21,2025-06-03/04,UVA HIGH,Mahadowa,PEK/PEKI,1600,295.37,16.5
21,2025-06-03/04,NUWARA ELIYAS,Glenanore,BOPSp,1040,295.37,40.36
21,2025-06-03/04,NUWARA ELIYAS,Court Lodge,OP/OPA,1080,295.37,40.36
21,2025-06-03/04,UDAPUSSELLAWAS,High Forest,BOP,880,295.37,32.64
21,2025-06-03/04,UDAPUSSELLAWAS,Kirklees,BOPSP,890,295.37,32.64
21,2025-06-03/04,UDAPUSSELLAWAS,Mooloya,BOPF/BOPFSp,880,295.37,32.64
21,2025-06-03/04,UDAPUSSELLAWAS,Delmar,FBOP/FBOPI,1420,295.37,32.64
21,2025-06-03/04,UDAPUSSELLAWAS,Blairlomond,FBOPF/FBOPF1,1340,295.37,32.64
21,2025-06-03/04,UDAPUSSELLAWAS,Maha Uva,OP/OPA,1220,295.37,32.64
21,2025-06-03/04,UDAPUSSELLAWAS,Delmar,OP1,1420,295.37,32.64
21,2025-06-03/04,LOW GROWNS,Lions,BOP,2300,295.37,53.92
21,2025-06-03/04,LOW GROWNS,Lellopitiya Super,BOPSP,1900,295.37,53.92
21,2025-06-03/04,LOW GROWNS,Sithaka,BOPF,1650,295.37,53.92
21,2025-06-03/04,LOW GROWNS,Chandrika Estate,BOPF,1260,295.37,53.92
21,2025-06-03/04,LOW GROWNS,Rajjuruwatta Super,BOPFSp,2300,295.37,53.92
21,2025-06-03/04,LOW GROWNS,Palmgarden,BOPFSp,1550,295.37,53.92
21,2025-06-03/04,LOW GROWNS,Sithaka,FBOP,2600,295.37,53.92
21,2025-06-03/04,LOW GROWNS,Adams View,FBOP,2450,295.37,53.92
21,2025-06-03/04,LOW GROWNS,Pothotuwa,FBOP,2400,295.37,53.92
21,2025-06-03/04,LOW GROWNS,New Falcon Lanka,FBOP1,2250,295.37,53.92
21,2025-06-03/04,LOW GROWNS,Gunawardena,FBOP1,2200,295.37,53.92
21,2025-06-03/04,LOW GROWNS,Dullie Ella,FBOP1,2150,295.37,53.92
21,2025-06-03/04,LOW GROWNS,Stream Line,FBOPF,2450,295.37,53.92
21,2025-06-03/04,LOW GROWNS,New Laksakanda,FBOPF,1950,295.37,53.92
21,2025-06-03/04,LOW GROWNS,Gunawardena,FBOPF,1850,295.37,53.92
21,2025-06-03/04,LOW GROWNS,Pothotuwa,FBOPF1,1750,295.37,53.92
21,2025-06-03/04,LOW GROWNS,Dampahala,OP1,3250,295.37,53.92
21,2025-06-03/04,LOW GROWNS,Pothotuwa,OP1,2850,295.37,53.92
21,2025-06-03/04,LOW GROWNS,Kiruwanaganga,OP1,2800,295.37,53.92
21,2025-06-03/04,LOW GROWNS,Gunawardena,OP1,2800,295.37,53.92
21,2025-06-03/04,LOW GROWNS,Bogoda Group,OP,1550,295.37,53.92
21,2025-06-03/04,LOW GROWNS,Captain Garden,OP,1550,295.37,53.92
21,2025-06-03/04,LOW GROWNS,Nilgiri,OP,1550,295.37,53.92
21,2025-06-03/04,LOW GROWNS,Miriswatta,OP,1550,295.37,53.92
21,2025-06-03/04,UNORTHODOX HIGH,Ulugedara CTC,PF1,1100,295.37,36.53
21,2025-06-03/04,UNORTHODOX MEDIUM,New Peacock CTC,PF1,1100,295.37,36.53
21,2025-06-03/04,UNORTHODOX MEDIUM,Rothschild CТС,PF1,1100,295.37,36.53
21,2025-06-03/04,UNORTHODOX MEDIUM,New Peacock CTC,BP1,1220,295.37,36.53
21,2025-06-03/04,UNORTHODOX MEDIUM,Aultmore CTC,BPS,760,295.37,36.53
21,2025-06-03/04,UNORTHODOX LOW,Hingalgoda CTC,PF1,1550,295.37,36.53
21,2025-06-03/04,UNORTHODOX LOW,Ceciliyan CTC,BP1,1160,295.37,36.53
21,2025-06-03/04,UNORTHODOX LOW,Ross Feld CTC,BPS,740,295.37,36.53
21,2025-06-03/04,PREMIUM FLOWERY,Lumbini,FBOPFSp,4350,295.37,36.53
21,2025-06-03/04,PREMIUM FLOWERY,New Falcon Lanka,FBOPFExSp,4800,295.37,36.53
21,2025-06-03/04,PREMIUM FLOWERY,Kamarangapitiya,FBOPFExSp1,4600,295.37,36.53
21,2025-06-03/04,DUSTS,Great Western,DUST1,1700,295.37,36.53
21,2025-06-03/04,DUSTS,Hingalgoda CTC,PD,1420,295.37,36.53
21,2025-06-03/04,OFF GRADES,Clydesdale,FGS/FGS1,1160,295.37,36.53
21,2025-06-03/04,OFF GRADES,Liyonta CTC,PF,1040,295.37,36.53
21,2025-06-03/04,OFF GRADES,Wilehena,BM,1240,295.37,36.53
21,2025-06-03/04,OFF GRADES,Gunawardena,BM,1160,295.37,36.53
21,2025-06-03/04,OFF GRADES,Chandrika Estate,BM,1140,295.37,36.53
21,2025-06-03/04,OFF GRADES,Kosgahadola Ella,BM,1140,295.37,36.53
21,2025-06-03/04,OFF GRADES,Bogoda,BM,1140,295.37,36.53
21,2025-06-03/04,OFF GRADES,Arbour Valley,BP,1320,295.37,36.53
21,2025-06-03/04,OFF GRADES,Ransegoda,BP,1300,295.37,36.53
21,2025-06-03/04,OFF GRADES,Subhagya,BP,1280,295.37,36.53
21,2025-06-03/04,OFF GRADES,Aldora,BOPIA,1400,295.37,36.53
21,2025-06-03/04,OFF GRADES,Chandrika Estate,BOPIA,1400,295.37,36.53
22,2025-06-09/11,WESTERN MEDIUM,Harangalla,BOP,1700,294.99,39.27
22,2025-06-09/11,WESTERN MEDIUM,Dartry Valley,BOP,1550,294.99,39.27
22,2025-06-09/11,WESTERN MEDIUM,Doombagastalawa,BOP,1500,294.99,39.27
22,2025-06-09/11,WESTERN MEDIUM,Doombagastalawa,BOPSP,1460,294.99,39.27
22,2025-06-09/11,WESTERN MEDIUM,Craighead,BOPI,1700,294.99,39.27
22,2025-06-09/11,WESTERN MEDIUM,Dartry Valley,BOPI,1850,294.99,39.27
22,2025-06-09/11,WESTERN MEDIUM,Craighead,FBOP/FBOPI,1850,294.99,39.27
22,2025-06-09/11,WESTERN MEDIUM,Harangalla,FBOP/FBOPI,1600,294.99,39.27
22,2025-06-09/11,WESTERN MEDIUM,Craighead,FBOPF/FBOPF1,1600,294.99,39.27
22,2025-06-09/11,WESTERN MEDIUM,Harangalla,FBOPF/FBOPF1,1600,294.99,39.27
22,2025-06-09/11,WESTERN MEDIUM,Ancoombra,FBOPF/FBOPF1,1550,294.99,39.27
22,2025-06-09/11,WESTERN MEDIUM,Rilagala,OP/OPA,1460,294.99,39.27
22,2025-06-09/11,WESTERN MEDIUM,Harangalla,OP1,1500,294.99,39.27
22,2025-06-09/11,WESTERN MEDIUM,Craighead,PEK/PEK1,1650,294.99,39.27
22,2025-06-09/11,WESTERN MEDIUM,Pupuressa,PEK/PEKI,1650,294.99,39.27
22,2025-06-09/11,WESTERN MEDIUM,Dartry Valley,PEK/PEKI,1600,294.99,39.27
22,2025-06-09/11,UVA MEDIUM,Demodera 'S',BOP,1440,294.99,29.74
22,2025-06-09/11,UVA MEDIUM,Hindagala,BOPSP,1400,294.99,29.74
22,2025-06-09/11,UVA MEDIUM,Uva Samovar,BOPSP,1360,294.99,29.74
22,2025-06-09/11,UVA MEDIUM,Dickwella,BOPF/BOPFSp,1550,294.99,29.74
22,2025-06-09/11,UVA MEDIUM,Dickwella,BOP1,1600,294.99,29.74
22,2025-06-09/11,UVA MEDIUM,Demodera 'S',BOP1,1550,294.99,29.74
22,2025-06-09/11,UVA MEDIUM,Sarnia Plaiderie,FBOP/FBOP1,1700,294.99,29.74
22,2025-06-09/11,UVA MEDIUM,Roseland Uva,FBOP/FBOPI,1600,294.99,29.74
22,2025-06-09/11,UVA MEDIUM,Dickwella,FBOPF/FBOPF1,1600,294.99,29.74
22,2025-06-09/11,UVA MEDIUM,Sarnia Plaiderie,OP/OPA,1340,294.99,29.74
22,2025-06-09/11,UVA MEDIUM,Misty-Uva,OP/OPA,1300,294.99,29.74
22,2025-06-09/11,UVA MEDIUM,Dickwella,OP1,1600,294.99,29.74
22,2025-06-09/11,UVA MEDIUM,Adawatte,OP1,1600,294.99,29.74
22,2025-06-09/11,UVA MEDIUM,Dickwella,PEK/PEKI,1500,294.99,29.74
22,2025-06-09/11,UVA MEDIUM,Glen Alpin,PEK/PEKI,1600,294.99,29.74
22,2025-06-09/11,UVA HIGH,Nayabedde,BOP,1220,294.99,16.5
22,2025-06-09/11,UVA HIGH,Spring Valley,BOPSp,1260,294.99,16.5
22,2025-06-09/11,UVA HIGH,Bandaraeliya,BOPF/BOPFSp,1140,294.99,16.5
22,2025-06-09/11,UVA HIGH,Gonamotawa,BOPI,1380,294.99,16.5
22,2025-06-09/11,UVA HIGH,Gonamotawa,FBOP/FBOPI,1550,294.99,16.5
22,2025-06-09/11,UVA HIGH,Glenanore,FBOP/FBOPI,1420,294.99,16.5
22,2025-06-09/11,UVA HIGH,Gonamotawa,FBOPF/FBOPF1,1400,294.99,16.5
22,2025-06-09/11,UVA HIGH,Spring Valley,OP/OPA,1460,294.99,16.5
22,2025-06-09/11,UVA HIGH,Ranaya,OP1,1600,294.99,16.5
22,2025-06-09/11,UVA HIGH,Gonamotawa,PEK/PEKI,1400,294.99,16.5
22,2025-06-09/11,NUWARA ELIYAS,Mahagastotte,BOP,1240,294.99,40.36
22,2025-06-09/11,NUWARA ELIYAS,Kenmare,BOPSP,800,294.99,40.36
22,2025-06-09/11,NUWARA ELIYAS,Court Lodge,BOPF/BOPFSp,760,294.99,40.36
22,2025-06-09/11,NUWARA ELIYAS,Summerhill,PEK/PEKI,1020,294.99,40.36
22,2025-06-09/11,UDAPUSSELLAWAS,Kirklees,BOP,1100,294.99,32.64
22,2025-06-09/11,UDAPUSSELLAWAS,Delmar,BOPSP,1020,294.99,32.64
22,2025-06-09/11,UDAPUSSELLAWAS,Liddesdale,BOPF/BOPFSp,870,294.99,32.64
22,2025-06-09/11,UDAPUSSELLAWAS,Brookside,BOPF/BOPFSp,850,294.99,32.64
22,2025-06-09/11,UDAPUSSELLAWAS,Ragalla,BOPF/BOPFSp,840,294.99,32.64
22,2025-06-09/11,UDAPUSSELLAWAS,Delmar,BOPF/BOPFSp,840,294.99,32.64
22,2025-06-09/11,UDAPUSSELLAWAS,High Forest,BOPF/BOPFSp,840,294.99,32.64
22,2025-06-09/11,UDAPUSSELLAWAS,Kirklees,BOPF/BOPFSp,840,294.99,32.64
22,2025-06-09/11,UDAPUSSELLAWAS,Maha Uva,FBOP/FBOP1,1550,294.99,32.64
22,2025-06-09/11,UDAPUSSELLAWAS,Blairlomond,FBOP/FBOPI,1500,294.99,32.64
22,2025-06-09/11,UDAPUSSELLAWAS,Blairlomond,FBOPF/FBOPF1,1420,294.99,32.64
22,2025-06-09/11,UDAPUSSELLAWAS,Maha Uva,OP/OPA,1060,294.99,32.64
22,2025-06-09/11,UDAPUSSELLAWAS,Delmar,OP/OPA,1060,294.99,32.64
22,2025-06-09/11,UDAPUSSELLAWAS,Blairlomond,OP/OPA,1060,294.99,32.64
22,2025-06-09/11,UDAPUSSELLAWAS,Gampaha,OP/OPA,1060,294.99,32.64
22,2025-06-09/11,UDAPUSSELLAWAS,High Forest,OP/OPA,1040,294.99,32.64
22,2025-06-09/11,UDAPUSSELLAWAS,Delmar,OP1,1440,294.99,32.64
22,2025-06-09/11,UDAPUSSELLAWAS,Maha Uva,OP1,1420,294.99,32.64
22,2025-06-09/11,UDAPUSSELLAWAS,Blairlomond,PEK/PEKI,1240,294.99,32.64
22,2025-06-09/11,LOW GROWNS,Kings Bru,BOP,2450,294.99,53.92
22,2025-06-09/11,LOW GROWNS,New Spring View,BOPSP,2250,294.99,53.92
22,2025-06-09/11,LOW GROWNS,Kamarangapitiya,BOPSP,2000,294.99,53.92
22,2025-06-09/11,LOW GROWNS,Kings Bru,BOPF,1900,294.99,53.92
22,2025-06-09/11,LOW GROWNS,Rajjuruwatta Super,BOPFSp,2350,294.99,53.92
22,2025-06-09/11,LOW GROWNS,Pothotuwa,FBOP,2450,294.99,53.92
22,2025-06-09/11,LOW GROWNS,Adams View,FBOP,2400,294.99,53.92
22,2025-06-09/11,LOW GROWNS,Pothotuwa,FBOPF1,1750,294.99,53.92
22,2025-06-09/11,LOW GROWNS,New Batuwangala,FBOPFExSp,5450,294.99,53.92
22,2025-06-09/11,LOW GROWNS,Tea Bank,FBOPFExSp1,4900,294.99,53.92
22,2025-06-09/11,LOW GROWNS,Lions,FBOPFExSp1,5050,294.99,53.92
22,2025-06-09/11,DUSTS,Holyrood,DUST1,1500,294.99,36.53
22,2025-06-09/11,OFF GRADES,Bogawantalawa,FGS/FGS1,1120,294.99,36.53
22,2025-06-09/11,OFF GRADES,Chandrika Estate,BM,1100,294.99,36.53
22,2025-06-09/11,OFF GRADES,Kurunduwatta,BM,1100,294.99,36.53
22,2025-06-09/11,OFF GRADES,Gunawardena,BM,1080,294.99,36.53
22,2025-06-09/11,OFF GRADES,Suwishka,BP,1320,294.99,36.53
22,2025-06-09/11,OFF GRADES,Chandrika Estate,BOPIA,1360,294.99,36.53
23,2025-06-17/18,WESTERN MEDIUM,Harangalla,BOP,1600,296.86,39.27
23,2025-06-17/18,WESTERN MEDIUM,Hatale,BOPSp,1260,296.86,39.27
23,2025-06-17/18,WESTERN MEDIUM,Vellai Oya,BOPF/BOPFSp,1000,296.86,39.27
23,2025-06-17/18,WESTERN MEDIUM,Dartry Valley,BOP1,2050,296.86,39.27
23,2025-06-17/18,WESTERN MEDIUM,Harangalla,BOP1,1750,296.86,39.27
23,2025-06-17/18,WESTERN MEDIUM,Craighead,FBOP/FBOP1,2150,296.86,39.27
23,2025-06-17/18,WESTERN MEDIUM,Harangalla,FBOP/FBOP1,1700,296.86,39.27
23,2025-06-17/18,WESTERN MEDIUM,Dartry Valley,FBOP/FBOP1,1650,296.86,39.27
23,2025-06-17/18,WESTERN MEDIUM,Craighead,FBOPF/FBOPF1,1800,296.86,39.27
23,2025-06-17/18,WESTERN MEDIUM,Harangalla,FBOPF/FBOPF1,1600,296.86,39.27
23,2025-06-17/18,WESTERN MEDIUM,Windsorforest,FBOPF/FBOPF1,1500,296.86,39.27
23,2025-06-17/18,WESTERN MEDIUM,Imboolpittia,FBOPF/FBOPF1,1420,296.86,39.27
23,2025-06-17/18,WESTERN MEDIUM,Ancoombra,FBOPF/FBOPF1,1420,296.86,39.27
23,2025-06-17/18,WESTERN MEDIUM,Meezan,OP/OPA,1200,296.86,39.27
23,2025-06-17/18,WESTERN MEDIUM,Dartry Valley,OP/OPA,1140,296.86,39.27
23,2025-06-17/18,WESTERN MEDIUM,Hatale,OP1,1500,296.86,39.27
23,2025-06-17/18,WESTERN MEDIUM,Galgewatta,OP1,1500,296.86,39.27
23,2025-06-17/18,WESTERN MEDIUM,Harangalla,PEK/PEK1,1650,296.86,39.27
23,2025-06-17/18,WESTERN MEDIUM,Pitaratmalie,PEK/PEK1,1650,296.86,39.27
23,2025-06-17/18,WESTERN MEDIUM,Meezan,PEK/PEK1,1600,296.86,39.27
23,2025-06-17/18,UVA MEDIUM,Aruna Passara,BOP,1300,296.86,29.74
23,2025-06-17/18,UVA MEDIUM,Roseland Uva,BOP,1300,296.86,29.74
23,2025-06-17/18,UVA MEDIUM,Uva Samovar,BOPSp,1240,296.86,29.74
23,2025-06-17/18,UVA MEDIUM,Dickwella,BOPF/BOPFSp,1460,296.86,29.74
23,2025-06-17/18,UVA MEDIUM,Sarnia Plaiderie,BOP1,1950,296.86,29.74
23,2025-06-17/18,UVA MEDIUM,Dickwella,BOP1,1600,296.86,29.74
23,2025-06-17/18,UVA MEDIUM,Dickwella,FBOP/FBOP1,1700,296.86,29.74
23,2025-06-17/18,UVA MEDIUM,Sarnia Plaiderie,FBOPF/FBOPF1,1460,296.86,29.74
23,2025-06-17/18,UVA MEDIUM,Dickwella,FBOPF/FBOPF1,1440,296.86,29.74
23,2025-06-17/18,UVA MEDIUM,Sarnia Plaiderie,FBOPF/FBOPF1,1600,296.86,29.74
23,2025-06-17/18,UVA MEDIUM,Uva Samovar,OP1,1420,296.86,29.74
23,2025-06-17/18,UVA MEDIUM,Telbedde,OP1,1500,296.86,29.74
23,2025-06-17/18,UVA MEDIUM,Dickwella,PEK/PEK1,1550,296.86,29.74
23,2025-06-17/18,UVA MEDIUM,Sarnia Plaiderie,PEK/PEK1,1550,296.86,29.74
23,2025-06-17/18,UVA MEDIUM,Aruna Passara,PEK/PEK1,1550,296.86,29.74
23,2025-06-17/18,UVA MEDIUM,Uva Samovar,OP1,1460,296.86,29.74
23,2025-06-17/18,UVA MEDIUM,Adawatte,OP1,1460,296.86,29.74
23,2025-06-17/18,UVA MEDIUM,Uva Tenne,PEK/PEK1,1460,296.86,29.74
23,2025-06-17/18,UVA MEDIUM,Roseland Uva,OP/OPA,1160,296.86,29.74
23,2025-06-17/18,UVA HIGH,Bandaraeliya,BOP,1080,296.86,16.5
23,2025-06-17/18,UVA HIGH,Gonamotawa,BOPSp,1360,296.86,16.5
23,2025-06-17/18,UVA HIGH,Queensberry,BOPSp,1300,296.86,16.5
23,2025-06-17/18,UVA HIGH,Alton,BOP1,1320,296.86,16.5
23,2025-06-17/18,UVA HIGH,Uva Highlands,BOP1,1500,296.86,16.5
23,2025-06-17/18,UVA HIGH,Glenloch,FBOP/FBOP1,1420,296.86,16.5
23,2025-06-17/18,UVA HIGH,Uva Highlands,FBOP/FBOP1,1500,296.86,16.5
23,2025-06-17/18,UVA HIGH,Torrington,FBOPF/FBOPF1,1380,296.86,16.5
23,2025-06-17/18,UVA HIGH,Kirkoswald,FBOPF/FBOPF1,1380,296.86,16.5
23,2025-06-17/18,UVA HIGH,Mount Uva,FBOP/FBOP1,1380,296.86,16.5
23,2025-06-17/18,UVA HIGH,Fairlawn,FBOPF/FBOPF1,1500,296.86,16.5
23,2025-06-17/18,UVA HIGH,Gonamotawa,PEK/PEK1,1060,296.86,16.5
23,2025-06-17/18,WESTERN HIGH,Great Western,BOP,1020,296.86,34.34
23,2025-06-17/18,WESTERN HIGH,Gonamotawa,BOPSp,1220,296.86,34.34
23,2025-06-17/18,WESTERN HIGH,Nayabedde,BOPF/BOPFSp,1120,296.86,34.34
23,2025-06-17/18,WESTERN HIGH,Glenanore,BOPF/BOPFSp,1750,296.86,34.34
23,2025-06-17/18,WESTERN HIGH,Torrington,BOP1,1700,296.86,34.34
23,2025-06-17/18,WESTERN HIGH,Gonamotawa,FBOP/FBOP1,1500,296.86,34.34
23,2025-06-17/18,WESTERN HIGH,Bambrakelly,FBOP/FBOP1,1420,296.86,34.34
23,2025-06-17/18,WESTERN HIGH,Glenanore,FBOP/FBOP1,1420,296.86,34.34
23,2025-06-17/18,WESTERN HIGH,Gonamotawa,FBOP/FBOP1,1360,296.86,34.34
23,2025-06-17/18,WESTERN HIGH,Great Western,OP/OPA,1220,296.86,34.34
23,2025-06-17/18,WESTERN HIGH,Ellathota Uva,OP1,1480,296.86,34.34
23,2025-06-17/18,WESTERN HIGH,Venture,OP/OPA,1500,296.86,34.34
23,2025-06-17/18,WESTERN HIGH,St Andrews,OP/OPA,1060,296.86,34.34
23,2025-06-17/18,WESTERN HIGH,Venture,OP1,1260,296.86,34.34
23,2025-06-17/18,WESTERN HIGH,Fairlawn,PEK/PEK1,1550,296.86,34.34
23,2025-06-17/18,NUWARA ELIYAS,Lovers Leap,BOPF/BOPFSp,1100,296.86,40.36
23,2025-06-17/18,NUWARA ELIYAS,Kenmare,FBOP/FBOP1,1260,296.86,40.36
23,2025-06-17/18,NUWARA ELIYAS,Donside,BPS,1200,296.86,40.36
23,2025-06-17/18,NUWARA ELIYAS,Court Lodge,FBOP/FBOP1,760,296.86,40.36
23,2025-06-17/18,NUWARA ELIYAS,Court Lodge,OP/OPA,980,296.86,40.36
23,2025-06-17/18,NUWARA ELIYAS,Kenmare,OP/OPA,960,296.86,40.36
23,2025-06-17/18,NUWARA ELIYAS,Kenmare,PEK/PEK1,1140,296.86,40.36
23,2025-06-17/18,UDAPUSSELLAWAS,Luckyland,BOP,850,296.86,32.64
23,2025-06-17/18,UDAPUSSELLAWAS,Kirklees,BOP,850,296.86,32.64
23,2025-06-17/18,UDAPUSSELLAWAS,Blairlomond,BOP,840,296.86,32.64
23,2025-06-17/18,UDAPUSSELLAWAS,Luckyland,BOPSp,830,296.86,32.64
23,2025-06-17/18,UDAPUSSELLAWAS,Kirklees,BOPSp,830,296.86,32.64
23,2025-06-17/18,UDAPUSSELLAWAS,Luckyland,BOPF/BOPFSp,890,296.86,32.64
23,2025-06-17/18,UDAPUSSELLAWAS,Kirklees,BOPF/BOPFSp,890,296.86,32.64
23,2025-06-17/18,UDAPUSSELLAWAS,Maha Uva,FBOP/FBOP1,1380,296.86,32.64
23,2025-06-17/18,UDAPUSSELLAWAS,Pothotuwa,FBOP/FBOP1,1380,296.86,32.64
23,2025-06-17/18,UDAPUSSELLAWAS,Blairlomond,FBOP/FBOP1,1300,296.86,32.64
23,2025-06-17/18,UDAPUSSELLAWAS,New Spring View,FBOP/FBOP1,1300,296.86,32.64
23,2025-06-17/18,UDAPUSSELLAWAS,Blairlomond,FBOPF/FBOPF1,1260,296.86,32.64
23,2025-06-17/18,UDAPUSSELLAWAS,Delmar,FBOPF/FBOPF1,1240,296.86,32.64
23,2025-06-17/18,UDAPUSSELLAWAS,Delmar,OP/OPA,1240,296.86,32.64
23,2025-06-17/18,UDAPUSSELLAWAS,Blairlomond,PEK/PEK1,1440,296.86,32.64
23,2025-06-17/18,UNORTHODOX HIGH,Dunsinane CTC,PF1,1100,296.86,36.53
23,2025-06-17/18,UNORTHODOX MEDIUM,New Peacock CTC,PF1,1120,296.86,36.53
23,2025-06-17/18,UNORTHODOX MEDIUM,Rothschild CTC,BP1,1260,296.86,36.53
23,2025-06-17/18,UNORTHODOX LOW,Kalubowitiyana CTC,PF1,1440,296.86,36.53
23,2025-06-17/18,UNORTHODOX LOW,Ceciliyan CTC,BP1,1200,296.86,36.53
23,2025-06-17/18,UNORTHODOX LOW,Ross Feld CTC,BPS,760,296.86,36.53
23,2025-06-17/18,PREMIUM FLOWERY,Fortune,FBOPFSp,2450,296.86,36.53
23,2025-06-17/18,PREMIUM FLOWERY,New Deniyaya,FBOPFSp,2400,296.86,36.53
23,2025-06-17/18,PREMIUM FLOWERY,Pothotuwa,FBOPFSp,2350,296.86,36.53
23,2025-06-17/18,PREMIUM FLOWERY,Thilaka,FBOPFSp,2350,296.86,36.53
23,2025-06-17/18,PREMIUM FLOWERY,Wikilliya,FBOPFSp,2350,296.86,36.53
23,2025-06-17/18,PREMIUM FLOWERY,Greenwin Super,FBOPFSp,2350,296.86,36.53
23,2025-06-17/18,PREMIUM FLOWERY,Thalapalakanda Super,FBOPFSp,2350,296.86,36.53
23,2025-06-17/18,PREMIUM FLOWERY,Ivy Hills,FBOPFSp,2350,296.86,36.53
23,2025-06-17/18,PREMIUM FLOWERY,Delmar,FBOPFExSp,2950,296.86,36.53
23,2025-06-17/18,PREMIUM FLOWERY,Kiruwanaganga,FBOPFExSp,2750,296.86,36.53
23,2025-06-17/18,PREMIUM FLOWERY,Gampaha,FBOPFExSp1,2850,296.86,36.53
23,2025-06-17/18,DUSTS,Mattakelle,DUST1,1600,296.86,36.53
23,2025-06-17/18,DUSTS,Hingalgoda CTC,PD,1550,296.86,36.53
23,2025-06-17/18,DUSTS,Delmar,DUST1,1400,296.86,36.53
23,2025-06-17/18,OFF GRADES,Wattegodde,FGS/FGS1,1020,296.86,36.53
23,2025-06-17/18,OFF GRADES,Holyrood,FGS/FGS1,1000,296.86,36.53
23,2025-06-17/18,OFF GRADES,Agraouvah,FGS/FGS1,980,296.86,36.53
23,2025-06-17/18,OFF GRADES,Kelliebedde,FGS/FGS1,960,296.86,36.53
23,2025-06-17/18,OFF GRADES,Liyona CTC,PF,940,296.86,36.53
23,2025-06-17/18,OFF GRADES,Chandrika CTC,PF,860,296.86,36.53
23,2025-06-17/18,OFF GRADES,Wilehena,BM,1180,296.86,36.53
23,2025-06-17/18,OFF GRADES,Adams View,BP,1200,296.86,36.53
23,2025-06-17/18,OFF GRADES,Chandrika Estate,BP,1120,296.86,36.53
23,2025-06-17/18,OFF GRADES,Kothmale Hills,BP,1120,296.86,36.53
23,2025-06-17/18,OFF GRADES,Chandrika Estate,BOPIA,1340,296.86,36.53
23,2025-06-17/18,LOW GROWNS,Lions,BOP,2300,296.86,53.92
23,2025-06-17/18,LOW GROWNS,Mulatiyana Hills,BOP,2300,296.86,53.92
23,2025-06-17/18,LOW GROWNS,Kamarangapitiya,BOPSp,2200,296.86,53.92
23,2025-06-17/18,LOW GROWNS,Kings Bru,BOPF,1700,296.86,53.92
23,2025-06-17/18,LOW GROWNS,Rajjuruwatta Super,BOPFSp,2100,296.86,53.92
23,2025-06-17/18,LOW GROWNS,Sithaka,FBOP,2600,296.86,53.92
23,2025-06-17/18,LOW GROWNS,Wattahena,FBOP1,2100,296.86,53.92
23,2025-06-17/18,LOW GROWNS,New Nivithigala,FBOP1,2100,296.86,53.92
23,2025-06-17/18,LOW GROWNS,Kiruwanaganga,FBOP1,2000,296.86,53.92
23,2025-06-17/18,LOW GROWNS,Sihara,FBOPF,1420,296.86,53.92
23,2025-06-17/18,LOW GROWNS,Halwitigala Smallholders,FBOPF,1420,296.86,53.92
23,2025-06-17/18,LOW GROWNS,Nilwala,FBOPF,1420,296.86,53.92
23,2025-06-17/18,LOW GROWNS,Lumbini,FBOPF1,1900,296.86,53.92
23,2025-06-17/18,LOW GROWNS,Makandura,FBOPF1,1700,296.86,53.92
23,2025-06-17/18,LOW GROWNS,Pothotuwa,FBOPF1,1650,296.86,53.92
23,2025-06-17/18,LOW GROWNS,Pothotuwa,BOP1,3000,296.86,53.92
23,2025-06-17/18,LOW GROWNS,Pothotuwa,OP1,3250,296.86,53.92
23,2025-06-17/18,LOW GROWNS,Kiruwanaganga,OP1,2800,296.86,53.92
23,2025-06-17/18,LOW GROWNS,Kingsbru,OP,1650,296.86,53.92
23,2025-06-17/18,LOW GROWNS,Sunrise,OP,1650,296.86,53.92
23,2025-06-17/18,LOW GROWNS,Miriswatta,OPA,1600,296.86,53.92
23,2025-06-17/18,LOW GROWNS,Sunrise,OPA,1600,296.86,53.92
23,2025-06-17/18,LOW GROWNS,Lucky Dais,OPA,1600,296.86,53.92
23,2025-06-17/18,LOW GROWNS,Green Lanka,OPA,1600,296.86,53.92
23,2025-06-17/18,LOW GROWNS,Lumbini,PEK,2350,296.86,53.92
23,2025-06-17/18,LOW GROWNS,New Batuwangala,PEK1,2500,296.86,53.92
24,2025-06-24/25,UVA MEDIUM,Ancoombra,BOP,1550,296.67,29.74
24,2025-06-24/25,UVA MEDIUM,Dartry Valley,BOP,1500,296.67,29.74
24,2025-06-24/25,UVA MEDIUM,Sarnia Plaiderie,BOPSP,1260,296.67,29.74
24,2025-06-24/25,UVA MEDIUM,Rilagala,BOPF/BOPFSp,1020,296.67,29.74
24,2025-06-24/25,UVA MEDIUM,Dickwella,BOP1,1950,296.67,29.74
24,2025-06-24/25,UVA MEDIUM,Craighead,FBOP/FBOP1,2500,296.67,29.74
24,2025-06-24/25,UVA MEDIUM,Dartry Valley,FBOP/FBOP1,1700,296.67,29.74
24,2025-06-24/25,UVA MEDIUM,Harangalla,FBOP/FBOP1,1650,296.67,29.74
24,2025-06-24/25,UVA MEDIUM,Dartry Valley,FBOPF/FBOPF1,1600,296.67,29.74
24,2025-06-24/25,UVA MEDIUM,Telbedde,OP/OPA,1200,296.67,29.74
24,2025-06-24/25,UVA MEDIUM,Craighead,OP/OPA,1160,296.67,29.74
24,2025-06-24/25,UVA MEDIUM,Misty-Uva,OP/OPA,1140,296.67,29.74
24,2025-06-24/25,UVA MEDIUM,Ancoombra,OP1,1440,296.67,29.74
24,2025-06-24/25,UVA MEDIUM,Harangalla,OP1,1420,296.67,29.74
24,2025-06-24/25,UVA MEDIUM,Meezan,PEK/PEK1,1750,296.67,29.74
24,2025-06-24/25,UVA MEDIUM,Misty-Uva,PEK/PEK1,1650,296.67,29.74
24,2025-06-24/25,UVA MEDIUM,Haputale Super,PEK/PEK1,1700,296.67,29.74
24,2025-06-24/25,UVA MEDIUM,Dartry Valley,PEK/PEK1,1600,296.67,29.74
24,2025-06-24/25,UVA MEDIUM,Craighead,PEK/PEK1,1600,296.67,29.74
24,2025-06-24/25,UVA MEDIUM,Doombagastalawa,PEK/PEK1,1600,296.67,29.74
24,2025-06-24/25,WESTERN MEDIUM,Demodera 'S',BOP,1360,296.67,39.27
24,2025-06-24/25,WESTERN MEDIUM,Dickwella,BOP,1300,296.67,39.27
24,2025-06-24/25,WESTERN MEDIUM,Vellai Oya,BOPF/BOPFSp,1460,296.67,39.27
24,2025-06-24/25,WESTERN MEDIUM,Dickwella,BOPF/BOPFSp,1460,296.67,39.27
24,2025-06-24/25,WESTERN MEDIUM,Sarnia Plaiderie,FBOP/FBOP1,1550,296.67,39.27
24,2025-06-24/25,WESTERN MEDIUM,Sarnia Plaiderie,FBOP/FBOP1,1550,296.67,39.27
24,2025-06-24/25,WESTERN MEDIUM,Dickwella,FBOP/FBOP1,1500,296.67,39.27
24,2025-06-24/25,WESTERN MEDIUM,Ury,FBOP/FBOP1,1500,296.67,39.27
24,2025-06-24/25,WESTERN MEDIUM,Dartry Valley,FBOP/FBOP1,1480,296.67,39.27
24,2025-06-24/25,WESTERN MEDIUM,Sarnia Plaiderie,FBOPF/FBOPF1,1460,296.67,39.27
24,2025-06-24/25,WESTERN MEDIUM,Cooroondoowatte,OP/OPA,1300,296.67,39.27
24,2025-06-24/25,WESTERN MEDIUM,Dickwella,OP1,1500,296.67,39.27
24,2025-06-24/25,WESTERN MEDIUM,Halpewatta Uva,PEK/PEK1,1700,296.67,39.27
24,2025-06-24/25,WESTERN MEDIUM,Orange Field,PEK/PEK1,1600,296.67,39.27
24,2025-06-24/25,WESTERN MEDIUM,Harangalla,PEK/PEK1,1220,296.67,39.27
24,2025-06-24/25,UVA HIGH,Nayabedde,BOP,1040,296.67,16.5
24,2025-06-24/25,UVA HIGH,Gonamotawa,BOPSp,1600,296.67,16.5
24,2025-06-24/25,UVA HIGH,Craig,BOPSp,1220,296.67,16.5
24,2025-06-24/25,UVA HIGH,Nayabedde,BOPF/BOPFSp,1200,296.67,16.5
24,2025-06-24/25,UVA HIGH,Uva Highlands,BOP1,1260,296.67,16.5
24,2025-06-24/25,UVA HIGH,Oodoowerre,FBOPF/FBOPF1,1400,296.67,16.5
24,2025-06-24/25,UVA HIGH,Wanarajah,OP/OPA,1380,296.67,16.5
24,2025-06-24/25,UVA HIGH,Ranaya,OP/OPA,1360,296.67,16.5
24,2025-06-24/25,UVA HIGH,Craig,BOPF/BOPFSp,1340,296.67,16.5
24,2025-06-24/25,UVA HIGH,Ellathota Uva,BOPF/BOPFSp,1360,296.67,16.5
24,2025-06-24/25,UVA HIGH,Gonamotawa,BOP1,1500,296.67,16.5
24,2025-06-24/25,UVA HIGH,Torrington,FBOP/FBOP1,1440,296.67,16.5
24,2025-06-24/25,UVA HIGH,Torrington,FBOPF/FBOPF2,1460,296.67,16.5
24,2025-06-24/25,UVA HIGH,Torrington,FBOPF/FBOPF1,1400,296.67,16.5
24,2025-06-24/25,UVA HIGH,Torrington,OP/OPA,1180,296.67,16.5
24,2025-06-24/25,UVA HIGH,Bambrakelly,OP1,1260,296.67,16.5
24,2025-06-24/25,UVA HIGH,Torrington,PEK/PEK1,1120,296.67,16.5
24,2025-06-24/25,WESTERN HIGH,Great Western,BOP,1480,296.67,34.34
24,2025-06-24/25,WESTERN HIGH,Gonamotawa,BOP,1200,296.67,34.34
24,2025-06-24/25,WESTERN HIGH,Bearwell,BOPSP,1480,296.67,34.34
24,2025-06-24/25,WESTERN HIGH,Queensberry,BOPF/BOPFSp,1320,296.67,34.34
24,2025-06-24/25,WESTERN HIGH,Spring Valley,OP/OPA,1140,296.67,34.34
24,2025-06-24/25,WESTERN HIGH,Alton,BOPF/BOPFSp,1140,296.67,34.34
24,2025-06-24/25,WESTERN HIGH,Great Western,OP1,1480,296.67,34.34
24,2025-06-24/25,WESTERN HIGH,Dessford,PEK/PEK1,1500,296.67,34.34
24,2025-06-24/25,WESTERN HIGH,Inverness,PEK/PEK1,1480,296.67,34.34
24,2025-06-24/25,WESTERN HIGH,Ellathota Uva,PEK/PEK1,1500,296.67,34.34
24,2025-06-24/25,WESTERN HIGH,Fairlawn,FBOPF/FBOPF1,1400,296.67,34.34
24,2025-06-24/25,UNORTHODOX HIGH,Dunsinane CTC,PF1,1060,296.67,36.53
24,2025-06-24/25,UNORTHODOX MEDIUM,New Peacock CTC,PF1,1550,296.67,36.53
24,2025-06-24/25,UNORTHODOX MEDIUM,Delta CTC,BP1,880,296.67,36.53
24,2025-06-24/25,UNORTHODOX MEDIUM,Donside CTC,BPS,750,296.67,36.53
24,2025-06-24/25,NUWARA ELIYAS,Court Lodge,FBOP/FBOP1,1440,296.67,40.36
24,2025-06-24/25,NUWARA ELIYAS,Court Lodge,OP/OPA,1100,296.67,40.36
24,2025-06-24/25,NUWARA ELIYAS,Mahagastotte,PEK/PEK1,920,296.67,40.36
24,2025-06-24/25,UDAPUSSELLAWAS,Liddesdale,BOP,850,296.67,32.64
24,2025-06-24/25,UDAPUSSELLAWAS,Ragalla,BOP,850,296.67,32.64
24,2025-06-24/25,UDAPUSSELLAWAS,Luckyland,BOPSp,840,296.67,32.64
24,2025-06-24/25,UDAPUSSELLAWAS,Lihiniyawa,BOPSp,830,296.67,32.64
24,2025-06-24/25,UDAPUSSELLAWAS,Luckyland,BOPF/BOPFSp,1000,296.67,32.64
24,2025-06-24/25,UDAPUSSELLAWAS,High Forest,BOPF/BOPFSp,940,296.67,32.64
24,2025-06-24/25,UDAPUSSELLAWAS,Blairlomond,FBOP/FBOP1,1380,296.67,32.64
24,2025-06-24/25,UDAPUSSELLAWAS,Blairlomond,FBOPF/FBOPF1,1380,296.67,32.64
24,2025-06-24/25,UDAPUSSELLAWAS,Delmar,OP/OPA,1160,296.67,32.64
24,2025-06-24/25,UDAPUSSELLAWAS,High Forest,OP1,940,296.67,32.64
24,2025-06-24/25,UDAPUSSELLAWAS,Blairlomond,PEK/PEK1,1550,296.67,32.64
24,2025-06-24/25,UNORTHODOX LOW,Hingalgoda CTC,PF1,1440,296.67,36.53
24,2025-06-24/25,UNORTHODOX LOW,Ceciliyan CTC,BP1,1160,296.67,36.53
24,2025-06-24/25,PREMIUM FLOWERY,Rasa,FBOPFSp,5000,296.67,36.53
24,2025-06-24/25,PREMIUM FLOWERY,HPP Tea,FBOPFExSp,4750,296.67,36.53
24,2025-06-24/25,PREMIUM FLOWERY,Maha Uva,FBOPFExSp1,4500,296.67,36.53
24,2025-06-24/25,PREMIUM FLOWERY,Kamarangapitiya,FBOPFExSp1,4350,296.67,36.53
24,2025-06-24/25,DUSTS,Great Western,DUST1,1500,296.67,36.53
24,2025-06-24/25,DUSTS,Ceciliyan CTC,PD,1300,296.67,36.53
24,2025-06-24/25,OFF GRADES,Wattegodde,FGS/FGS1,1040,296.67,36.53
24,2025-06-24/25,OFF GRADES,Bogawantalawa,FGS/FGS1,1000,296.67,36.53
24,2025-06-24/25,OFF GRADES,Wanarajah,FGS/FGS1,980,296.67,36.53
24,2025-06-24/25,OFF GRADES,Liyonta CTC,PE,940,296.67,36.53
24,2025-06-24/25,OFF GRADES,Strathdon CTC,PF,840,296.67,36.53
24,2025-06-24/25,OFF GRADES,Chandrika CTC,PF,810,296.67,36.53
24,2025-06-24/25,OFF GRADES,Kurunduwatta,BM,1220,296.67,36.53
24,2025-06-24/25,OFF GRADES,Hidellana,BP,1240,296.67,36.53
24,2025-06-24/25,OFF GRADES,Ransegoda,BP,1220,296.67,36.53
24,2025-06-24/25,OFF GRADES,Chandrika Estate,BP,1200,296.67,36.53
24,2025-06-24/25,OFF GRADES,Kelani,BP,1180,296.67,36.53
24,2025-06-24/25,OFF GRADES,Lakvinka,BP,1180,296.67,36.53
24,2025-06-24/25,OFF GRADES,Chandrika Estate,BOPIA,1400,296.67,36.53
24,2025-06-24/25,LOW GROWNS,Golden Garden,BOP,2400,296.67,53.92
24,2025-06-24/25,LOW GROWNS,Stream Line,BOPSp,2400,296.67,53.92
24,2025-06-24/25,LOW GROWNS,Kamarangapitiya,BOPSp,2300,296.67,53.92
24,2025-06-24/25,LOW GROWNS,Sithaka,BOPF,1650,296.67,53.92
24,2025-06-24/25,LOW GROWNS,Greenwin Super,BOPFSp,2250,296.67,53.92
24,2025-06-24/25,LOW GROWNS,Sithaka,FBOP,2650,296.67,53.92
24,2025-06-24/25,LOW GROWNS,Wattahena,FBOP1,2050,296.67,53.92
24,2025-06-24/25,LOW GROWNS,Kiruwanaganga,FBOP1,1850,296.67,53.92
24,2025-06-24/25,LOW GROWNS,Lumbini,FBOP1,1850,296.67,53.92
24,2025-06-24/25,LOW GROWNS,Rajjuruwatta Super,FBOPF,1460,296.67,53.92
24,2025-06-24/25,LOW GROWNS,New Laksakanda,FBOPF,1440,296.67,53.92
24,2025-06-24/25,LOW GROWNS,Gunawardana,FBOPF,1420,296.67,53.92
24,2025-06-24/25,LOW GROWNS,Lumbini,FBOPF1,1750,296.67,53.92
24,2025-06-24/25,LOW GROWNS,Pothotuwa,FBOPF1,1650,296.67,53.92
24,2025-06-24/25,LOW GROWNS,Sithaka,FBOPF1,1650,296.67,53.92
24,2025-06-24/25,LOW GROWNS,Adams View,FBOPF1,1600,296.67,53.92
24,2025-06-24/25,LOW GROWNS,Nilrich,FBOPF1,1600,296.67,53.92
24,2025-06-24/25,LOW GROWNS,Stream Line,FBOPF1,1600,296.67,53.92
24,2025-06-24/25,LOW GROWNS,Kolonna Super,FBOPF1,1600,296.67,53.92
24,2025-06-24/25,LOW GROWNS,Pothotuwa,BOP1,3000,296.67,53.92
24,2025-06-24/25,LOW GROWNS,Gunawardana,OP1,3250,296.67,53.92
24,2025-06-24/25,LOW GROWNS,Miriswatta,OP,1550,296.67,53.92
24,2025-06-24/25,LOW GROWNS,Dampahala,OPA,1650,296.67,53.92
24,2025-06-24/25,LOW GROWNS,Liyonta,OPA,1650,296.67,53.92
24,2025-06-24/25,LOW GROWNS,Liyonta,PEK,2350,296.67,53.92
24,2025-06-24/25,LOW GROWNS,Galaxy,PEK1,2300,296.67,53.92
25,2025-07-01/02,WESTERN MEDIUM,Dartry Valley,BOP,1550,295.91,39.27
25,2025-07-01/02,WESTERN MEDIUM,Ancoombra,BOP,1550,295.91,39.27
25,2025-07-01/02,WESTERN MEDIUM,Harangalla,BOP,1550,295.91,39.27
25,2025-07-01/02,WESTERN MEDIUM,Ancoombra,BOPSp,1500,295.91,39.27
25,2025-07-01/02,WESTERN MEDIUM,Vellai Oya,BOPF/BOPFSp,1100,295.91,39.27
25,2025-07-01/02,WESTERN MEDIUM,Orange Field,BOP1,1300,295.91,39.27
25,2025-07-01/02,WESTERN MEDIUM,Craighead,FBOP/FBOP1,1650,295.91,39.27
25,2025-07-01/02,WESTERN MEDIUM,Dartry Valley,FBOP/FBOP1,1650,295.91,39.27
25,2025-07-01/02,WESTERN MEDIUM,Ancoombra,FBOPF/FBOPF1,1600,295.91,39.27
25,2025-07-01/02,WESTERN MEDIUM,Harangalla,FBOPF/FBOPF1,1550,295.91,39.27
25,2025-07-01/02,WESTERN MEDIUM,Dartry Valley,FBOPF/FBOPF1,1550,295.91,39.27
25,2025-07-01/02,WESTERN MEDIUM,Hatale,FBOPF/FBOPF1,1550,295.91,39.27
25,2025-07-01/02,WESTERN MEDIUM,Hatale,OP/OPA,1300,295.91,39.27
25,2025-07-01/02,WESTERN MEDIUM,Kenilworth,OP1,1500,295.91,39.27
25,2025-07-01/02,WESTERN MEDIUM,Roslin Hill,OP1,1500,295.91,39.27
25,2025-07-01/02,WESTERN MEDIUM,Uplands,PEK/PEK1,2200,295.91,39.27
25,2025-07-01/02,UVA MEDIUM,Demodera 'S',BOP,1460,295.91,29.74
25,2025-07-01/02,UVA MEDIUM,Gonakelle,BOPSp,1420,295.91,29.74
25,2025-07-01/02,UVA MEDIUM,Uva Samovar,BOPSp,1380,295.91,29.74
25,2025-07-01/02,UVA MEDIUM,Dickwella,BOPF/BOPFSp,1440,295.91,29.74
25,2025-07-01/02,UVA MEDIUM,Demodera 'S',BOP1,1900,295.91,29.74
25,2025-07-01/02,UVA MEDIUM,Dickwella,BOP1,1800,295.91,29.74
25,2025-07-01/02,UVA MEDIUM,Ury,FBOP/FBOP1,1600,295.91,29.74
25,2025-07-01/02,UVA MEDIUM,Ury,FBOP/FBOP1,1600,295.91,29.74
25,2025-07-01/02,UVA MEDIUM,Sarnia Plaiderie,FBOPF/FBOPF1,1600,295.91,29.74
25,2025-07-01/02,UVA MEDIUM,Roseland Uva,FBOP/FBOP1,1600,295.91,29.74
25,2025-07-01/02,UVA MEDIUM,Dickwella,FBOP/FBOP1,1500,295.91,29.74
25,2025-07-01/02,UVA MEDIUM,Shawlands,FBOP/FBOP1,1480,295.91,29.74
25,2025-07-01/02,UVA MEDIUM,Adawatte,FBOP/FBOP1,1480,295.91,29.74
25,2025-07-01/02,UVA MEDIUM,Wewesse,FBOP/FBOP1,1480,295.91,29.74
25,2025-07-01/02,UVA MEDIUM,Aruna Passara,FBOP/FBOP1,1480,295.91,29.74
25,2025-07-01/02,UVA MEDIUM,Hindagala,FBOP/FBOP1,1480,295.91,29.74
25,2025-07-01/02,UVA MEDIUM,Sarnia Plaiderie,FBOPF/FBOPF1,1480,295.91,29.74
25,2025-07-01/02,UVA MEDIUM,Halpewatta Uva,FBOPF/FBOPF1,1480,295.91,29.74
25,2025-07-01/02,UVA MEDIUM,Roseland Uva,FBOPF/FBOPF1,1480,295.91,29.74
25,2025-07-01/02,UVA MEDIUM,Sarnia Plaiderie,OP/OPA,1280,295.91,29.74
25,2025-07-01/02,UVA MEDIUM,Dickwella,OP1,1550,295.91,29.74
25,2025-07-01/02,UVA MEDIUM,Haputale Super,PEK/PEK1,1600,295.91,29.74
25,2025-07-01/02,UVA MEDIUM,Misty Uva,PEK/PEK1,1600,295.91,29.74
25,2025-07-01/02,UVA MEDIUM,Sarnia Plaiderie,PEK/PEK1,1600,295.91,29.74
25,2025-07-01/02,UVA MEDIUM,Dickwella,PEK/PEK1,1600,295.91,29.74
25,2025-07-01/02,UVA MEDIUM,Aruna Keppetipola,PEK/PEK1,1600,295.91,29.74
25,2025-07-01/02,UVA MEDIUM,Halpewatta Uva,PEK/PEK1,1550,295.91,29.74
25,2025-07-01/02,UVA MEDIUM,Uva Samovar,PEK/PEK1,1550,295.91,29.74
25,2025-07-01/02,UVA MEDIUM,Aruna Passara,PEK/PEK1,1550,295.91,29.74
25,2025-07-01/02,UVA MEDIUM,Adawatte,PEK/PEK1,1550,295.91,29.74
25,2025-07-01/02,WESTERN HIGH,Fairlawn,BOP,1480,295.91,34.34
25,2025-07-01/02,WESTERN HIGH,Ingestre,BOP,1340,295.91,34.34
25,2025-07-01/02,WESTERN HIGH,Alton,BOP,1280,295.91,34.34
25,2025-07-01/02,WESTERN HIGH,Inverness,BOP,1280,295.91,34.34
25,2025-07-01/02,WESTERN HIGH,Wattegodde,BOP,1280,295.91,34.34
25,2025-07-01/02,WESTERN HIGH,Eildon Hall,BOPSp,1300,295.91,34.34
25,2025-07-01/02,WESTERN HIGH,Alton,BOPF/BOPFSp,1500,295.91,34.34
25,2025-07-01/02,WESTERN HIGH,Torrington,BOP1,1420,295.91,34.34
25,2025-07-01/02,WESTERN HIGH,Bambrakelly,FBOP/FBOP1,1650,295.91,34.34
25,2025-07-01/02,WESTERN HIGH,Torrington,FBOP/FBOP1,1500,295.91,34.34
25,2025-07-01/02,WESTERN HIGH,Glenloch,FBOPF/FBOPF1,1460,295.91,34.34
25,2025-07-01/02,WESTERN HIGH,Torrington,OP/OPA,1120,295.91,34.34
25,2025-07-01/02,WESTERN HIGH,Fairlawn,OP/OPA,1120,295.91,34.34
25,2025-07-01/02,WESTERN HIGH,Inverness,OP1,1380,295.91,34.34
25,2025-07-01/02,WESTERN HIGH,Somerset,PEK/PEK1,1440,295.91,34.34
25,2025-07-01/02,UVA HIGH,Ellathota Uva,BOP,1260,295.91,16.5
25,2025-07-01/02,UVA HIGH,Gonamotawa,BOPSp,1320,295.91,16.5
25,2025-07-01/02,UVA HIGH,Nayabedde,BOPF/BOPFSp,1200,295.91,16.5
25,2025-07-01/02,UVA HIGH,Bandaraeliya,BOPF/BOPFSp,1120,295.91,16.5
25,2025-07-01/02,UVA HIGH,Kelliebedde,BOPF/BOPFSp,1080,295.91,16.5
25,2025-07-01/02,UVA HIGH,Uva Highlands,BOP1,1600,295.91,16.5
25,2025-07-01/02,UVA HIGH,Gonamotawa,BOP1,1550,295.91,16.5
25,2025-07-01/02,UVA HIGH,Glenanore,FBOP/FBOP1,1550,295.91,16.5
25,2025-07-01/02,UVA HIGH,Ellathota Uva,FBOP/FBOP1,1460,295.91,16.5
25,2025-07-01/02,UVA HIGH,Craig,FBOP/FBOP1,1460,295.91,16.5
25,2025-07-01/02,UVA HIGH,Balagalaella,FBOPF/FBOPF1,1400,295.91,16.5
25,2025-07-01/02,UVA HIGH,Gonamotawa,FBOPF/FBOPF1,1380,295.91,16.5
25,2025-07-01/02,UVA HIGH,Spring Valley,FBOPF/FBOPF1,1380,295.91,16.5
25,2025-07-01/02,UVA HIGH,Mount Uva,FBOPF/FBOPF1,1380,295.91,16.5
25,2025-07-01/02,UVA HIGH,Craig,FBOPF/FBOPF1,1380,295.91,16.5
25,2025-07-01/02,UVA HIGH,Ellathota Uva,FBOPF/FBOPF1,1360,295.91,16.5
25,2025-07-01/02,UVA HIGH,Ellathota Uva,OP/OPA,1140,295.91,16.5
25,2025-07-01/02,UVA HIGH,Craig,OP1,1480,295.91,16.5
25,2025-07-01/02,UVA HIGH,Gonamotawa,PEK/PEK1,1550,295.91,16.5
25,2025-07-01/02,UVA HIGH,Battawatte,PEK/PEK1,1550,295.91,16.5
25,2025-07-01/02,UVA HIGH,Ellathota Uva,PEK/PEK1,1550,295.91,16.5
25,2025-07-01/02,NUWARA ELIYAS,Kenmare,BOP,920,295.91,40.36
25,2025-07-01/02,NUWARA ELIYAS,Kenmare,BOPSp,1220,295.91,40.36
25,2025-07-01/02,NUWARA ELIYAS,Mahagastotte,BOPF/BOPFSp,1100,295.91,40.36
25,2025-07-01/02,NUWARA ELIYAS,Kenmare,FBOP/FBOP1,1160,295.91,40.36
25,2025-07-01/02,NUWARA ELIYAS,Court Lodge,OP/OPA,960,295.91,40.36
25,2025-07-01/02,NUWARA ELIYAS,Kenmare,OP/OPA,940,295.91,40.36
25,2025-07-01/02,NUWARA ELIYAS,Kenmare,PEK/PEK1,960,295.91,40.36
25,2025-07-01/02,NUWARA ELIYAS,Court Lodge,PEK/PEK1,920,295.91,40.36
25,2025-07-01/02,UDAPUSSELLAWAS,Kirklees,BOP,940,295.91,32.64
25,2025-07-01/02,UDAPUSSELLAWAS,Gampaha,BOPSp,1280,295.91,32.64
25,2025-07-01/02,UDAPUSSELLAWAS,Kirklees,BOPF/BOPFSp,1060,295.91,32.64
25,2025-07-01/02,UDAPUSSELLAWAS,Maha Uva,BOP1,1380,295.91,32.64
25,2025-07-01/02,UDAPUSSELLAWAS,Gampaha,FBOP/FBOP1,1500,295.91,32.64
25,2025-07-01/02,UDAPUSSELLAWAS,Blairlomond,FBOP/FBOP1,1400,295.91,32.64
25,2025-07-01/02,UDAPUSSELLAWAS,Delmar,FBOPF/FBOPF1,1420,295.91,32.64
25,2025-07-01/02,UDAPUSSELLAWAS,Blairlomond,OP/OPA,1060,295.91,32.64
25,2025-07-01/02,UDAPUSSELLAWAS,Delmar,OP/OPA,1040,295.91,32.64
25,2025-07-01/02,UDAPUSSELLAWAS,Delmar,OP1,1400,295.91,32.64
25,2025-07-01/02,UDAPUSSELLAWAS,Maha Uva,OP1,1380,295.91,32.64
25,2025-07-01/02,UDAPUSSELLAWAS,Blairlomond,OP1,1320,295.91,32.64
25,2025-07-01/02,UDAPUSSELLAWAS,Gampaha,PEK/PEK1,1480,295.91,32.64
25,2025-07-01/02,UDAPUSSELLAWAS,Blairlomond,PEK/PEK1,1460,295.91,32.64
25,2025-07-01/02,UDAPUSSELLAWAS,Maha Uva,PEK/PEK1,1380,295.91,32.64
25,2025-07-01/02,UNORTHODOX HIGH,Dunsinane CTC,PF1,1140,295.91,36.53
25,2025-07-01/02,UNORTHODOX HIGH,Ulugedara CTC,PF1,1140,295.91,36.53
25,2025-07-01/02,UNORTHODOX HIGH,Mount Vernon CTC,BPS,780,295.91,36.53
25,2025-07-01/02,UNORTHODOX MEDIUM,New Peacock CTC,PF1,1140,295.91,36.53
25,2025-07-01/02,UNORTHODOX MEDIUM,Aultmore CTC,BP1,810,295.91,36.53
25,2025-07-01/02,UNORTHODOX MEDIUM,Donside CTC,BPS,740,295.91,36.53
25,2025-07-01/02,UNORTHODOX LOW,Hingalgoda CTC,PF1,1500,295.91,36.53
25,2025-07-01/02,UNORTHODOX LOW,Ceciliyan CTC,BP1,1240,295.91,36.53
25,2025-07-01/02,UNORTHODOX LOW,Ross Field CTC,BPS,730,295.91,36.53
25,2025-07-01/02,PREMIUM FLOWERY,Adams View,FBOPFSp,4650,295.91,36.53
25,2025-07-01/02,PREMIUM FLOWERY,Kurunduwatta,FBOPFSp,4600,295.91,36.53
25,2025-07-01/02,PREMIUM FLOWERY,Wikiliya,FBOPFSp,4300,295.91,36.53
25,2025-07-01/02,PREMIUM FLOWERY,Yalta,FBOPFSp,4300,295.91,36.53
25,2025-07-01/02,PREMIUM FLOWERY,Lumbini,FBOPFSp,4300,295.91,36.53
25,2025-07-01/02,PREMIUM FLOWERY,New Batuwangala,FBOPExSp,5950,295.91,36.53
25,2025-07-01/02,PREMIUM FLOWERY,New Vithanakande,FBOPExSp1,4750,295.91,36.53
25,2025-07-01/02,DUSTS,Mattakkelle,DUST1,1650,295.91,36.53
25,2025-07-01/02,DUSTS,Hingalgoda CTC,PD,1360,295.91,36.53
25,2025-07-01/02,OFF GRADES,Somerset,FGS/FGS1,1120,295.91,36.53
25,2025-07-01/02,OFF GRADES,Wanarajah,FGS/FGS1,1000,295.91,36.53
25,2025-07-01/02,OFF GRADES,Eildon Hall,FGS/FGS1,980,295.91,36.53
25,2025-07-01/02,OFF GRADES,Dessford,FGS/FGS1,980,295.91,36.53
25,2025-07-01/02,OFF GRADES,Wattegodde,FGS/FGS1,980,295.91,36.53
25,2025-07-01/02,OFF GRADES,Hingalgoda CTC,PF,1200,295.91,36.53
25,2025-07-01/02,OFF GRADES,Kosgahadola Ella,BM,1080,295.91,36.53
25,2025-07-01/02,OFF GRADES,Avissawella,BM,1020,295.91,36.53
25,2025-07-01/02,OFF GRADES,Gunawardana,BM,980,295.91,36.53
25,2025-07-01/02,OFF GRADES,Galla,BM,980,295.91,36.53
25,2025-07-01/02,OFF GRADES,Suposha,BP,1240,295.91,36.53
25,2025-07-01/02,OFF GRADES,Chandrika Estate,BOPIA,1420,295.91,36.53
25,2025-07-01/02,LOW GROWNS,Brombil,BOP,2350,295.91,53.92
25,2025-07-01/02,LOW GROWNS,Kamarangapitiya,BOPSp,1900,295.91,53.92
25,2025-07-01/02,LOW GROWNS,Deshika Super,BOPSp,1800,295.91,53.92
25,2025-07-01/02,LOW GROWNS,Kelani,BOPSp,1750,295.91,53.92
25,2025-07-01/02,LOW GROWNS,Kings Bru,BOPF,1800,295.91,53.92
25,2025-07-01/02,LOW GROWNS,Sithaka,BOPF,1420,295.91,53.92
25,2025-07-01/02,LOW GROWNS,Pothotuwa,BOPF,1340,295.91,53.92
25,2025-07-01/02,LOW GROWNS,Rajjuruwatta Super,BOPFSp,2150,295.91,53.92
25,2025-07-01/02,LOW GROWNS,Adams View,FBOPFSp,2900,295.91,53.92
25,2025-07-01/02,LOW GROWNS,Sithaka,FBOP,2100,295.91,53.92
25,2025-07-01/02,LOW GROWNS,Dullie Ella,FBOP1,2900,295.91,53.92
25,2025-07-01/02,LOW GROWNS,Ganganee,FBOPF,1800,295.91,53.92
25,2025-07-01/02,LOW GROWNS,Gunawardana,FBOPF,1750,295.91,53.92
25,2025-07-01/02,LOW GROWNS,Makandura,FBOPF1,1750,295.91,53.92
25,2025-07-01/02,LOW GROWNS,Pothotuwa,BOP1,3050,295.91,53.92
25,2025-07-01/02,LOW GROWNS,Pothotuwa,OP1,3200,295.91,53.92
25,2025-07-01/02,LOW GROWNS,Mulatiyana Hills,OP1,2700,295.91,53.92
25,2025-07-01/02,LOW GROWNS,Gunawardena,OP1,2600,295.91,53.92
25,2025-07-01/02,LOW GROWNS,Himara,OP1,2600,295.91,53.92
25,2025-07-01/02,LOW GROWNS,Kiruwanaganga,OP1,2500,295.91,53.92
25,2025-07-01/02,LOW GROWNS,Uruwala,OP,1550,295.91,53.92
25,2025-07-01/02,LOW GROWNS,Susantha,OP,1550,295.91,53.92
25,2025-07-01/02,LOW GROWNS,Green Lanka,OP,1550,295.91,53.92
25,2025-07-01/02,LOW GROWNS,Miriswatta,OP,1550,295.91,53.92
25,2025-07-01/02,LOW GROWNS,Pothotuwa,OP,1500,295.91,53.92
25,2025-07-01/02,LOW GROWNS,Morawakkorale,OP,1500,295.91,53.92
25,2025-07-01/02,LOW GROWNS,Madampe,OP,1500,295.91,53.92
25,2025-07-01/02,LOW GROWNS,Koppakanda,OP,1500,295.91,53.92
25,2025-07-01/02,LOW GROWNS,New Panilkanda,OP,1500,295.91,53.92
25,2025-07-01/02,LOW GROWNS,Galahitiya,OP,1500,295.91,53.92
25,2025-07-01/02,LOW GROWNS,Miriswatta,OPA,1700,295.91,53.92
25,2025-07-01/02,LOW GROWNS,Lumbini,PEK,2400,295.91,53.92
25,2025-07-01/02,LOW GROWNS,Galatara,PEK1,2300,295.91,53.92
25,2025-07-01/02,LOW GROWNS,Liyonta,PEK1,2300,295.91,53.92
26,2025-07-07/08,WESTERN MEDIUM,Dartry Valley,BOP,1600,296.24,39.27
26,2025-07-07/08,WESTERN MEDIUM,Orange Field,BOPSp,1200,296.24,39.27
26,2025-07-07/08,WESTERN MEDIUM,Dartry Valley,BOPF/BOPFSp,1220,296.24,39.27
26,2025-07-07/08,WESTERN MEDIUM,Galgewatta,BOP1,1650,296.24,39.27
26,2025-07-07/08,WESTERN MEDIUM,Craighead,FBOP/FBOP1,2400,296.24,39.27
26,2025-07-07/08,WESTERN MEDIUM,Ancoombra,FBOPF/FBOPF1,1650,296.24,39.27
26,2025-07-07/08,WESTERN MEDIUM,Dartry Valley,FBOPF/FBOPF1,1600,296.24,39.27
26,2025-07-07/08,WESTERN MEDIUM,Windsorforest,FBOPF/FBOPF1,1550,296.24,39.27
26,2025-07-07/08,WESTERN MEDIUM,Craighead,FBOPF/FBOPF1,1550,296.24,39.27
26,2025-07-07/08,WESTERN MEDIUM,Dartry Valley,FBOPF/FBOPF1,1550,296.24,39.27
26,2025-07-07/08,WESTERN MEDIUM,Greenwood,OP/OPA,1160,296.24,39.27
26,2025-07-07/08,WESTERN MEDIUM,Hansagiri Kothmale,OP/OPA,1160,296.24,39.27
26,2025-07-07/08,WESTERN MEDIUM,Craighead,OP1,1850,296.24,39.27
26,2025-07-07/08,WESTERN MEDIUM,Uplands,PEK/PEK1,2000,296.24,39.27
26,2025-07-07/08,UVA MEDIUM,Dickwella,BOP,1550,296.24,29.74
26,2025-07-07/08,UVA MEDIUM,Hindagala,BOPSp,1380,296.24,29.74
26,2025-07-07/08,UVA MEDIUM,Haputale Super,BOPSp,1320,296.24,29.74
26,2025-07-07/08,UVA MEDIUM,Lenama Hills,BOPF/BOPFSp,1500,296.24,29.74
26,2025-07-07/08,UVA MEDIUM,Sarnia Plaiderie,BOP1,1700,296.24,29.74
26,2025-07-07/08,UVA MEDIUM,Sarnia Plaiderie,FBOP/FBOP1,1550,296.24,29.74
26,2025-07-07/08,UVA MEDIUM,Roseland Uva,FBOP/FBOP,1550,296.24,29.74
26,2025-07-07/08,UVA MEDIUM,Aruna Keppetipola,FBOP/FBOP1,1550,296.24,29.74
26,2025-07-07/08,UVA MEDIUM,Dickwella,FBOP/FBOP1,1500,296.24,29.74
26,2025-07-07/08,UVA MEDIUM,Adawatte,FBOP/FBOP1,1500,296.24,29.74
26,2025-07-07/08,UVA MEDIUM,Wewesse,FBOP/FBOP1,1500,296.24,29.74
26,2025-07-07/08,UVA MEDIUM,Halpewatta Uva,FBOPF/FBOPF1,1950,296.24,29.74
26,2025-07-07/08,UVA MEDIUM,Roseland Uva,OP/OPA,1220,296.24,29.74
26,2025-07-07/08,UVA MEDIUM,Telbedde,OP1,1850,296.24,29.74
26,2025-07-07/08,UVA MEDIUM,Dickwella,PEK/PEK1,1700,296.24,29.74
26,2025-07-07/08,UVA MEDIUM,Sarnia Plaiderie,PEK/PEK1,1650,296.24,29.74
26,2025-07-07/08,UVA MEDIUM,Misty-Uva,PEK/PEK1,1600,296.24,29.74
26,2025-07-07/08,UVA MEDIUM,Aruna Keppetipola,PEK/PEK1,1600,296.24,29.74
26,2025-07-07/08,UVA MEDIUM,Aruna Passara,PEK/PEK1,1600,296.24,29.74
26,2025-07-07/08,WESTERN HIGH,Ingestre,BOP,1380,296.24,34.34
26,2025-07-07/08,WESTERN HIGH,Queensberry,BOPSp,1240,296.24,34.34
26,2025-07-07/08,WESTERN HIGH,Alton,BOPF/BOPFSp,1400,296.24,34.34
26,2025-07-07/08,WESTERN HIGH,Gouravilla,BOPF/BOPFSp,1380,296.24,34.34
26,2025-07-07/08,WESTERN HIGH,Wanarajah,BOPF/BOPFSp,1380,296.24,34.34
26,2025-07-07/08,WESTERN HIGH,St Andrews,BOP1,1500,296.24,34.34
26,2025-07-07/08,WESTERN HIGH,Kirkoswald,FBOP/FBOP1,1420,296.24,34.34
26,2025-07-07/08,WESTERN HIGH,Bambarakelly,FBOP/FBOP1,1420,296.24,34.34
26,2025-07-07/08,WESTERN HIGH,Fairlawn,FBOPF/FBOPF1,1420,296.24,34.34
26,2025-07-07/08,WESTERN HIGH,Glenloch,FBOPF/FBOPF1,1380,296.24,34.34
26,2025-07-07/08,WESTERN HIGH,Inverness,OP/OPA,1140,296.24,34.34
26,2025-07-07/08,WESTERN HIGH,Glenloch,OP/OPA,1120,296.24,34.34
26,2025-07-07/08,WESTERN HIGH,St Andrews,OP/OPA,1120,296.24,34.34
26,2025-07-07/08,WESTERN HIGH,Torrington,OP/OPA,1100,296.24,34.34
26,2025-07-07/08,WESTERN HIGH,St Andrews,OP1,1320,296.24,34.34
26,2025-07-07/08,WESTERN HIGH,Fairlawn,PEK/PEK1,1600,296.24,34.34
26,2025-07-07/08,UVA HIGH,Bandaraeliya,BOP,1240,296.24,16.5
26,2025-07-07/08,UVA HIGH,Gonamotawa,BOPSp,1440,296.24,16.5
26,2025-07-07/08,UVA HIGH,Nayadedde,BOPF/BOPFSp,1280,296.24,16.5
26,2025-07-07/08,UVA HIGH,Bandaraeliya,BOPF/BOPFSp,1220,296.24,16.5
26,2025-07-07/08,UVA HIGH,Uva Highlands,BOP1,1750,296.24,16.5
26,2025-07-07/08,UVA HIGH,Glenanore,FBOP/FBOP1,1600,296.24,16.5
26,2025-07-07/08,UVA HIGH,Gonamotawa,FBOPF/FBOPF1,1420,296.24,16.5
26,2025-07-07/08,UVA HIGH,Mount Uva,FBOPF/FBOPF1,1420,296.24,16.5
26,2025-07-07/08,UVA HIGH,Glenanore,FBOPF/FBOPF1,1380,296.24,16.5
26,2025-07-07/08,UVA HIGH,Balagalaella,FBOPF/FBOPF1,1360,296.24,16.5
26,2025-07-07/08,UVA HIGH,Craig,FBOPF/FBOPF1,1360,296.24,16.5
26,2025-07-07/08,UVA HIGH,Ellathota Uva,OP/OPA,1180,296.24,16.5
26,2025-07-07/08,UVA HIGH,Ellathota Uva,OP1,1500,296.24,16.5
26,2025-07-07/08,UVA HIGH,Craig,PEK/PEK1,1550,296.24,16.5
26,2025-07-07/08,NUWARA ELIYAS,Lovers Leap,BOPF/BOPSp,1200,296.24,40.36
26,2025-07-07/08,NUWARA ELIYAS,Court Lodge,FBOP/FBOP1,1260,296.24,40.36
26,2025-07-07/08,NUWARA ELIYAS,Kenmare,OP/OPA,980,296.24,40.36
26,2025-07-07/08,NUWARA ELIYAS,Court Lodge,OP/OPA,940,296.24,40.36
26,2025-07-07/08,NUWARA ELIYAS,Kenmare,PEK/PEK1,1020,296.24,40.36
26,2025-07-07/08,UDAPUSSELLAWAS,Maha Uva,BOP,1020,296.24,32.64
26,2025-07-07/08,UDAPUSSELLAWAS,Delmar,BOPSp,1100,296.24,32.64
26,2025-07-07/08,UDAPUSSELLAWAS,Luckland,BOPF/BOPFSp,1160,296.24,32.64
26,2025-07-07/08,UDAPUSSELLAWAS,Maha Uva,BOP1,1260,296.24,32.64
26,2025-07-07/08,UDAPUSSELLAWAS,Maha Uva,FBOP/FBOP1,1440,296.24,32.64
26,2025-07-07/08,UDAPUSSELLAWAS,Blairlomond,FBOPF/FBOPF1,1400,296.24,32.64
26,2025-07-07/08,UDAPUSSELLAWAS,Delmar,FBOPF/FBOPF1,1400,296.24,32.64
26,2025-07-07/08,UDAPUSSELLAWAS,Maha Uva,OP/OPA,1120,296.24,32.64
26,2025-07-07/08,UDAPUSSELLAWAS,Gampaha,OP1,1420,296.24,32.64
26,2025-07-07/08,UDAPUSSELLAWAS,Gonapitiya,PEK/PEK1,1460,296.24,32.64
26,2025-07-07/08,UNORTHODOX HIGH,Dunsinane CTC,PF1,1120,296.24,36.53
26,2025-07-07/08,UNORTHODOX HIGH,Florence CTC,PF1,1120,296.24,36.53
26,2025-07-07/08,UNORTHODOX HIGH,Ulugedara CTC,PF1,1120,296.24,36.53
26,2025-07-07/08,UNORTHODOX HIGH,Mount Vernon CTC,BPS,780,296.24,36.53
26,2025-07-07/08,UNORTHODOX MEDIUM,New Peacock CTC,PF1,1120,296.24,36.53
26,2025-07-07/08,UNORTHODOX MEDIUM,Strathdon CTC,PF1,1120,296.24,36.53
26,2025-07-07/08,UNORTHODOX MEDIUM,Strathdon CTC,BP1,1020,296.24,36.53
26,2025-07-07/08,UNORTHODOX MEDIUM,Ancoombra CTC,BPS,770,296.24,36.53
26,2025-07-07/08,UNORTHODOX LOW,Hingalgoda CTC,PF1,1600,296.24,36.53
26,2025-07-07/08,UNORTHODOX LOW,Nelunwatta CTC,BP1,820,296.24,36.53
26,2025-07-07/08,UNORTHODOX LOW,Ross Feld CTC,BPS,740,296.24,36.53
26,2025-07-07/08,PREMIUM FLOWERY,Greenwin Super,FBOPFSp,5250,296.24,36.53
26,2025-07-07/08,PREMIUM FLOWERY,Fortune,FBOPFSp,4650,296.24,36.53
26,2025-07-07/08,PREMIUM FLOWERY,Kiruwanaganga,FBOPFExSp,6000,296.24,36.53
26,2025-07-07/08,PREMIUM FLOWERY,Muswenna,FBOPFExSp1,6050,296.24,36.53
26,2025-07-07/08,PREMIUM FLOWERY,Kiruwanaganga,FBOPFExSp1,5750,296.24,36.53
26,2025-07-07/08,DUSTS,Mattakelle,DUST1,1600,296.24,36.53
26,2025-07-07/08,DUSTS,Ceciliyan CTC,PD,1360,296.24,36.53
26,2025-07-07/08,OFF GRADES,Wattegodde,FGS/FGS1,1140,296.24,36.53
26,2025-07-07/08,OFF GRADES,Kelliebedde,FGS/FGS1,1000,296.24,36.53
26,2025-07-07/08,OFF GRADES,Wanarajah,FGS/FGS1,980,296.24,36.53
26,2025-07-07/08,OFF GRADES,Mattakelle,FGS/FGS1,980,296.24,36.53
26,2025-07-07/08,OFF GRADES,Clydesdale,FGS/FGS1,980,296.24,36.53
26,2025-07-07/08,OFF GRADES,Liyonta CTC,PF,1100,296.24,36.53
26,2025-07-07/08,OFF GRADES,Hingalgoda CTC,PF,1100,296.24,36.53
26,2025-07-07/08,OFF GRADES,Greenwin,BM,1140,296.24,36.53
26,2025-07-07/08,OFF GRADES,Greenwin,BP,1280,296.24,36.53
26,2025-07-07/08,OFF GRADES,Chandrika Estate,BOPIA,1400,296.24,36.53
26,2025-07-07/08,LOW GROWNS,Elaine Super,BOP,2400,296.24,53.92
26,2025-07-07/08,LOW GROWNS,Kamarangapitiya,BOPSp,2150,296.24,53.92
26,2025-07-07/08,LOW GROWNS,New Spring View,BOPSp,2150,296.24,53.92
26,2025-07-07/08,LOW GROWNS,Kings Bru,BOPF,1800,296.24,53.92
26,2025-07-07/08,LOW GROWNS,Pothotuwa,BOPF,1500,296.24,53.92
26,2025-07-07/08,LOW GROWNS,Rajjuruwatta Super,BOPFSp,2300,296.24,53.92
26,2025-07-07/08,LOW GROWNS,Greenwin Super,BOPFSp,2250,296.24,53.92
26,2025-07-07/08,LOW GROWNS,Kelani,BOPFSp,1550,296.24,53.92
26,2025-07-07/08,LOW GROWNS,Sithaka,FBOP,2600,296.24,53.92
26,2025-07-07/08,LOW GROWNS,Pothotuwa,FBOP,2500,296.24,53.92
26,2025-07-07/08,LOW GROWNS,Kiruwanaganga,FBOP1,2200,296.24,53.92
26,2025-07-07/08,LOW GROWNS,Gunawardana,FBOPF,1800,296.24,53.92
26,2025-07-07/08,LOW GROWNS,New Kolonne Kithulgala,FBOPF1,1700,296.24,53.92
26,2025-07-07/08,LOW GROWNS,Pothotuwa,FBOPF1,1700,296.24,53.92
26,2025-07-07/08,LOW GROWNS,Gunawardana,FBOPF1,1700,296.24,53.92
26,2025-07-07/08,LOW GROWNS,Sithaka,FBOPF1,1700,296.24,53.92
26,2025-07-07/08,LOW GROWNS,Lumbini,FBOPF1,1700,296.24,53.92
26,2025-07-07/08,LOW GROWNS,Makandura,FBOPF1,1700,296.24,53.92
26,2025-07-07/08,LOW GROWNS,Pothotuwa,BOP1,3050,296.24,53.92
26,2025-07-07/08,LOW GROWNS,Kiruwanaganga,BOP1,2600,296.24,53.92
26,2025-07-07/08,LOW GROWNS,Susantha,OP1,3200,296.24,53.92
26,2025-07-07/08,LOW GROWNS,Pothotuwa,OP1,2700,296.24,53.92
26,2025-07-07/08,LOW GROWNS,Bogoda Group,OP,1500,296.24,53.92
26,2025-07-07/08,LOW GROWNS,Lickra,OP,1500,296.24,53.92
26,2025-07-07/08,LOW GROWNS,Mahaliyadda,OP,1480,296.24,53.92
26,2025-07-07/08,LOW GROWNS,Green Lanka,OP,1480,296.24,53.92
26,2025-07-07/08,LOW GROWNS,Makandura,OP,1480,296.24,53.92
26,2025-07-07/08,LOW GROWNS,Lenama Hills,OP,1480,296.24,53.92
26,2025-07-07/08,LOW GROWNS,New Galagawa,OP,1480,296.24,53.92
26,2025-07-07/08,LOW GROWNS,New Kandedola,OP,1460,296.24,53.92
26,2025-07-07/08,LOW GROWNS,Kiruwanaganga,OP,1460,296.24,53.92
26,2025-07-07/08,LOW GROWNS,Green Lanka,OPA,1550,296.24,53.92
26,2025-07-07/08,LOW GROWNS,Liyonta,PEK,2450,296.24,53.92
26,2025-07-07/08,LOW GROWNS,Liyonta,PEK1,2550,296.24,53.92
27,2025-07-15/16,WESTERN MEDIUM,Greenwood,BOP,1600,297.23,39.27
27,2025-07-15/16,WESTERN MEDIUM,Harangalla,BOP,1550,297.23,39.27
27,2025-07-15/16,WESTERN MEDIUM,Dartry Valley,BOP,1550,297.23,39.27
27,2025-07-15/16,WESTERN MEDIUM,Craighead,BOPSp,1340,297.23,39.27
27,2025-07-15/16,WESTERN MEDIUM,Hatale,BOPSp,1340,297.23,39.27
27,2025-07-15/16,WESTERN MEDIUM,Uplands,BOPF/BOPFSp,1100,297.23,39.27
27,2025-07-15/16,WESTERN MEDIUM,Vellai Oya,BOPF/BOPFSp,1100,297.23,39.27
27,2025-07-15/16,WESTERN MEDIUM,Dartry Valley,BOP1,1650,297.23,39.27
27,2025-07-15/16,WESTERN MEDIUM,Harangalla,FBOP/FBOP1,1700,297.23,39.27
27,2025-07-15/16,WESTERN MEDIUM,Dartry Valley,FBOP/FBOP1,1700,297.23,39.27
27,2025-07-15/16,WESTERN MEDIUM,Ancoombra,FBOPF/FBOPF1,1600,297.23,39.27
27,2025-07-15/16,WESTERN MEDIUM,Dartry Valley,FBOPF/FBOPF1,1550,297.23,39.27
27,2025-07-15/16,WESTERN MEDIUM,Hansagiri Kothmale,OP/OPA,1260,297.23,39.27
27,2025-07-15/16,WESTERN MEDIUM,Galgewatta,OP1,1600,297.23,39.27
27,2025-07-15/16,WESTERN MEDIUM,Dartry Valley,OP1,1550,297.23,39.27
27,2025-07-15/16,WESTERN MEDIUM,Harangalla,OP1,1480,297.23,39.27
27,2025-07-15/16,WESTERN MEDIUM,Pupuressa,OP1,1480,297.23,39.27
27,2025-07-15/16,WESTERN MEDIUM,Meezan,PEK/PEK1,1750,297.23,39.27
27,2025-07-15/16,WESTERN MEDIUM,Dartry Valley,PEK/PEK1,1700,297.23,39.27
27,2025-07-15/16,WESTERN MEDIUM,Harangalla,PEK/PEK1,1700,297.23,39.27
27,2025-07-15/16,WESTERN MEDIUM,Craighead,PEK/PEK1,1650,297.23,39.27
27,2025-07-15/16,WESTERN MEDIUM,Hatale,PEK/PEK1,1650,297.23,39.27
27,2025-07-15/16,WESTERN MEDIUM,New Spring View,PEK1,2250,297.23,39.27
27,2025-07-15/16,UVA MEDIUM,Aruna Passara,BOP,1340,297.23,29.74
27,2025-07-15/16,UVA MEDIUM,Glen Alpin,BOPSp,1400,297.23,29.74
27,2025-07-15/16,UVA MEDIUM,Dickwella,BOPF/BOPFSp,1420,297.23,29.74
27,2025-07-15/16,UVA MEDIUM,Aruna Passara,BOP1,1750,297.23,29.74
27,2025-07-15/16,UVA MEDIUM,Roseland Uva,FBOP/FBOP1,1550,297.23,29.74
27,2025-07-15/16,UVA MEDIUM,Aruna Passara,FBOPF/FBOPF1,1380,297.23,29.74
27,2025-07-15/16,UVA MEDIUM,Uva Tenne,FBOPF/FBOPF1,1380,297.23,29.74
27,2025-07-15/16,UVA MEDIUM,Halpewatta Uva,FBOPF/FBOPF1,1380,297.23,29.74
27,2025-07-15/16,UVA MEDIUM,Roseland Uva,FBOPF/FBOPF1,1380,297.23,29.74
27,2025-07-15/16,UVA MEDIUM,High Spring,FBOPF/FBOPF1,1380,297.23,29.74
27,2025-07-15/16,UVA MEDIUM,Aruna Passara,OP/OPA,1240,297.23,29.74
27,2025-07-15/16,UVA MEDIUM,Aruna Passara,OP1,1600,297.23,29.74
27,2025-07-15/16,UVA MEDIUM,Aruna Passara,PEK/PEK1,1650,297.23,29.74
27,2025-07-15/16,UVA MEDIUM,Aruna Keppetipola,PEK/PEK1,1650,297.23,29.74
27,2025-07-15/16,WESTERN HIGH,Gouravilla,BOP,1400,297.23,34.34
27,2025-07-15/16,WESTERN HIGH,Ingestre,BOP,1400,297.23,34.34
27,2025-07-15/16,WESTERN HIGH,Wanarajah,BOP,1400,297.23,34.34
27,2025-07-15/16,WESTERN HIGH,Alton,BOP,1360,297.23,34.34
27,2025-07-15/16,WESTERN HIGH,Wattegodde,BOP,1360,297.23,34.34
27,2025-07-15/16,WESTERN HIGH,Mattakelle,BOP,1360,297.23,34.34
27,2025-07-15/16,WESTERN HIGH,Dessford,BOP,1340,297.23,34.34
27,2025-07-15/16,WESTERN HIGH,Wattegodde,BOPSp,1460,297.23,34.34
27,2025-07-15/16,WESTERN HIGH,Alton,BOPF/BOPFSp,1460,297.23,34.34
27,2025-07-15/16,WESTERN HIGH,Dessford,BOPF/BOPFSp,1460,297.23,34.34
27,2025-07-15/16,WESTERN HIGH,Gouravilla,BOPF/BOPFSp,1440,297.23,34.34
27,2025-07-15/16,WESTERN HIGH,Torrington,BOP1,1420,297.23,34.34
27,2025-07-15/16,WESTERN HIGH,Bambrakelly,FBOP/FBOP1,1380,297.23,34.34
27,2025-07-15/16,WESTERN HIGH,Torrington,FBOP/FBOP1,1360,297.23,34.34
27,2025-07-15/16,WESTERN HIGH,Cymru,FBOPF/FBOPF1,1380,297.23,34.34
27,2025-07-15/16,WESTERN HIGH,Venture,OP/OPA,1280,297.23,34.34
27,2025-07-15/16,WESTERN HIGH,Venture,OP1,1380,297.23,34.34
27,2025-07-15/16,WESTERN HIGH,Craig Hill,PEK/PEK1,1750,297.23,34.34
27,2025-07-15/16,UVA HIGH,Ellathota Uva,BOP,1160,297.23,16.5
27,2025-07-15/16,UVA HIGH,Nayabedde,BOP,1140,297.23,16.5
27,2025-07-15/16,UVA HIGH,Craig,BOPSp,1380,297.23,16.5
27,2025-07-15/16,UVA HIGH,Nayabedde,BOPF/BOPFSp,1280,297.23,16.5
27,2025-07-15/16,UVA HIGH,Bandaraeliya,BOPF/BOPFSp,1240,297.23,16.5
27,2025-07-15/16,UVA HIGH,Uva Highlands,BOP1,1650,297.23,16.5
27,2025-07-15/16,UVA HIGH,Glenanore,FBOP/FBOP1,1420,297.23,16.5
27,2025-07-15/16,UVA HIGH,Uva Highlands,FBOP/FBOP1,1420,297.23,16.5
27,2025-07-15/16,UVA HIGH,Gonamotawa,FBOP/FBOP1,1400,297.23,16.5
27,2025-07-15/16,UVA HIGH,Uva Highlands,FBOPF/FBOPF1,1360,297.23,16.5
27,2025-07-15/16,UVA HIGH,Mahadowa,FBOPF/FBOPF1,1360,297.23,16.5
27,2025-07-15/16,UVA HIGH,Craig,FBOPF/FBOPF1,1360,297.23,16.5
27,2025-07-15/16,UVA HIGH,Mount Uva,OP/OPA,1200,297.23,16.5
27,2025-07-15/16,UVA HIGH,Ellathota Uva,OP/OPA,1200,297.23,16.5
27,2025-07-15/16,UVA HIGH,Uvakellie,OP1,1420,297.23,16.5
27,2025-07-15/16,UVA HIGH,Ellathota Uva,PEK/PEK1,1600,297.23,16.5
27,2025-07-15/16,UVA HIGH,Gonamotawa,PEK/PEK1,1500,297.23,16.5
27,2025-07-15/16,UVA HIGH,Craig,PEK/PEK1,1500,297.23,16.5
27,2025-07-15/16,UVA HIGH,Needwood Super,PEK/PEK1,1500,297.23,16.5
27,2025-07-15/16,NUWARA ELIYAS,Court Lodge,FBOP/FBOP1,1000,297.23,40.36
27,2025-07-15/16,NUWARA ELIYAS,Kenmare,FBOP/FBOP1,1000,297.23,40.36
27,2025-07-15/16,NUWARA ELIYAS,Court Lodge,OP/OPA,960,297.23,40.36
27,2025-07-15/16,NUWARA ELIYAS,Kenmare,OP/OPA,960,297.23,40.36
27,2025-07-15/16,NUWARA ELIYAS,Summerhill,OP/OPA,940,297.23,40.36
27,2025-07-15/16,NUWARA ELIYAS,Court Lodge,PEK/PEK1,1220,297.23,40.36
27,2025-07-15/16,UDAPUSSELLAWAS,Kirklees,BOP,1020,297.23,32.64
27,2025-07-15/16,UDAPUSSELLAWAS,Luckyland,BOPSp,940,297.23,32.64
27,2025-07-15/16,UDAPUSSELLAWAS,Luckyland,BOPF/BOPFSp,1060,297.23,32.64
27,2025-07-15/16,UDAPUSSELLAWAS,Kirklees,BOPF/BOPFSp,1060,297.23,32.64
27,2025-07-15/16,UDAPUSSELLAWAS,Gampaha,BOP1,1280,297.23,32.64
27,2025-07-15/16,UDAPUSSELLAWAS,Blairlomond,FBOP/FBOP1,1280,297.23,32.64
27,2025-07-15/16,UDAPUSSELLAWAS,Delmar,FBOP/FBOP1,1260,297.23,32.64
27,2025-07-15/16,UDAPUSSELLAWAS,Delmar,FBOPF/FBOPF1,1320,297.23,32.64
27,2025-07-15/16,UDAPUSSELLAWAS,Blairlomond,FBOPF/FBOPF1,1300,297.23,32.64
27,2025-07-15/16,UDAPUSSELLAWAS,Gampaha,FBOPF/FBOPF1,1300,297.23,32.64
27,2025-07-15/16,UDAPUSSELLAWAS,Maha Uva,OP/OPA,1180,297.23,32.64
27,2025-07-15/16,UDAPUSSELLAWAS,Gampaha,OP1,1400,297.23,32.64
27,2025-07-15/16,UDAPUSSELLAWAS,Delmar,OP1,1360,297.23,32.64
27,2025-07-15/16,UDAPUSSELLAWAS,Maha Uva,PEK/PEK1,1380,297.23,32.64
27,2025-07-15/16,UDAPUSSELLAWAS,Blairlomond,PEK/PEK1,1360,297.23,32.64
27,2025-07-15/16,UNORTHODOX HIGH,Dunsinane CTC,PF1,1200,297.23,36.53
27,2025-07-15/16,UNORTHODOX MEDIUM,New Peacock CTC,PF1,1180,297.23,36.53
27,2025-07-15/16,UNORTHODOX MEDIUM,Strathdon CTC,BP1,1080,297.23,36.53
27,2025-07-15/16,UNORTHODOX MEDIUM,Strathdon CTC,BPS,980,297.23,36.53
27,2025-07-15/16,UNORTHODOX LOW,Hingalgoda CTC,PF1,1550,297.23,36.53
27,2025-07-15/16,UNORTHODOX LOW,Ceciliyan CTC,BP1,1320,297.23,36.53
27,2025-07-15/16,UNORTHODOX LOW,Ross Field CTC,BPS,730,297.23,36.53
27,2025-07-15/16,PREMIUM FLOWERY,New Hopewell,FBOPFSp,5750,297.23,36.53
27,2025-07-15/16,PREMIUM FLOWERY,New Batuwangala,FBOPFSp,5650,297.23,36.53
27,2025-07-15/16,PREMIUM FLOWERY,New Deniyaya,FBOPFSp,5300,297.23,36.53
27,2025-07-15/16,PREMIUM FLOWERY,Rathmalgoda Super,FBOPFExSp,5850,297.23,36.53
27,2025-07-15/16,PREMIUM FLOWERY,Garden Leaf Super,FBOPFExSp1,6200,297.23,36.53
27,2025-07-15/16,DUSTS,Mattakelle,DUST1,1550,297.23,36.53
27,2025-07-15/16,DUSTS,Ceciliyan CTC,PD,1360,297.23,36.53
27,2025-07-15/16,DUSTS,Dellawa CTC,PD,1360,297.23,36.53
27,2025-07-15/16,OFF GRADES,Eildon Hall,FGS/FGS1,1080,297.23,36.53
27,2025-07-15/16,OFF GRADES,Wattegodde,FGS/FGS1,1080,297.23,36.53
27,2025-07-15/16,OFF GRADES,Somerset,FGS/FGS1,1040,297.23,36.53
27,2025-07-15/16,OFF GRADES,Wanarajah,FGS/FGS1,1040,297.23,36.53
27,2025-07-15/16,OFF GRADES,Gouravilla,FGS/FGS1,1020,297.23,36.53
27,2025-07-15/16,OFF GRADES,Mattakelle,FGS/FGS1,1020,297.23,36.53
27,2025-07-15/16,OFF GRADES,Hingalgoda CTC,PF,1180,297.23,36.53
27,2025-07-15/16,OFF GRADES,Kurunduwatta,BM,1120,297.23,36.53
27,2025-07-15/16,OFF GRADES,Bogoda,BM,1040,297.23,36.53
27,2025-07-15/16,OFF GRADES,Gunawardana,BM,1020,297.23,36.53
27,2025-07-15/16,OFF GRADES,Ransewana,BP,1200,297.23,36.53
27,2025-07-15/16,OFF GRADES,Chandrika Eatate,BOPIA,1420,297.23,36.53
27,2025-07-15/16,LOW GROWNS,Mahaliyadda,BOP,2250,297.23,53.92
27,2025-07-15/16,LOW GROWNS,Kamarangapitiya,BOPSp,2100,297.23,53.92
27,2025-07-15/16,LOW GROWNS,Kings Bru,BOPF,1750,297.23,53.92
27,2025-07-15/16,LOW GROWNS,Greenwin Super,BOPFSp,1900,297.23,53.92
27,2025-07-15/16,LOW GROWNS,Pothotuwa,FBOP,2450,297.23,53.92
27,2025-07-15/16,LOW GROWNS,Sithaka,FBOP,2450,297.23,53.92
27,2025-07-15/16,LOW GROWNS,Dullie Ella,FBOP1,1900,297.23,53.92
27,2025-07-15/16,LOW GROWNS,Sithaka,FBOP1,1900,297.23,53.92
27,2025-07-15/16,LOW GROWNS,Greenwin Super,FBOP1,1900,297.23,53.92
27,2025-07-15/16,LOW GROWNS,Ganganee,FBOPF,1950,297.23,53.92
27,2025-07-15/16,LOW GROWNS,Pothotuwa,FBOPF1,1700,297.23,53.92
27,2025-07-15/16,LOW GROWNS,New Vithanakande,FBOPF1,1700,297.23,53.92
27,2025-07-15/16,LOW GROWNS,Hidellana,FBOPF1,1700,297.23,53.92
27,2025-07-15/16,LOW GROWNS,Sithaka,FBOPF1,1700,297.23,53.92
27,2025-07-15/16,LOW GROWNS,Gunawardana,BOP1,3000,297.23,53.92
27,2025-07-15/16,LOW GROWNS,Pothotuwa,OP1,3250,297.23,53.92
27,2025-07-15/16,LOW GROWNS,Kolonna Super,OP1,2800,297.23,53.92
27,2025-07-15/16,LOW GROWNS,Kiruwanaganga,OP1,2750,297.23,53.92
27,2025-07-15/16,LOW GROWNS,Mulatiyana Hills,OP,1550,297.23,53.92
27,2025-07-15/16,LOW GROWNS,Nilrich,OP,1550,297.23,53.92
27,2025-07-15/16,LOW GROWNS,New Panilkanda,OP,1550,297.23,53.92
27,2025-07-15/16,LOW GROWNS,Galahitiya,OP,1550,297.23,53.92
27,2025-07-15/16,LOW GROWNS,Green Lanka,OPA,1800,297.23,53.92
27,2025-07-15/16,LOW GROWNS,Lumbini,PEK,2550,297.23,53.92
27,2025-07-15/16,LOW GROWNS,Andaradeniya Super,PEK1,2250,297.23,53.92
27,2025-07-15/16,LOW GROWNS,Selna,PEK1,2250,297.23,53.92
28,2025-07-22/23,WESTERN MEDIUM,Harangalla,BOP,1600,297.99,39.27
28,2025-07-22/23,WESTERN MEDIUM,Dartry Valley,BOP,1600,297.99,39.27
28,2025-07-22/23,WESTERN MEDIUM,Hatale,BOPSp,1420,297.99,39.27
28,2025-07-22/23,WESTERN MEDIUM,Craighead,BOPSp,1400,297.99,39.27
28,2025-07-22/23,WESTERN MEDIUM,Vellai Oya,BOP1,1160,297.99,39.27
28,2025-07-22/23,WESTERN MEDIUM,Hatale,BOP1,1900,297.99,39.27
28,2025-07-22/23,WESTERN MEDIUM,Harangalla,BOP1,1850,297.99,39.27
28,2025-07-22/23,WESTERN MEDIUM,Dartry Valley,BOP1,1850,297.99,39.27
28,2025-07-22/23,WESTERN MEDIUM,Craighead,FBOP/FBOP1,2100,297.99,39.27
28,2025-07-22/23,WESTERN MEDIUM,Doombagastalawa,FBOP/FBOP1,2100,297.99,39.27
28,2025-07-22/23,WESTERN MEDIUM,Harangalla,FBOPF/FBOPF1,1650,297.99,39.27
28,2025-07-22/23,WESTERN MEDIUM,Dartry Valley,FBOPF/FBOPF1,1650,297.99,39.27
28,2025-07-22/23,WESTERN MEDIUM,Dartry Valley,OP/OPA,1240,297.99,39.27
28,2025-07-22/23,WESTERN MEDIUM,Harangalla,OP/OPA,1240,297.99,39.27
28,2025-07-22/23,WESTERN MEDIUM,Harangalla,OP1,1480,297.99,39.27
28,2025-07-22/23,WESTERN MEDIUM,New Rothschild,OP1,1480,297.99,39.27
28,2025-07-22/23,WESTERN MEDIUM,Hansagiri Kothmale,OP1,1480,297.99,39.27
28,2025-07-22/23,WESTERN MEDIUM,New Rothschild,OP1,1480,297.99,39.27
28,2025-07-22/23,WESTERN MEDIUM,Uplands,PEK/PEK1,1850,297.99,39.27
28,2025-07-22/23,WESTERN MEDIUM,Dartry Valley,PEK/PEK1,1800,297.99,39.27
28,2025-07-22/23,UVA MEDIUM,Blossoms Uva Tea,BOP,1550,297.99,29.74
28,2025-07-22/23,UVA MEDIUM,Uva Samovar,BOP,1340,297.99,29.74
28,2025-07-22/23,UVA MEDIUM,Dickwella,BOPF/BOPFSp,1480,297.99,29.74
28,2025-07-22/23,UVA MEDIUM,Demodera 'S',BOP1,1750,297.99,29.74
28,2025-07-22/23,UVA MEDIUM,Sarnia Plaiderie,BOPF/BOPFSp,1750,297.99,29.74
28,2025-07-22/23,UVA MEDIUM,Roseland Uva,BOP1,1600,297.99,29.74
28,2025-07-22/23,UVA MEDIUM,Dickwella,FBOP/FBOP1,1550,297.99,29.74
28,2025-07-22/23,UVA MEDIUM,Sarnia Plaiderie,FBOPF/FBOPF1,1460,297.99,29.74
28,2025-07-22/23,UVA MEDIUM,Roseland Uva,FBOPF/FBOPF1,1460,297.99,29.74
28,2025-07-22/23,UVA MEDIUM,High Spring,OP/OPA,1280,297.99,29.74
28,2025-07-22/23,UVA MEDIUM,Sarnia Plaiderie,OP1,1460,297.99,29.74
28,2025-07-22/23,UVA MEDIUM,Dickwella,OP1,1400,297.99,29.74
28,2025-07-22/23,UVA MEDIUM,Aruna Keppetipola,PEK/PEK1,1800,297.99,29.74
28,2025-07-22/23,WESTERN HIGH,Bearwell,BOP,1400,297.99,34.34
28,2025-07-22/23,WESTERN HIGH,Dessford,BOP,1400,297.99,34.34
28,2025-07-22/23,WESTERN HIGH,Ingestre,BOP,1360,297.99,34.34
28,2025-07-22/23,WESTERN HIGH,Mattakelle,BOPSp,1320,297.99,34.34
28,2025-07-22/23,WESTERN HIGH,Dessford,BOPF/BOPFSp,1480,297.99,34.34
28,2025-07-22/23,WESTERN HIGH,Alton,BOPF/BOPFSp,1440,297.99,34.34
28,2025-07-22/23,WESTERN HIGH,Venture,BOP1,1440,297.99,34.34
28,2025-07-22/23,WESTERN HIGH,Bambarakelly,FBOP/FBOP1,1480,297.99,34.34
28,2025-07-22/23,WESTERN HIGH,Torrington,FBOP/FBOP1,1420,297.99,34.34
28,2025-07-22/23,WESTERN HIGH,Glenloch,FBOPF/FBOPF1,1420,297.99,34.34
28,2025-07-22/23,WESTERN HIGH,Fairlawn,FBOPF/FBOPF1,1420,297.99,34.34
28,2025-07-22/23,WESTERN HIGH,Torrington,OP/OPA,1080,297.99,34.34
28,2025-07-22/23,WESTERN HIGH,Fairlawn,OP/OPA,1080,297.99,34.34
28,2025-07-22/23,WESTERN HIGH,Fairlawn,OP1,1420,297.99,34.34
28,2025-07-22/23,WESTERN HIGH,Mattakelle,PEK/PEK1,1480,297.99,34.34
28,2025-07-22/23,WESTERN HIGH,Dessford,PEK/PEK1,1440,297.99,34.34
28,2025-07-22/23,WESTERN HIGH,Torrington,PEK/PEK1,1380,297.99,34.34
28,2025-07-22/23,UVA HIGH,Bandaraeliya,BOP,1440,297.99,16.5
28,2025-07-22/23,UVA HIGH,Gonamotawa,BOPSp,1320,297.99,16.5
28,2025-07-22/23,UVA HIGH,Craig,BOPSp,1320,297.99,16.5
28,2025-07-22/23,UVA HIGH,Bandaraeliya,BOPF/BOPFSp,1200,297.99,16.5
28,2025-07-22/23,UVA HIGH,Uva Highlands,BOP1,1440,297.99,16.5
28,2025-07-22/23,UVA HIGH,Glenanore,BOP1,1420,297.99,16.5
28,2025-07-22/23,UVA HIGH,Aislaby,FBOP/FBOP1,1650,297.99,16.5
28,2025-07-22/23,UVA HIGH,Gonamotawa,FBOP/FBOP1,1500,297.99,16.5
28,2025-07-22/23,UVA HIGH,Ellathota Uva,FBOP/FBOP1,1500,297.99,16.5
28,2025-07-22/23,UVA HIGH,Uva Highlands,FBOP/FBOP1,1500,297.99,16.5
28,2025-07-22/23,UVA HIGH,Glenanore,FBOP/FBOP1,1480,297.99,16.5
28,2025-07-22/23,UVA HIGH,Craig,FBOPF/FBOPF1,1420,297.99,16.5
28,2025-07-22/23,UVA HIGH,Aislaby,FBOPF/FBOPF1,1400,297.99,16.5
28,2025-07-22/23,UVA HIGH,Gonamotawa,FBOPF/FBOPF1,1380,297.99,16.5
28,2025-07-22/23,UVA HIGH,Spring Valley,FBOPF/FBOPF1,1380,297.99,16.5
28,2025-07-22/23,UVA HIGH,Aislaby,FBOPF/FBOPF1,1380,297.99,16.5
28,2025-07-22/23,UVA HIGH,Ellathota Uva,OP/OPA,1160,297.99,16.5
28,2025-07-22/23,UVA HIGH,Ellathota Uva,OP1,1550,297.99,16.5
28,2025-07-22/23,UVA HIGH,Aislaby,PEK/PEK1,1600,297.99,16.5
28,2025-07-22/23,NUWARA ELIYAS,Kenmare,BOPF/BOPFSp,700,297.99,40.36
28,2025-07-22/23,NUWARA ELIYAS,Court Lodge,FBOP/FBOP1,1080,297.99,40.36
28,2025-07-22/23,NUWARA ELIYAS,Court Lodge,OP/OPA,960,297.99,40.36
28,2025-07-22/23,NUWARA ELIYAS,Kenmate,OP/OPA,960,297.99,40.36
28,2025-07-22/23,NUWARA ELIYAS,Court Lodge,PEK/PEK1,1340,297.99,40.36
28,2025-07-22/23,UDAPUSSELLAWAS,High Forest,BOP,880,297.99,32.64
28,2025-07-22/23,UDAPUSSELLAWAS,Kirklees,BOP,880,297.99,32.64
28,2025-07-22/23,UDAPUSSELLAWAS,Ragalla,BOP,850,297.99,32.64
28,2025-07-22/23,UDAPUSSELLAWAS,Blairlomond,BOPSp,800,297.99,32.64
28,2025-07-22/23,UDAPUSSELLAWAS,Kirklees,BOPF/BOPFSp,1120,297.99,32.64
28,2025-07-22/23,UDAPUSSELLAWAS,Luckland,BOPF/BOPFSp,1080,297.99,32.64
28,2025-07-22/23,UDAPUSSELLAWAS,Gampaha,BOP1,1360,297.99,32.64
28,2025-07-22/23,UDAPUSSELLAWAS,Maha Uva,BOP1,1320,297.99,32.64
28,2025-07-22/23,UDAPUSSELLAWAS,Blairlomond,FBOP/FBOP1,1420,297.99,32.64
28,2025-07-22/23,UDAPUSSELLAWAS,Blairlomond,FBOPF/FBOPF1,1380,297.99,32.64
28,2025-07-22/23,UDAPUSSELLAWAS,Maha Uva,FBOPF/FBOPF1,1340,297.99,32.64
28,2025-07-22/23,UDAPUSSELLAWAS,Gampaha,FBOPF/FBOPF1,1340,297.99,32.64
28,2025-07-22/23,UDAPUSSELLAWAS,Delmar,FBOPF/FBOPF1,1320,297.99,32.64
28,2025-07-22/23,UDAPUSSELLAWAS,Maha Uva,OP/OPA,1220,297.99,32.64
28,2025-07-22/23,UDAPUSSELLAWAS,Gampaha,OP1,1360,297.99,32.64
28,2025-07-22/23,UDAPUSSELLAWAS,Gampaha,PEK/PEK1,1500,297.99,32.64
28,2025-07-22/23,UNORTHODOX HIGH,Dunsinane CTC,PF1,1180,297.99,36.53
28,2025-07-22/23,UNORTHODOX MEDIUM,New Peacock CTC,PF1,1180,297.99,36.53
28,2025-07-22/23,UNORTHODOX MEDIUM,Strathdon CTC,PF1,1180,297.99,36.53
28,2025-07-22/23,UNORTHODOX MEDIUM,Strathdon CTC,BP1,1020,297.99,36.53
28,2025-07-22/23,UNORTHODOX MEDIUM,Donside CTC,BPS,740,297.99,36.53
28,2025-07-22/23,UNORTHODOX LOW,Hingalgoda CTC,PF1,1460,297.99,36.53
28,2025-07-22/23,UNORTHODOX LOW,Ceciliyan CTC,BP1,1320,297.99,36.53
28,2025-07-22/23,UNORTHODOX LOW,Ross Feld CTC,BPS,730,297.99,36.53
28,2025-07-22/23,PREMIUM FLOWERY,Greenwin Super,FBOPFSp,5900,297.99,36.53
28,2025-07-22/23,PREMIUM FLOWERY,New Batuwangala,FBOPFSp,5650,297.99,36.53
28,2025-07-22/23,PREMIUM FLOWERY,New Hopewell,FBOPFSp,5100,297.99,36.53
28,2025-07-22/23,PREMIUM FLOWERY,Fortune,FBOPFExSp,5950,297.99,36.53
28,2025-07-22/23,PREMIUM FLOWERY,HPP Tea,FBOPFExSp,5950,297.99,36.53
28,2025-07-22/23,PREMIUM FLOWERY,New Falcon Lanka,FBOPFExSp,5950,297.99,36.53
28,2025-07-22/23,PREMIUM FLOWERY,Garden Leaf Super,FBOPFExSp1,5850,297.99,36.53
28,2025-07-22/23,DUSTS,Mattakelle,DUST1,1650,297.99,36.53
28,2025-07-22/23,DUSTS,Hingalgoda CTC,PD,1380,297.99,36.53
28,2025-07-22/23,DUSTS,Ceciliyan CTC,PD,1380,297.99,36.53
28,2025-07-22/23,OFF GRADES,Wattegodde,FGS/FGS1,1100,297.99,36.53
28,2025-07-22/23,OFF GRADES,Clydesdale,FGS/FGS1,1080,297.99,36.53
28,2025-07-22/23,OFF GRADES,Wanarajah,FGS/FGS1,1040,297.99,36.53
28,2025-07-22/23,OFF GRADES,Gouravilla,FGS/FGS1,1020,297.99,36.53
28,2025-07-22/23,OFF GRADES,Holyrood,FGS/FGS1,1000,297.99,36.53
28,2025-07-22/23,OFF GRADES,Dessford,FGS/FGS1,1000,297.99,36.53
28,2025-07-22/23,OFF GRADES,Agraouvah,FGS/FGS1,1000,297.99,36.53
28,2025-07-22/23,OFF GRADES,Hingalgoda CTC,PF,1280,297.99,36.53
28,2025-07-22/23,OFF GRADES,Liyonta CTC,PF,1200,297.99,36.53
28,2025-07-22/23,OFF GRADES,Ceciliyan CTC,PF,1100,297.99,36.53
28,2025-07-22/23,OFF GRADES,Kurunduwatta,BM,1220,297.99,36.53
28,2025-07-22/23,OFF GRADES,New Deniyaya,BP,1220,297.99,36.53
28,2025-07-22/23,OFF GRADES,Adams View,BP,1200,297.99,36.53
28,2025-07-22/23,OFF GRADES,Chandrika Estate,BOPIA,1380,297.99,36.53
28,2025-07-22/23,LOW GROWNS,Mahaliyadda,BOP,1950,297.99,53.92
28,2025-07-22/23,LOW GROWNS,New Spring View,BOPSp,2050,297.99,53.92
28,2025-07-22/23,LOW GROWNS,Kings Bru,BOPF,1800,297.99,53.92
28,2025-07-22/23,LOW GROWNS,Greenwin Super,BOPFSp,2100,297.99,53.92
28,2025-07-22/23,LOW GROWNS,Sithaka,FBOP,2550,297.99,53.92
28,2025-07-22/23,LOW GROWNS,Dullie Ella,FBOP1,2150,297.99,53.92
28,2025-07-22/23,LOW GROWNS,Danawala,FBOPF,2050,297.99,53.92
28,2025-07-22/23,LOW GROWNS,Makandura,FBOPF1,1800,297.99,53.92
28,2025-07-22/23,LOW GROWNS,Kiruwanaganga,FBOPF1,1750,297.99,53.92
28,2025-07-22/23,LOW GROWNS,Adams View,FBOPF1,1750,297.99,53.92
28,2025-07-22/23,LOW GROWNS,Sineth,FBOPF1,1750,297.99,53.92
28,2025-07-22/23,LOW GROWNS,Lumbini,FBOPF1,1750,297.99,53.92
28,2025-07-22/23,LOW GROWNS,Pothotuwa,FBOPF1,1700,297.99,53.92
28,2025-07-22/23,LOW GROWNS,Dellawa,FBOPF1,1700,297.99,53.92
28,2025-07-22/23,LOW GROWNS,Sunrise,FBOPF1,1700,297.99,53.92
28,2025-07-22/23,LOW GROWNS,Dampahala,FBOPF1,1700,297.99,53.92
28,2025-07-22/23,LOW GROWNS,Lellopitiya Super,FBOPF1,1700,297.99,53.92
28,2025-07-22/23,LOW GROWNS,Sithaka,FBOPF1,1700,297.99,53.92
28,2025-07-22/23,LOW GROWNS,Pothotuwa,BOP1,3000,297.99,53.92
28,2025-07-22/23,LOW GROWNS,Dampahala,OP1,3250,297.99,53.92
28,2025-07-22/23,LOW GROWNS,Co-Op Cola,OP,1600,297.99,53.92
28,2025-07-22/23,LOW GROWNS,Sunrise,OP,1600,297.99,53.92
28,2025-07-22/23,LOW GROWNS,Liyonta,OPA,1750,297.99,53.92
28,2025-07-22/23,LOW GROWNS,Dampahala,OPA,1750,297.99,53.92
28,2025-07-22/23,LOW GROWNS,Lucky Dais,OPA,1750,297.99,53.92
28,2025-07-22/23,LOW GROWNS,Lumbini,PEK,2450,297.99,53.92
28,2025-07-22/23,LOW GROWNS,Liyonta,PEK1,2550,297.99,53.92
29,2025-07-29/30,WESTERN MEDIUM,Dartry Valley,BOP,1650,298.18,39.27
29,2025-07-29/30,WESTERN MEDIUM,Craighead,BOPSp,1400,298.18,39.27
29,2025-07-29/30,WESTERN MEDIUM,Ancoombra,BOPF/BOPFSp,1180,298.18,39.27
29,2025-07-29/30,WESTERN MEDIUM,Vellai Oya,BOPF/BOPFSp,1160,298.18,39.27
29,2025-07-29/30,WESTERN MEDIUM,Dartry Valley,BOP1,1750,298.18,39.27
29,2025-07-29/30,WESTERN MEDIUM,Ancoombra,BOP1,1750,298.18,39.27
29,2025-07-29/30,WESTERN MEDIUM,Doombagastalawa,BOP1,1600,298.18,39.27
29,2025-07-29/30,WESTERN MEDIUM,New Rothschild,BOP1,1600,298.18,39.27
29,2025-07-29/30,WESTERN MEDIUM,Craighead,FBOP/FBOP1,2450,298.18,39.27
29,2025-07-29/30,WESTERN MEDIUM,Dartry Valley,FBOP/FBOP1,1950,298.18,39.27
29,2025-07-29/30,WESTERN MEDIUM,Hatale,FBOP/FBOP1,1950,298.18,39.27
29,2025-07-29/30,WESTERN MEDIUM,Harangalla,FBOP/FBOP1,1850,298.18,39.27
29,2025-07-29/30,WESTERN MEDIUM,Ancoombra,FBOPF/FBOPF1,1700,298.18,39.27
29,2025-07-29/30,WESTERN MEDIUM,Windsorforest,FBOPF/FBOPF1,1600,298.18,39.27
29,2025-07-29/30,WESTERN MEDIUM,Craighead,FBOPF/FBOPF1,1600,298.18,39.27
29,2025-07-29/30,WESTERN MEDIUM,Harangalla,FBOPF/FBOPF1,1600,298.18,39.27
29,2025-07-29/30,WESTERN MEDIUM,Dartry Valley,FBOPF/FBOPF1,1600,298.18,39.27
29,2025-07-29/30,WESTERN MEDIUM,New Rothschild,OP/OPA,1220,298.18,39.27
29,2025-07-29/30,WESTERN MEDIUM,Hatale,OP/OPA,1220,298.18,39.27
29,2025-07-29/30,WESTERN MEDIUM,Hatale,OP1,1700,298.18,39.27
29,2025-07-29/30,WESTERN MEDIUM,Craighead,OP1,1600,298.18,39.27
29,2025-07-29/30,WESTERN MEDIUM,Harangalla,OP1,1500,298.18,39.27
29,2025-07-29/30,WESTERN MEDIUM,New Rothschild,OP1,1500,298.18,39.27
29,2025-07-29/30,WESTERN MEDIUM,Meezan,PEK/PEK1,1850,298.18,39.27
29,2025-07-29/30,WESTERN MEDIUM,Harangalla,PEK/PEK1,1750,298.18,39.27
29,2025-07-29/30,WESTERN MEDIUM,Dartry Valley,PEK/PEK1,1750,298.18,39.27
29,2025-07-29/30,WESTERN MEDIUM,New Fernland,PEK/PEK1,1750,298.18,39.27
29,2025-07-29/30,WESTERN MEDIUM,Inguruwatte Super,PEK/PEK1,1750,298.18,39.27
29,2025-07-29/30,WESTERN MEDIUM,New Rothschild,PEK/PEK1,1750,298.18,39.27
29,2025-07-29/30,WESTERN MEDIUM,Uplands,PEK/PEK1,1750,298.18,39.27
29,2025-07-29/30,WESTERN MEDIUM,Windsorforest,PEK/PEK1,1700,298.18,39.27
29,2025-07-29/30,WESTERN MEDIUM,Craighead,PEK/PEK1,1700,298.18,39.27
29,2025-07-29/30,WESTERN MEDIUM,Doombagastalawa,PEK/PEK1,1700,298.18,39.27
29,2025-07-29/30,WESTERN MEDIUM,Cooroondoowatte,PEK/PEK1,1700,298.18,39.27
29,2025-07-29/30,WESTERN MEDIUM,Inguruwatte Super,PEK/PEK1,1700,298.18,39.27
29,2025-07-29/30,UVA MEDIUM,St. James,BOP,2150,298.18,29.74
29,2025-07-29/30,UVA MEDIUM,Halpewatta Uva,BOPSp,1550,298.18,29.74
29,2025-07-29/30,UVA MEDIUM,Dickwella,BOPF/BOPFSp,1400,298.18,29.74
29,2025-07-29/30,UVA MEDIUM,Dickwella,BOP1,1700,298.18,29.74
29,2025-07-29/30,UVA MEDIUM,Dickwella,FBOP/FBOP1,1700,298.18,29.74
29,2025-07-29/30,UVA MEDIUM,Roseland Uva,FBOP/FBOP1,1700,298.18,29.74
29,2025-07-29/30,UVA MEDIUM,Halpewatta Uva,FBOPF/FBOPF1,1480,298.18,29.74
29,2025-07-29/30,UVA MEDIUM,High Spring,OP/OPA,1220,298.18,29.74
29,2025-07-29/30,UVA MEDIUM,Telbedde,OP1,1600,298.18,29.74
29,2025-07-29/30,UVA MEDIUM,Aruna Passara,PEK/PEK1,1750,298.18,29.74
29,2025-07-29/30,UVA MEDIUM,Halpewatta Uva,PEK/PEK1,1700,298.18,29.74
29,2025-07-29/30,UVA MEDIUM,Aruna Keppetipola,PEK/PEK1,1700,298.18,29.74
29,2025-07-29/30,UVA MEDIUM,Dickwella,PEK/PEK1,1650,298.18,29.74
29,2025-07-29/30,UVA MEDIUM,Glen Alpin,PEK/PEK1,1650,298.18,29.74
29,2025-07-29/30,UVA MEDIUM,Hindagala,PEK/PEK1,1650,298.18,29.74
29,2025-07-29/30,UVA MEDIUM,Cecilton,PEK/PEK1,1650,298.18,29.74
29,2025-07-29/30,UVA MEDIUM,Maratenne,PEK/PEK1,1650,298.18,29.74
29,2025-07-29/30,WESTERN HIGH,Holyrood,BOP,1380,298.18,34.34
29,2025-07-29/30,WESTERN HIGH,Queensberry,BOPSp,1280,298.18,34.34
29,2025-07-29/30,WESTERN HIGH,Dessford,BOPF/BOPFSp,1440,298.18,34.34
29,2025-07-29/30,WESTERN HIGH,Alton,BOPF/BOPFSp,1400,298.18,34.34
29,2025-07-29/30,WESTERN HIGH,Great Western,BOPF/BOPFSp,1400,298.18,34.34
29,2025-07-29/30,WESTERN HIGH,Great Western,BOPF/BOPFSp,1380,298.18,34.34
29,2025-07-29/30,WESTERN HIGH,Gouravilla,BOPF/BOPFSp,1380,298.18,34.34
29,2025-07-29/30,WESTERN HIGH,Inverness,BOP1,1550,298.18,34.34
29,2025-07-29/30,WESTERN HIGH,Torrington,BOP1,1500,298.18,34.34
29,2025-07-29/30,WESTERN HIGH,Bambrakelly,FBOP/FBOP1,1550,298.18,34.34
29,2025-07-29/30,WESTERN HIGH,Fairlawn,FBOPF/FBOPF1,1460,298.18,34.34
29,2025-07-29/30,WESTERN HIGH,Venture,OP/OPA,1260,298.18,34.34
29,2025-07-29/30,WESTERN HIGH,St Andrews,OP1,1460,298.18,34.34
29,2025-07-29/30,WESTERN HIGH,Frotoft Super,PEK/PEK1,1700,298.18,34.34
29,2025-07-29/30,UVA HIGH,Uva Highlands,BOP,3100,298.18,16.5
29,2025-07-29/30,UVA HIGH,Aislaby,BOP,2850,298.18,16.5
29,2025-07-29/30,UVA HIGH,Craig,BOPSp,1380,298.18,16.5
29,2025-07-29/30,UVA HIGH,Uva Highlands,BOPF/BOPFSp,2400,298.18,16.5
29,2025-07-29/30,UVA HIGH,Aislaby,BOP1,1600,298.18,16.5
29,2025-07-29/30,UVA HIGH,Glenanore,BOP1,1420,298.18,16.5
29,2025-07-29/30,UVA HIGH,Uva Highlands,BOP1,1420,298.18,16.5
29,2025-07-29/30,UVA HIGH,Gonamotawa,FBOP/FBOP,1550,298.18,16.5
29,2025-07-29/30,UVA HIGH,Uva Highlands,FBOP/FBOP1,1550,298.18,16.5
29,2025-07-29/30,UVA HIGH,Ellathota Uva,FBOP/FBOP1,1550,298.18,16.5
29,2025-07-29/30,UVA HIGH,Gonamotawa,FBOPF/FBOPF1,1480,298.18,16.5
29,2025-07-29/30,UVA HIGH,Aislaby,FBOPF/FBOPF1,1440,298.18,16.5
29,2025-07-29/30,UVA HIGH,Glenanore,FBOPF/FBOPF1,1420,298.18,16.5
29,2025-07-29/30,UVA HIGH,Ampittiakande,OP/OPA,1140,298.18,16.5
29,2025-07-29/30,UVA HIGH,Mount Uva,OP1,1440,298.18,16.5
29,2025-07-29/30,UVA HIGH,Uva Highlands,PEK/PEK1,3500,298.18,16.5
29,2025-07-29/30,UVA HIGH,Glenanore,PEK/PEK1,1650,298.18,16.5
29,2025-07-29/30,UVA HIGH,Gonamotawa,PEK/PEK1,1650,298.18,16.5
29,2025-07-29/30,UVA HIGH,Ellathota Uva,PEK/PEK1,1650,298.18,16.5
29,2025-07-29/30,UVA HIGH,Battawatte,PEK/PEK1,1650,298.18,16.5
29,2025-07-29/30,UVA HIGH,Mount Uva,PEK/PEK1,1650,298.18,16.5
29,2025-07-29/30,UVA HIGH,Craig,PEK/PEK1,1650,298.18,16.5
29,2025-07-29/30,UVA HIGH,Aislaby,PEK/PEK1,1650,298.18,16.5
29,2025-07-29/30,UVA HIGH,Mahadowa,PEK/PEK1,1600,298.18,16.5
29,2025-07-29/30,NUWARA ELIYAS,Kenmare,BOP,810,298.18,40.36
29,2025-07-29/30,NUWARA ELIYAS,Court Lodge,FBOP/FBOP1,1340,298.18,40.36
29,2025-07-29/30,NUWARA ELIYAS,Kenmare,OP/OPA,1000,298.18,40.36
29,2025-07-29/30,NUWARA ELIYAS,Court Lodge,PEK/PEK1,1160,298.18,40.36
29,2025-07-29/30,UDAPUSSELLAWAS,Kirklees,BOP,900,298.18,32.64
29,2025-07-29/30,UDAPUSSELLAWAS,High Forest,BOP,880,298.18,32.64
29,2025-07-29/30,UDAPUSSELLAWAS,Maha Uva,BOP,860,298.18,32.64
29,2025-07-29/30,UDAPUSSELLAWAS,Gampaha,BOPSp,1360,298.18,32.64
29,2025-07-29/30,UDAPUSSELLAWAS,Luckyland,BOPF/BOPFSp,1060,298.18,32.64
29,2025-07-29/30,UDAPUSSELLAWAS,Maha Uva,FBOP/FBOP1,1380,298.18,32.64
29,2025-07-29/30,UDAPUSSELLAWAS,Delmar,FBOPF/FBOPF1,1400,298.18,32.64
29,2025-07-29/30,UDAPUSSELLAWAS,Maha Uva,FBOPF/FBOPF1,1340,298.18,32.64
29,2025-07-29/30,UDAPUSSELLAWAS,Blairlomond,FBOPF/FBOPF1,1300,298.18,32.64
29,2025-07-29/30,UDAPUSSELLAWAS,Maha Uva,OP/OPA,1100,298.18,32.64
29,2025-07-29/30,UDAPUSSELLAWAS,Delmar,OP1,1420,298.18,32.64
29,2025-07-29/30,UDAPUSSELLAWAS,Maha Uva,PEK/PEK1,1600,298.18,32.64
29,2025-07-29/30,UDAPUSSELLAWAS,Delmar,PEK/PEK1,1600,298.18,32.64
29,2025-07-29/30,UDAPUSSELLAWAS,Blairlomond,PEK/PEK1,1550,298.18,32.64
29,2025-07-29/30,UNORTHODOX HIGH,Ulugedara CTC,PF1,1200,298.18,36.53
29,2025-07-29/30,UNORTHODOX MEDIUM,Strathdon CTC,PF1,1160,298.18,36.53
29,2025-07-29/30,UNORTHODOX MEDIUM,Strathdon CTC,BP1,1020,298.18,36.53
29,2025-07-29/30,UNORTHODOX LOW,Kalubowitiyana CTC,PF1,1440,298.18,36.53
29,2025-07-29/30,UNORTHODOX LOW,Hingalgoda CTC,PF1,1440,298.18,36.53
29,2025-07-29/30,UNORTHODOX LOW,Ceciliyan CTC,BP1,1360,298.18,36.53
29,2025-07-29/30,PREMIUM FLOWERY,Rasa,FBOPFSp,5850,298.18,36.53
29,2025-07-29/30,PREMIUM FLOWERY,Fortune,FBOPFExSp,5850,298.18,36.53
29,2025-07-29/30,PREMIUM FLOWERY,Allen Valley,FBOPFExSp1,4400,298.18,36.53
29,2025-07-29/30,DUSTS,Mattakelle,DUST1,1700,298.18,36.53
29,2025-07-29/30,DUSTS,Hingalgoda CTC,PD,1380,298.18,36.53
29,2025-07-29/30,OFF GRADES,Wattegodde,FGS/FGS1,1180,298.18,36.53
29,2025-07-29/30,OFF GRADES,Clydesdale,FGS/FGS1,1180,298.18,36.53
29,2025-07-29/30,OFF GRADES,Agraouvah,FGS/FGS1,1160,298.18,36.53
29,2025-07-29/30,OFF GRADES,Somerset,FGS/FGS1,1140,298.18,36.53
29,2025-07-29/30,OFF GRADES,Wanarajah,FGS/FGS1,1100,298.18,36.53
29,2025-07-29/30,OFF GRADES,Liyonta CTC,PF,1200,298.18,36.53
29,2025-07-29/30,OFF GRADES,Wilehena,BM,1200,298.18,36.53
29,2025-07-29/30,OFF GRADES,Suviska,BP,1160,298.18,36.53
29,2025-07-29/30,OFF GRADES,Narangala Super,BP,1120,298.18,36.53
29,2025-07-29/30,OFF GRADES,Bogoda,BP,1120,298.18,36.53
29,2025-07-29/30,OFF GRADES,Jawa Super,BP,1120,298.18,36.53
29,2025-07-29/30,OFF GRADES,Aldora,BOPIA,1500,298.18,36.53
29,2025-07-29/30,OFF GRADES,Chandrika Estate,BOPIA,1420,298.18,36.53
29,2025-07-29/30,OFF GRADES,New Kandedola,BOPIA,1320,298.18,36.53
29,2025-07-29/30,LOW GROWNS,Elaine Super,BOP,2450,298.18,53.92
29,2025-07-29/30,LOW GROWNS,New Spring View,BOPSp,2000,298.18,53.92
29,2025-07-29/30,LOW GROWNS,Kamarangapitiya,BOPSp,1850,298.18,53.92
29,2025-07-29/30,LOW GROWNS,Andaradeniya Super,BOPSp,1850,298.18,53.92
29,2025-07-29/30,LOW GROWNS,Greenwin Super,BOPSp,1850,298.18,53.92
29,2025-07-29/30,LOW GROWNS,Aruna,BOPSp,1850,298.18,53.92
29,2025-07-29/30,LOW GROWNS,Kings Bru,BOPF,1800,298.18,53.92
29,2025-07-29/30,LOW GROWNS,Greenwin Super,BOPFSp,1900,298.18,53.92
29,2025-07-29/30,LOW GROWNS,Hedigalla,FBOP,2400,298.18,53.92
29,2025-07-29/30,LOW GROWNS,Sithaka,FBOP,2350,298.18,53.92
29,2025-07-29/30,LOW GROWNS,Galtara,FBOP,2350,298.18,53.92
29,2025-07-29/30,LOW GROWNS,Pothotuwa,FBOP,2300,298.18,53.92
29,2025-07-29/30,LOW GROWNS,Gunawardana,FBOP,2300,298.18,53.92
29,2025-07-29/30,LOW GROWNS,Sunrise,FBOP,2300,298.18,53.92
29,2025-07-29/30,LOW GROWNS,Sithaka,FBOP1,1850,298.18,53.92
29,2025-07-29/30,LOW GROWNS,Mulatiyana Hills,FBOP1,1850,298.18,53.92
29,2025-07-29/30,LOW GROWNS,Ganganee,FBOP1,1850,298.18,53.92
29,2025-07-29/30,LOW GROWNS,New Nivithigala,FBOP1,1850,298.18,53.92
29,2025-07-29/30,LOW GROWNS,Ceciliyan,FBOP1,1800,298.18,53.92
29,2025-07-29/30,LOW GROWNS,Katanwila,FBOPF,2250,298.18,53.92
29,2025-07-29/30,LOW GROWNS,Richiland,FBOPF,2200,298.18,53.92
29,2025-07-29/30,LOW GROWNS,Karagoda,FBOPF,2200,298.18,53.92
29,2025-07-29/30,LOW GROWNS,Gunawardana,FBOPF1,1800,298.18,53.92
29,2025-07-29/30,LOW GROWNS,Lumbini,FBOPF1,1800,298.18,53.92
29,2025-07-29/30,LOW GROWNS,Pothotuwa,FBOPF1,1750,298.18,53.92
29,2025-07-29/30,LOW GROWNS,Hidellana,FBOPF1,1750,298.18,53.92
29,2025-07-29/30,LOW GROWNS,Lellopitiya Super,FBOPF1,1750,298.18,53.92
29,2025-07-29/30,LOW GROWNS,Kiruwanaganga,FBOPF1,1700,298.18,53.92
29,2025-07-29/30,LOW GROWNS,Adams View,FBOPF1,1700,298.18,53.92
29,2025-07-29/30,LOW GROWNS,Makandura,FBOPF1,1700,298.18,53.92
29,2025-07-29/30,LOW GROWNS,Sithaka,FBOPF1,1700,298.18,53.92
29,2025-07-29/30,LOW GROWNS,New J.S.P,FBOPF1,1700,298.18,53.92
29,2025-07-29/30,LOW GROWNS,Pothotuwa,BOP1,3000,298.18,53.92
29,2025-07-29/30,LOW GROWNS,Sithaka,BOP1,2650,298.18,53.92
29,2025-07-29/30,LOW GROWNS,Gunawardana,OP1,3250,298.18,53.92
29,2025-07-29/30,LOW GROWNS,Pothotuwa,OP1,2850,298.18,53.92
29,2025-07-29/30,LOW GROWNS,Kiruwanaganga,OP1,2650,298.18,53.92
29,2025-07-29/30,LOW GROWNS,Mulatiyana Hills,OP,1800,298.18,53.92
29,2025-07-29/30,LOW GROWNS,Liyonta,OPA,1750,298.18,53.92
29,2025-07-29/30,LOW GROWNS,Lumbini,PEK,2500,298.18,53.92
29,2025-07-29/30,LOW GROWNS,Mulatiyana Hills,PEK1,2250,298.18,53.92
29,2025-07-29/30,LOW GROWNS,New Batuwangala,PEK1,2250,298.18,53.92
30,2025-08-04/05,WESTERN MEDIUM,Ancoombra,BOP,1700,297.43,39.27
30,2025-08-04/05,WESTERN MEDIUM,Ancoombra,BOPSp,1550,297.43,39.27
30,2025-08-04/05,WESTERN MEDIUM,Ancoombra,BOPSp,1380,297.43,39.27
30,2025-08-04/05,WESTERN MEDIUM,Harangalla,BOP1,1950,297.43,39.27
30,2025-08-04/05,WESTERN MEDIUM,Harangalla,FBOP/FBOP1,2100,297.43,39.27
30,2025-08-04/05,WESTERN MEDIUM,Craighead,FBOP/FBOP1,2050,297.43,39.27
30,2025-08-04/05,WESTERN MEDIUM,Craighead,FBOPF/FBOPF1,1600,297.43,39.27
30,2025-08-04/05,WESTERN MEDIUM,Harangalla,FBOPF/FBOPF1,1600,297.43,39.27
30,2025-07-04/05,WESTERN MEDIUM,Dartry Valley,FBOPF/FBOPF1,1550,297.43,39.27
30,2025-08-04/05,WESTERN MEDIUM,Ancoombra,FBOPF/FBOPF1,1550,297.43,39.27
30,2025-08-04/05,WESTERN MEDIUM,Hatale,FBOPF/FBOPF1,1550,297.43,39.27
30,2025-08-04/05,WESTERN MEDIUM,Imboolpitiya,FBOPF/FBOPF1,1440,297.43,39.27
30,2025-08-04/05,WESTERN MEDIUM,Greenwood,OP/OPA,1280,297.43,39.27
30,2025-08-04/05,WESTERN MEDIUM,New Rothschild,OP1,1500,297.43,39.27
30,2025-08-04/05,WESTERN MEDIUM,Harangalla,OP1,1480,297.43,39.27
30,2025-08-04/05,WESTERN MEDIUM,Uplands,PEK/PEK1,2000,297.43,39.27
30,2025-08-04/05,WESTERN MEDIUM,Frotoft Super,PEK/PEK1,1700,297.43,39.27
30,2025-08-04/05,UVA MEDIUM,St. James,BOP,2150,297.43,29.74
30,2025-08-04/05,UVA MEDIUM,Gonakelle,BOPSp,1550,297.43,29.74
30,2025-08-04/05,UVA MEDIUM,Halpewatte Uva,BOPF/BOPFSp,1550,297.43,29.74
30,2025-08-04/05,UVA MEDIUM,Sarnia Plaiderie,BOPF/BOPFSp,1400,297.43,29.74
30,2025-08-04/05,UVA MEDIUM,Sarnia Plaiderie,BOP1,1900,297.43,29.74
30,2025-08-04/05,UVA MEDIUM,Aruna Passara,FBOP/FBOP1,1600,297.43,29.74
30,2025-08-04/05,UVA MEDIUM,Demodera 'S',FBOPF/FBOPF1,1460,297.43,29.74
30,2025-08-04/05,UVA MEDIUM,Roseland Uva,FBOPF/FBOPF1,1460,297.43,29.74
30,2025-08-04/05,UVA MEDIUM,Kinellan,OP/OPA,1160,297.43,29.74
30,2025-08-04/05,UVA MEDIUM,Hindagala,OP/OPA,1160,297.43,29.74
30,2025-08-04/05,UVA MEDIUM,Shawlands,OP1,1360,297.43,29.74
30,2025-08-04/05,UVA MEDIUM,St. James,PEK/PEK1,3600,297.43,29.74
30,2025-08-04/05,UVA MEDIUM,Misty-Uva,PEK/PEK1,1800,297.43,29.74
30,2025-08-04/05,UVA MEDIUM,Aruna Keppetipola,PEK/PEK1,1800,297.43,29.74
30,2025-08-04/05,WESTERN HIGH,Robgill,BOP,1400,297.43,34.34
30,2025-08-04/05,WESTERN HIGH,Bogawantalawa,BOP,1380,297.43,34.34
30,2025-08-04/05,WESTERN HIGH,Queensberry,BOPSp,1280,297.43,34.34
30,2025-08-04/05,WESTERN HIGH,Alton,BOPF/BOPFSp,1440,297.43,34.34
30,2025-08-04/05,WESTERN HIGH,Fairlawn,OP/OPA,1550,297.43,34.34
30,2025-08-04/05,WESTERN HIGH,Torrington,OP/OPA,1500,297.43,34.34
30,2025-08-04/05,WESTERN HIGH,Venture,OP/OPA,1500,297.43,34.34
30,2025-08-04/05,WESTERN HIGH,Torrington,FBOP/FBOP1,1440,297.43,34.34
30,2025-08-04/05,WESTERN HIGH,Fairlawn,FBOPF/FBOPF1,1440,297.43,34.34
30,2025-08-04/05,WESTERN HIGH,Glenloch,FBOPF/FBOPF1,1400,297.43,34.34
30,2025-08-04/05,WESTERN HIGH,Venture,OP1,1400,297.43,34.34
30,2025-08-04/05,WESTERN HIGH,Glenloch,OP1,1320,297.43,34.34
30,2025-08-04/05,WESTERN HIGH,Venture,PEK/PEK1,1700,297.43,34.34
30,2025-08-04/05,UVA HIGH,Uva Highlands,BOP,3700,297.43,16.5
30,2025-08-04/05,UVA HIGH,Craig,BOPSp,1340,297.43,16.5
30,2025-08-04/05,UVA HIGH,Uva Highlands,BOPF/BOPFSp,2600,297.43,16.5
30,2025-08-04/05,UVA HIGH,Aislaby,BOPF/BOPFSp,2300,297.43,16.5
30,2025-08-04/05,UVA HIGH,Glenanore,BOP1,1420,297.43,16.5
30,2025-08-04/05,UVA HIGH,Ellathota Uva,FBOP/FBOP1,1600,297.43,16.5
30,2025-08-04/05,UVA HIGH,Gonamotawa,FBOPF/FBOPF1,1380,297.43,16.5
30,2025-08-04/05,UVA HIGH,Ellathota Uva,OP/OPA,1180,297.43,16.5
30,2025-08-04/05,UVA HIGH,Ellathota Uva,OP1,1550,297.43,16.5
30,2025-08-04/05,UVA HIGH,Uva Highlands,PEK/PEK1,3500,297.43,16.5
30,2025-08-04/05,UVA HIGH,Aislaby,PEK/PEK1,2200,297.43,16.5
30,2025-08-04/05,UVA HIGH,Glenanore,PEK/PEK1,1700,297.43,16.5
30,2025-08-04/05,UVA HIGH,Gonamotawa,PEK/PEK1,1700,297.43,16.5
30,2025-08-04/05,UVA HIGH,Uva Highlands,PEK/PEK1,1700,297.43,16.5
30,2025-08-04/05,UVA HIGH,Gonapitiya,PEK/PEK1,1700,297.43,16.5
30,2025-08-04/05,NUWARA ELIYAS,Court Lodge,BOP,820,297.43,40.36
30,2025-08-04/05,NUWARA ELIYAS,Kenmare,BOP,800,297.43,40.36
30,2025-08-04/05,NUWARA ELIYAS,Lovers Leap,BOPF/BOPFSp,1220,297.43,40.36
30,2025-08-04/05,NUWARA ELIYAS,Mahagastotte,BOPF/BOPFSp,1200,297.43,40.36
30,2025-08-04/05,NUWARA ELIYAS,Court Lodge,FBOP/FBOP1,870,297.43,40.36
30,2025-08-04/05,NUWARA ELIYAS,Kenmare,OP/OPA,980,297.43,40.36
30,2025-08-04/05,NUWARA ELIYAS,Court Lodge,OP/OPA,980,297.43,40.36
30,2025-08-04/05,NUWARA ELIYAS,Court Lodge,PEK/PEK1,1120,297.43,40.36
30,2025-08-04/05,UDAPUSSELLAWAS,Kirklees,BOPF/BOPFSp,1020,297.43,32.64
30,2025-08-04/05,UDAPUSSELLAWAS,Maha Uva,BOP1,1260,297.43,32.64
30,2025-08-04/05,UDAPUSSELLAWAS,Gampaha,FBOP/FBOP1,1340,297.43,32.64
30,2025-08-04/05,UDAPUSSELLAWAS,Delmar,FBOPF/FBOPF1,1340,297.43,32.64
30,2025-08-04/05,UDAPUSSELLAWAS,Gampaha,FBOPF/FBOPF1,1340,297.43,32.64
30,2025-08-04/05,UDAPUSSELLAWAS,Maha Uva,OP/OPA,1080,297.43,32.64
30,2025-08-04/05,UDAPUSSELLAWAS,Delmar,OP/OPA,1060,297.43,32.64
30,2025-08-04/05,UDAPUSSELLAWAS,Gampaha,OP/OPA,1060,297.43,32.64
30,2025-08-04/05,UDAPUSSELLAWAS,Maha Uva,OP1,1280,297.43,32.64
30,2025-08-04/05,UDAPUSSELLAWAS,Gonapitiya,PEK/PEK1,1700,297.43,32.64
30,2025-08-04/05,UNORTHODOX HIGH,Dunsinane CTC,PF1,1180,297.43,36.53
30,2025-08-04/05,UNORTHODOX MEDIUM,New Peacock CTC,PF1,1180,297.43,36.53
30,2025-08-04/05,UNORTHODOX MEDIUM,Donside CTC,BP1,730,297.43,36.53
30,2025-08-04/05,UNORTHODOX MEDIUM,Aultmore CTC,BPS,800,297.43,36.53
30,2025-08-04/05,UNORTHODOX LOW,Kalubowitiyana CTC,PF1,1440,297.43,36.53
30,2025-08-04/05,UNORTHODOX LOW,Hingalgoda CTC,PF1,1440,297.43,36.53
30,2025-08-04/05,UNORTHODOX LOW,Ceciliyan CTC,BP1,1260,297.43,36.53
30,2025-08-04/05,UNORTHODOX LOW,Ross Feld CTC,BPS,680,297.43,36.53
30,2025-08-04/05,PREMIUM FLOWERY,Samvin,FBOPFSp,6050,297.43,36.53
30,2025-08-04/05,PREMIUM FLOWERY,HPP Tea,FBOPFExSp,5700,297.43,36.53
30,2025-08-04/05,PREMIUM FLOWERY,Kamarangapitiya,FBOPFExSp1,4050,297.43,36.53
30,2025-08-04/05,PREMIUM FLOWERY,Kiruwanaganga,FBOPFExSp1,3850,297.43,36.53
30,2025-08-04/05,DUSTS,Wattegode,DUST1,1650,297.43,36.53
30,2025-08-04/05,DUSTS,Mattakelle,DUST1,1650,297.43,36.53
30,2025-08-04/05,DUSTS,Kalubowitiyana CTC,PD,1360,297.43,36.53
30,2025-08-04/05,OFF GRADES,Wattegodde,FGS/FGS1,1260,297.43,36.53
30,2025-08-04/05,OFF GRADES,Wanarajah,FGS/FGS1,1220,297.43,36.53
30,2025-08-04/05,OFF GRADES,Agraouvah,FGS/FGS1,1180,297.43,36.53
30,2025-08-04/05,OFF GRADES,Hingalgoda CTC,PF,1220,297.43,36.53
30,2025-07-04/05,OFF GRADES,Gunawardana,BM,1220,297.43,36.53
30,2025-08-04/05,OFF GRADES,Aldora,BP,1220,297.43,36.53
30,2025-08-04/05,OFF GRADES,Narangala Super,BP,1180,297.43,36.53
30,2025-08-04/05,OFF GRADES,New Deniyaya,BP,1160,297.43,36.53
30,2025-08-04/05,OFF GRADES,Chandrika Estate,BOPIA,1420,297.43,36.53
30,2025-08-04/05,OFF GRADES,Aldora,BOPIA,1420,297.43,36.53
30,2025-08-04/05,LOW GROWNS,Andaradeniya Super,BOP,2200,297.43,53.92
30,2025-08-04/05,LOW GROWNS,Kamarangapitiya,BOPSp,1900,297.43,53.92
30,2025-08-04/05,LOW GROWNS,Kings Bru,BOPF,1800,297.43,53.92
30,2025-08-04/05,LOW GROWNS,Sithaka,BOPF,1600,297.43,53.92
30,2025-08-04/05,LOW GROWNS,Uruwala,BOPF,1550,297.43,53.92
30,2025-08-04/05,LOW GROWNS,Rajjuruwatta Super,BOPFSp,2400,297.43,53.92
30,2025-08-04/05,LOW GROWNS,Sithaka,FBOP,2550,297.43,53.92
30,2025-08-04/05,LOW GROWNS,Mulatiyana Hills,FBOP,2500,297.43,53.92
30,2025-08-04/05,LOW GROWNS,Galatara,FBOP,2500,297.43,53.92
30,2025-08-04/05,LOW GROWNS,Pothotuwa,FBOP,2350,297.43,53.92
30,2025-08-04/05,LOW GROWNS,Dullie Ella,FBOP1,2150,297.43,53.92
30,2025-08-04/05,LOW GROWNS,Wattahena,FBOP1,2000,297.43,53.92
30,2025-08-04/05,LOW GROWNS,Gunawardana,FBOP1,1900,297.43,53.92
30,2025-08-04/05,LOW GROWNS,Danawala,FBOPF,1850,297.43,53.92
30,2025-08-04/05,LOW GROWNS,New Rekadahena,FBOPF,1850,297.43,53.92
30,2025-08-04/05,LOW GROWNS,Gunawardana,FBOPF,1800,297.43,53.92
30,2025-08-04/05,LOW GROWNS,Sithaka,FBOPF,1800,297.43,53.92
30,2025-08-04/05,LOW GROWNS,Ganganee,FBOPF,1800,297.43,53.92
30,2025-08-04/05,LOW GROWNS,Pothotuwa,FBOPF1,1750,297.43,53.92
30,2025-08-04/05,LOW GROWNS,Adams View,FBOPF1,1750,297.43,53.92
30,2025-08-04/05,LOW GROWNS,Kiruwanaganga,FBOPF1,1700,297.43,53.92
30,2025-07-04/05,LOW GROWNS,Gunawardana,FBOPF1,1700,297.43,53.92
30,2025-08-04/05,LOW GROWNS,Kolonna Super,FBOPF1,1700,297.43,53.92
30,2025-08-04/05,LOW GROWNS,Nilrich,FBOPF1,1700,297.43,53.92
30,2025-08-04/05,LOW GROWNS,Makandura,FBOPF1,1700,297.43,53.92
30,2025-08-04/05,LOW GROWNS,Dellawa,FBOPF1,1650,297.43,53.92
30,2025-08-04/05,LOW GROWNS,Kelani,FBOPF1,1650,297.43,53.92
30,2025-08-04/05,LOW GROWNS,Lakvinka,FBOPF1,1650,297.43,53.92
30,2025-08-04/05,LOW GROWNS,Hidellana,FBOPF1,1650,297.43,53.92
30,2025-08-04/05,LOW GROWNS,Sunrise,FBOPF1,1650,297.43,53.92
30,2025-08-04/05,LOW GROWNS,Pothotuwa,BOP1,3000,297.43,53.92
30,2025-08-04/05,LOW GROWNS,Pothotuwa,OP1,3200,297.43,53.92
30,2025-08-04/05,LOW GROWNS,Bogoda Group,OP,1600,297.43,53.92
30,2025-08-04/05,LOW GROWNS,Ceyenta,OP,1600,297.43,53.92
30,2025-08-04/05,LOW GROWNS,Dampahala,OPA,1750,297.43,53.92
30,2025-08-04/05,LOW GROWNS,Lumbini,PEK,2550,297.43,53.92
30,2025-08-04/05,LOW GROWNS,New Batuwangala,PEK1,2450,297.43,53.92
31,2025-08-12/13,WESTERN MEDIUM,Ancoombra,BOP,1750,297.07,39.27
31,2025-08-12/13,WESTERN MEDIUM,Dartry Valley,BOP,1600,297.07,39.27
31,2025-08-12/13,WESTERN MEDIUM,Harangalla,BOP,1550,297.07,39.27
31,2025-08-12/13,WESTERN MEDIUM,Uplands,BOPSp,1500,297.07,39.27
31,2025-08-12/13,WESTERN MEDIUM,Dartry Valley,BOPF/BOPFSp,1220,297.07,39.27
31,2025-08-12/13,WESTERN MEDIUM,Harangalla,BOP1,2150,297.07,39.27
31,2025-08-12/13,WESTERN MEDIUM,Craighead,FBOP/FBOP1,2400,297.07,39.27
31,2025-08-12/13,WESTERN MEDIUM,Doombagastalawa,FBOP/FBOP1,2100,297.07,39.27
31,2025-08-12/13,WESTERN MEDIUM,Harangalla,FBOP/FBOP1,1950,297.07,39.27
31,2025-08-12/13,WESTERN MEDIUM,New Rothschild,FBOP/FBOP1,1950,297.07,39.27
31,2025-08-12/13,WESTERN MEDIUM,Harangalla,FBOPF/FBOPF1,1650,297.07,39.27
31,2025-08-12/13,WESTERN MEDIUM,Ancoombra,FBOPF/FBOPF1,1650,297.07,39.27
31,2025-08-12/13,WESTERN MEDIUM,Hatale,FBOPF/FBOPF1,1650,297.07,39.27
31,2025-08-12/13,WESTERN MEDIUM,Dartry Valley,FBOPF/FBOPF1,1600,297.07,39.27
31,2025-08-12/13,WESTERN MEDIUM,Greenwood,OP/OPA,1400,297.07,39.27
31,2025-08-12/13,WESTERN MEDIUM,Craighead,OP1,1850,297.07,39.27
31,2025-08-12/13,WESTERN MEDIUM,Greenwood,PEK/PEK1,1950,297.07,39.27
31,2025-08-12/13,UVA MEDIUM,ST.James,BOP,2750,297.07,29.74
31,2025-08-12/13,UVA MEDIUM,Halpewatta Uva,BOPSp,1650,297.07,29.74
31,2025-08-12/13,UVA MEDIUM,Demodera 'S',BOPSp,1420,297.07,29.74
31,2025-08-12/13,UVA MEDIUM,ST.James,BOPF/BOPFSp,2500,297.07,29.74
31,2025-08-12/13,UVA MEDIUM,Demodera 'S',BOP1,2150,297.07,29.74
31,2025-08-12/13,UVA MEDIUM,Aruna Passara,FBOP/FBOP1,1700,297.07,29.74
31,2025-08-12/13,UVA MEDIUM,Roseland Uva,FBOPF/FBOPF1,1500,297.07,29.74
31,2025-08-12/13,UVA MEDIUM,Demodera 'S',FBOP/FBOP1,1500,297.07,29.74
31,2025-08-12/13,UVA MEDIUM,Aruna Passara,OP/OPA,1180,297.07,29.74
31,2025-08-12/13,UVA MEDIUM,Sarnia Plaiderie,OP1,1750,297.07,29.74
31,2025-08-12/13,UVA MEDIUM,ST.James,PEK/PEK1,3000,297.07,29.74
31,2025-08-12/13,UVA MEDIUM,Misty Uva,PEK/PEK1,1800,297.07,29.74
31,2025-08-12/13,UVA MEDIUM,Aruna Keppetipola,PEK/PEK1,1800,297.07,29.74
31,2025-08-12/13,WESTERN HIGH,Inverness,BOP,1460,297.07,34.34
31,2025-08-12/13,WESTERN HIGH,Wanarajah,BOP,1400,297.07,34.34
31,2025-08-12/13,WESTERN HIGH,Ingestre,BOP,1380,297.07,34.34
31,2025-08-12/13,WESTERN HIGH,Bearwell,BOPSp,1550,297.07,34.34
31,2025-08-12/13,WESTERN HIGH,Alton,BOPF/BOPFSp,1550,297.07,34.34
31,2025-08-12/13,WESTERN HIGH,Inverness,BOP1,1500,297.07,34.34
31,2025-08-12/13,WESTERN HIGH,Kirkoswald,FBOP/FBOP1,1700,297.07,34.34
31,2025-08-12/13,WESTERN HIGH,Bambrakelly,FBOPF/FBOPF1,1420,297.07,34.34
31,2025-08-12/13,WESTERN HIGH,Craig Hill,OP/OPA,1080,297.07,34.34
31,2025-08-12/13,WESTERN HIGH,Torrington,OP/OPA,1060,297.07,34.34
31,2025-08-12/13,WESTERN HIGH,Cymru,OP/OPA,1060,297.07,34.34
31,2025-08-12/13,WESTERN HIGH,Kirkoswald,OP/OPA,1060,297.07,34.34
31,2025-08-12/13,WESTERN HIGH,Venture,OP/OPA,1060,297.07,34.34
31,2025-08-12/13,WESTERN HIGH,Venture,OP1,1300,297.07,34.34
31,2025-08-12/13,WESTERN HIGH,Frotoft Super,PEK/PEK1,1800,297.07,34.34
31,2025-08-12/13,UVA HIGH,Uva Highlands,BOP,3600,297.07,16.5
31,2025-08-12/13,UVA HIGH,Aislaby,BOP,3550,297.07,16.5
31,2025-08-12/13,UVA HIGH,Craig,BOPSp,1380,297.07,16.5
31,2025-08-12/13,UVA HIGH,Uva Highlands,BOPF/BOPFSp,2550,297.07,16.5
31,2025-08-12/13,UVA HIGH,Ranaya,BOP1,1460,297.07,16.5
31,2025-08-12/13,UVA HIGH,Ranaya,FBOP/FBOP1,1700,297.07,16.5
31,2025-08-12/13,UVA HIGH,Craig,FBOPF/FBOPF1,1480,297.07,16.5
31,2025-08-12/13,UVA HIGH,Ellathota Uva,OP/OPA,1180,297.07,16.5
31,2025-08-12/13,UVA HIGH,Ellathota Uva,OP1,1440,297.07,16.5
31,2025-08-12/13,UVA HIGH,Aislaby,PEK/PEK1,3550,297.07,16.5
31,2025-08-12/13,NUWARA ELIYAS,Lovers Leap,BOP,1220,297.07,40.36
31,2025-08-12/13,NUWARA ELIYAS,Lovers Leap,BOPF/BOPFSp,1220,297.07,40.36
31,2025-08-12/13,NUWARA ELIYAS,Mahagastotte,BOPF/BOPFSp,1200,297.07,40.36
31,2025-08-12/13,NUWARA ELIYAS,Court Lodge,FBOP/FBOP1,820,297.07,40.36
31,2025-08-12/13,NUWARA ELIYAS,Court Lodge,OP/OPA,960,297.07,40.36
31,2025-08-12/13,NUWARA ELIYAS,Kenmare,OP/OPA,960,297.07,40.36
31,2025-08-12/13,NUWARA ELIYAS,Court Lodge,PEK/PEK1,1200,297.07,40.36
31,2025-08-12/13,UDAPUSSELLAWAS,Mooloya,BOP,1000,297.07,32.64
31,2025-08-12/13,UDAPUSSELLAWAS,Gampaha,BOPSp,1280,297.07,32.64
31,2025-08-12/13,UDAPUSSELLAWAS,Maha Uva,BOPSp,1260,297.07,32.64
31,2025-08-12/13,UDAPUSSELLAWAS,Luckyland,BOPF/BOPFSp,1180,297.07,32.64
31,2025-08-12/13,UDAPUSSELLAWAS,Maha Uva,BOP1,900,297.07,32.64
31,2025-08-12/13,UDAPUSSELLAWAS,Delmar,FBOP/FBOP1,1320,297.07,32.64
31,2025-08-12/13,UDAPUSSELLAWAS,Delmar,FBOPF/FBOPF1,1460,297.07,32.64
31,2025-08-12/13,UDAPUSSELLAWAS,Maha Uva,OP/OPA,1160,297.07,32.64
31,2025-08-12/13,UDAPUSSELLAWAS,Gampaha,OP/OPA,1160,297.07,32.64
31,2025-08-12/13,UDAPUSSELLAWAS,Delmar,OP/OPA,1140,297.07,32.64
31,2025-08-12/13,UDAPUSSELLAWAS,Maha Uva,OP1,1340,297.07,32.64
31,2025-08-12/13,UDAPUSSELLAWAS,Delmar,OP1,1340,297.07,32.64
31,2025-08-12/13,UDAPUSSELLAWAS,Gonapitiya,PEK/PEK1,1700,297.07,32.64
31,2025-08-12/13,UDAPUSSELLAWAS,Delmar,PEK/PEK1,1700,297.07,32.64
31,2025-08-12/13,UDAPUSSELLAWAS,Blairlomond,PEK/PEK1,1600,297.07,32.64
31,2025-08-12/13,UDAPUSSELLAWAS,Maha Uva,PEK/PEK1,1600,297.07,32.64
31,2025-08-12/13,UNORTHODOX HIGH,Dunsinane CTC,PF1,1160,297.07,36.53
31,2025-08-12/13,UNORTHODOX MEDIUM,Strathdon CTC,PF1,1180,297.07,36.53
31,2025-08-12/13,UNORTHODOX MEDIUM,Delta CTC,BP1,900,297.07,36.53
31,2025-08-12/13,UNORTHODOX LOW,Kalubowitiyana CTC,PF1,1460,297.07,36.53
31,2025-08-12/13,UNORTHODOX LOW,Hingalgoda CTC,PF1,1460,297.07,36.53
31,2025-08-12/13,UNORTHODOX LOW,Ceciliyan CTC,BP1,1360,297.07,36.53
31,2025-08-12/13,PREMIUM FLOWERY,Stream Line,FBOPFSp,5900,297.07,36.53
31,2025-08-12/13,PREMIUM FLOWERY,Fortune,FBOPFSp,5500,297.07,36.53
31,2025-08-12/13,PREMIUM FLOWERY,New Batuwangala,FBOPFExSp,5700,297.07,36.53
31,2025-08-12/13,PREMIUM FLOWERY,Lions,FBOPFExSp1,5700,297.07,36.53
31,2025-08-12/13,DUSTS,Mattakelle,DUST1,1650,297.07,36.53
31,2025-08-12/13,DUSTS,Kalubowitiyana CTC,PD,1400,297.07,36.53
31,2025-08-12/13,DUSTS,Ceciliyan CTC,PD,1400,297.07,36.53
31,2025-08-12/13,OFF GRADES,Agraouvah,FGS/FGS1,1260,297.07,36.53
31,2025-08-12/13,OFF GRADES,Wattegodde,FGS/FGS1,1240,297.07,36.53
31,2025-08-12/13,OFF GRADES,Wanarajah,FGS/FGS1,1220,297.07,36.53
31,2025-08-12/13,OFF GRADES,Mattakelle,FGS/FGS1,1220,297.07,36.53
31,2025-08-12/13,OFF GRADES,Hingalgoda CTC,PF,1300,297.07,36.53
31,2025-08-12/13,OFF GRADES,Kurunduwatta,BM,1240,297.07,36.53
31,2025-08-12/13,OFF GRADES,Kothmale Hills,BP,1320,297.07,36.53
31,2025-08-12/13,OFF GRADES,Chandrika Estate,BOPIA,1480,297.07,36.53
31,2025-08-12/13,OFF GRADES,Aldora,BOPIA,1480,297.07,36.53
31,2025-08-12/13,LOW GROWNS,Elaine Super,BOP,2750,297.07,53.92
31,2025-08-12/13,LOW GROWNS,New Spring View,BOPSp,2450,297.07,53.92
31,2025-08-12/13,LOW GROWNS,Kings Bru,BOPF,1850,297.07,53.92
31,2025-08-12/13,LOW GROWNS,Rajjuruwatta Super,BOPFSp,2250,297.07,53.92
31,2025-08-12/13,LOW GROWNS,Sithaka,FBOP,2650,297.07,53.92
31,2025-08-12/13,LOW GROWNS,Sithaka,FBOP1,2000,297.07,53.92
31,2025-08-12/13,LOW GROWNS,Kiruwanaganga,FBOP1,1900,297.07,53.92
31,2025-08-12/13,LOW GROWNS,New Laksakanda,FBOPF,1900,297.07,53.92
31,2025-08-12/13,LOW GROWNS,Woodland Grand,FBOPF1,1850,297.07,53.92
31,2025-08-12/13,LOW GROWNS,New Kolonne Kithulgala,FBOPF1,1750,297.07,53.92
31,2025-08-12/13,LOW GROWNS,Lakvinka,FBOPF1,1750,297.07,53.92
31,2025-08-12/13,LOW GROWNS,Kolonna Super,FBOPF1,1700,297.07,53.92
31,2025-08-12/13,LOW GROWNS,Pothotuwa,FBOPF1,1700,297.07,53.92
31,2025-08-12/13,LOW GROWNS,Gunawardana,FBOPF1,1700,297.07,53.92
31,2025-08-12/13,LOW GROWNS,Bogoda Group,FBOPF1,1700,297.07,53.92
31,2025-08-12/13,LOW GROWNS,Berubeula,FBOPF1,1700,297.07,53.92
31,2025-08-12/13,LOW GROWNS,Makandura,FBOPF1,1700,297.07,53.92
31,2025-08-12/13,LOW GROWNS,Hidellana,FBOPF1,1700,297.07,53.92
31,2025-08-12/13,LOW GROWNS,Sithaka,FBOPF1,1700,297.07,53.92
31,2025-08-12/13,LOW GROWNS,Sunrise,FBOPF1,1700,297.07,53.92
31,2025-08-12/13,LOW GROWNS,Dampahala,FBOPF1,1700,297.07,53.92
31,2025-08-12/13,LOW GROWNS,Pothotuwa,BOP1,2900,297.07,53.92
31,2025-08-12/13,LOW GROWNS,Susantha,OP1,3200,297.07,53.92
31,2025-08-12/13,LOW GROWNS,Pothotuwa,OP1,2600,297.07,53.92
31,2025-08-12/13,LOW GROWNS,Kolonna Super,OP1,2400,297.07,53.92
31,2025-08-12/13,LOW GROWNS,Kiruwanaganga,OP1,2400,297.07,53.92
31,2025-08-12/13,LOW GROWNS,Galatara,OP1,2400,297.07,53.92
31,2025-08-12/13,LOW GROWNS,Miriswatta,OP,1800,297.07,53.92
31,2025-08-12/13,LOW GROWNS,Liyonta,OPA,1950,297.07,53.92
31,2025-08-12/13,LOW GROWNS,Miriswatta,OPA,1950,297.07,53.92
31,2025-08-12/13,LOW GROWNS,Liyonta,PEK,2600,297.07,53.92
31,2025-08-12/13,LOW GROWNS,Liyonta,PEK1,2850,297.07,53.92
32,2025-08-19/20,WESTERN MEDIUM,Ancoombra,BOP,1850,297.5,39.27
32,2025-08-19/20,WESTERN MEDIUM,Ancoombra,BOPSp,1550,297.5,39.27
32,2025-08-19/20,WESTERN MEDIUM,Craighead,BOPSp,1460,297.5,39.27
32,2025-08-19/20,WESTERN MEDIUM,Dartry Valley,BOPF/BOPFSp,1440,297.5,39.27
32,2025-08-19/20,WESTERN MEDIUM,Galgewatta,BOP1,1700,297.5,39.27
32,2025-08-19/20,WESTERN MEDIUM,Craighead,FBOP/FBOP1,2350,297.5,39.27
32,2025-08-19/20,WESTERN MEDIUM,Harangalla,FBOP/FBOP1,1900,297.5,39.27
32,2025-08-19/20,WESTERN MEDIUM,Dartry Valley,FBOP/FBOP1,1900,297.5,39.27
32,2025-08-19/20,WESTERN MEDIUM,Harangalla,FBOPF/FBOPF1,1650,297.5,39.27
32,2025-08-19/20,WESTERN MEDIUM,Ancoombra,FBOPF/FBOPF1,1650,297.5,39.27
32,2025-08-19/20,WESTERN MEDIUM,Dartry Valley,FBOPF/FBOPF1,1600,297.5,39.27
32,2025-08-19/20,WESTERN MEDIUM,Imboolpittia,FBOPF/FBOPF1,1460,297.5,39.27
32,2025-08-19/20,WESTERN MEDIUM,Hatale,OP/OPA,1420,297.5,39.27
32,2025-08-19/20,WESTERN MEDIUM,New Rothschild,OP1,1380,297.5,39.27
32,2025-08-19/20,WESTERN MEDIUM,Gatagahawela,PEK/PEK1,1950,297.5,39.27
32,2025-08-19/20,WESTERN MEDIUM,Harangalla,PEK/PEK1,1900,297.5,39.27
32,2025-08-19/20,WESTERN MEDIUM,Greenwood,PEK/PEK1,1900,297.5,39.27
32,2025-08-19/20,WESTERN MEDIUM,Meezan,PEK/PEK1,1900,297.5,39.27
32,2025-08-19/20,WESTERN MEDIUM,Uplands,PEK/PEK1,1900,297.5,39.27
32,2025-08-19/20,UVA MEDIUM,St James,BOP,2800,297.5,29.74
32,2025-08-19/20,UVA MEDIUM,Dickwella,BOP,1500,297.5,29.74
32,2025-08-19/20,UVA MEDIUM,Demodera 'S',BOPSp,1420,297.5,29.74
32,2025-08-19/20,UVA MEDIUM,St.James,BOPF/BOPFSp,2300,297.5,29.74
32,2025-08-19/20,UVA MEDIUM,El Teb,BOPF/BOPFSp,1340,297.5,29.74
32,2025-08-19/20,UVA MEDIUM,Demodera 'S',BOP1,1950,297.5,29.74
32,2025-08-19/20,UVA MEDIUM,Demodera 'S',FBOP/FBOP1,2100,297.5,29.74
32,2025-08-19/20,UVA MEDIUM,Aruna Passara,FBOPF/FBOPF1,1550,297.5,29.74
32,2025-08-19/20,UVA MEDIUM,Demodera 'S',FBOPF/FBOPF1,1500,297.5,29.74
32,2025-08-19/20,UVA MEDIUM,Aruna Passara,OP/OPA,1300,297.5,29.74
32,2025-08-19/20,UVA MEDIUM,Gonakelle,OP1,1260,297.5,29.74
32,2025-08-19/20,UVA MEDIUM,St. James,PEK/PEK1,3000,297.5,29.74
32,2025-08-19/20,UVA MEDIUM,Haputale Super,PEK/PEK1,1850,297.5,29.74
32,2025-08-19/20,UVA MEDIUM,Aruna Passara,PEK/PEK1,1850,297.5,29.74
32,2025-08-19/20,UVA MEDIUM,Ury,PEK/PEK1,1850,297.5,29.74
32,2025-08-19/20,UVA MEDIUM,Demodera 'S',PEK/PEK1,1850,297.5,29.74
32,2025-08-19/20,UVA MEDIUM,Aruna Keppetipola,PEK/PEK1,1850,297.5,29.74
32,2025-08-19/20,UVA MEDIUM,Halpewatta Uva,PEK/PEK1,1800,297.5,29.74
32,2025-08-19/20,UVA MEDIUM,Misty Uva,PEK/PEK1,1800,297.5,29.74
32,2025-08-19/20,UVA MEDIUM,Meddakanda,PEK/PEK1,1800,297.5,29.74
32,2025-08-19/20,UVA MEDIUM,Glen Alpin,PEK/PEK1,1800,297.5,29.74
32,2025-08-19/20,UVA MEDIUM,Telbedde,PEK/PEK1,1800,297.5,29.74
32,2025-08-19/20,WESTERN HIGH,Wattegodde,BOP,1320,297.5,34.34
32,2025-08-19/20,WESTERN HIGH,Kotiyagalla,BOPSp,1360,297.5,34.34
32,2025-08-19/20,WESTERN HIGH,Alton,BOPF/BOPFSp,1480,297.5,34.34
32,2025-08-19/20,WESTERN HIGH,Great Western,BOPF/BOPFSp,1480,297.5,34.34
32,2025-08-19/20,WESTERN HIGH,Somerset,BOPF/BOPFSp,1460,297.5,34.34
32,2025-08-19/20,WESTERN HIGH,Gouravilla,BOPF/BOPFSp,1460,297.5,34.34
32,2025-08-19/20,WESTERN HIGH,Wattegodde,BOPF/BOPFSp,1460,297.5,34.34
32,2025-08-19/20,WESTERN HIGH,Bambrakelly,BOP1,1600,297.5,34.34
32,2025-08-19/20,WESTERN HIGH,Glenloch,BOP1,1550,297.5,34.34
32,2025-08-19/20,WESTERN HIGH,Bambrakelly,FBOP/FBOP1,1850,297.5,34.34
32,2025-08-19/20,WESTERN HIGH,Glenloch,FBOPF/FBOPF1,1480,297.5,34.34
32,2025-08-19/20,WESTERN HIGH,Bambrakelly,OP/OPA,1260,297.5,34.34
32,2025-08-19/20,WESTERN HIGH,Glenloch,OP/OPA,1140,297.5,34.34
32,2025-08-19/20,WESTERN HIGH,Torrington,OP/OPA,1120,297.5,34.34
32,2025-08-19/20,WESTERN HIGH,Venture,OP/OPA,1120,297.5,34.34
32,2025-08-19/20,WESTERN HIGH,Frotoft Super,OP1,1120,297.5,34.34
32,2025-08-19/20,WESTERN HIGH,Frotoft Super,PEK/PEK1,1850,297.5,34.34
32,2025-08-19/20,WESTERN HIGH,Torrington,PEK/PEK1,1750,297.5,34.34
32,2025-08-19/20,WESTERN HIGH,Cymru,PEK/PEK1,1750,297.5,34.34
32,2025-08-19/20,WESTERN HIGH,Bambrakelly,PEK/PEK1,1750,297.5,34.34
32,2025-08-19/20,UVA HIGH,Uva Highlands,BOP,3400,297.5,16.5
32,2025-08-19/20,UVA HIGH,Ranaya,BOPSp,1240,297.5,16.5
32,2025-08-19/20,UVA HIGH,Aislaby,BOPF/BOPFSp,2700,297.5,16.5
32,2025-08-19/20,UVA HIGH,Uva Highlands,BOPF/BOPFSp,2300,297.5,16.5
32,2025-08-19/20,UVA HIGH,Ranaya,BOP1,1480,297.5,16.5
32,2025-08-19/20,UVA HIGH,Gonamotawa,FBOP/FBOP1,1700,297.5,16.5
32,2025-08-19/20,UVA HIGH,Gonamotawa,FBOPF/FBOPF1,1460,297.5,16.5
32,2025-08-19/20,UVA HIGH,Ranaya,OP/OPA,1240,297.5,16.5
32,2025-08-19/20,UVA HIGH,Mount Uva,OP1,1300,297.5,16.5
32,2025-08-19/20,UVA HIGH,Uva Highlands,PEK/PEK1,3600,297.5,16.5
32,2025-08-19/20,NUWARA ELIYAS,Kenmare,BOPF/BOPFSp,800,297.5,40.36
32,2025-08-19/20,NUWARA ELIYAS,Kenmare,OP/OPA,960,297.5,40.36
32,2025-08-19/20,NUWARA ELIYAS,Court Lodge,OP/OPA,940,297.5,40.36
32,2025-08-19/20,NUWARA ELIYAS,Kenmare,PEK/PEK1,1140,297.5,40.36
32,2025-08-19/20,NUWARA ELIYAS,Court Lodge,PEK/PEK1,1120,297.5,40.36
32,2025-08-19/20,UDAPUSSELLAWAS,Luckyland,BOP,1080,297.5,32.64
32,2025-08-19/20,UDAPUSSELLAWAS,Mooloya,BOP,1080,297.5,32.64
32,2025-08-19/20,UDAPUSSELLAWAS,High Forest,BOP,960,297.5,32.64
32,2025-08-19/20,UDAPUSSELLAWAS,Kirklees,BOP,960,297.5,32.64
32,2025-08-19/20,UDAPUSSELLAWAS,Luckyland,BOPSp,960,297.5,32.64
32,2025-08-19/20,UDAPUSSELLAWAS,Blairlomond,BOPSp,840,297.5,32.64
32,2025-08-19/20,UDAPUSSELLAWAS,Mooloya,BOPF/BOPFSp,1220,297.5,32.64
32,2025-08-19/20,UDAPUSSELLAWAS,Delmar,FBOP/FBOP1,1440,297.5,32.64
32,2025-08-19/20,UDAPUSSELLAWAS,Maha Uva,FBOP/FBOP1,1400,297.5,32.64
32,2025-08-19/20,UDAPUSSELLAWAS,Maha Uva,FBOPF/FBOPF1,1750,297.5,32.64
32,2025-08-19/20,UDAPUSSELLAWAS,Delmar,FBOPF/FBOPF1,1400,297.5,32.64
32,2025-08-19/20,UDAPUSSELLAWAS,Gonapitiya,FBOPF/FBOPF1,1400,297.5,32.64
32,2025-07-19/20,UDAPUSSELLAWAS,Blairlomond,FBOPF/FBOPF1,1360,297.5,32.64
32,2025-08-19/20,UDAPUSSELLAWAS,Maha Uva,OP/OPA,1080,297.5,32.64
32,2025-08-19/20,UDAPUSSELLAWAS,Gonapitiya,OP1,1200,297.5,32.64
32,2025-08-19/20,UDAPUSSELLAWAS,Blairlomond,PEK/PEK1,1850,297.5,32.64
32,2025-08-19/20,UNORTHODOX HIGH,Ulugedara CTC,PF1,1180,297.5,36.53
32,2025-08-19/20,UNORTHODOX MEDIUM,Strathdon CTC,PEI,1220,297.5,36.53
32,2025-08-19/20,UNORTHODOX MEDIUM,New Rothschild CTC,BP1,900,297.5,36.53
32,2025-08-19/20,UNORTHODOX MEDIUM,Delta CTC,BP1,900,297.5,36.53
32,2025-08-19/20,UNORTHODOX LOW,Hingalgoda CTC,PF1,1460,297.5,36.53
32,2025-08-19/20,UNORTHODOX LOW,Ceciliyan CTC,BP1,1440,297.5,36.53
32,2025-08-19/20,PREMIUM FLOWERY,Andaradeniya Super,FBOPFSp,6000,297.5,36.53
32,2025-08-19/20,PREMIUM FLOWERY,New Falcon Lanka,FBOPFExSp,5400,297.5,36.53
32,2025-08-19/20,PREMIUM FLOWERY,Garden Leaf Super,FBOPFExSp1,5550,297.5,36.53
32,2025-08-19/20,DUSTS,Mattakelle,DUST1,1650,297.5,36.53
32,2025-08-19/20,DUSTS,Ceciliyan CTC,PD,1440,297.5,36.53
32,2025-08-19/20,OFF GRADES,Eildon Hall,FGS/FGS1,1220,297.5,36.53
32,2025-08-19/20,OFF GRADES,Wanarajah,FGS/FGS1,1200,297.5,36.53
32,2025-08-19/20,OFF GRADES,Kotiyagalla,FGS/FGS1,1200,297.5,36.53
32,2025-08-19/20,OFF GRADES,Mattakelle,FGS/FGS1,1200,297.5,36.53
32,2025-08-19/20,OFF GRADES,Glentilt,FGS/FGS1,1200,297.5,36.53
32,2025-08-19/20,OFF GRADES,Gouravilla.,FGS/FGS1,1180,297.5,36.53
32,2025-08-19/20,OFF GRADES,Wattegodde,FGS/FGS1,1180,297.5,36.53
32,2025-08-19/20,OFF GRADES,Nayabedde,FGS/FGS1,1180,297.5,36.53
32,2025-08-19/20,OFF GRADES,Hingalgoda CTC,PF,1240,297.5,36.53
32,2025-08-19/20,OFF GRADES,Uplands,BM,1240,297.5,36.53
32,2025-08-19/20,OFF GRADES,Gunawardana,BM,1200,297.5,36.53
32,2025-08-19/20,OFF GRADES,Kothmale Hills,BP,1340,297.5,36.53
32,2025-08-19/20,OFF GRADES,Mahagastotte,BP,1300,297.5,36.53
32,2025-08-19/20,OFF GRADES,Aldora,BOPIA,1500,297.5,36.53
32,2025-08-19/20,OFF GRADES,Chandrika Estate,BOPIA,1500,297.5,36.53
32,2025-08-19/20,LOW GROWNS,Nawagamuwehena,BOP,2700,297.5,53.92
32,2025-08-19/20,LOW GROWNS,Elaine Super,BOP,2700,297.5,53.92
32,2025-08-19/20,LOW GROWNS,Andaradeniya Super,BOP,2650,297.5,53.92
32,2025-08-19/20,LOW GROWNS,Hidellana,BOP,2350,297.5,53.92
32,2025-08-19/20,LOW GROWNS,Stream Line,BOPSp,2600,297.5,53.92
32,2025-08-19/20,LOW GROWNS,Uruwala,BOPSp,2050,297.5,53.92
32,2025-08-19/20,LOW GROWNS,Greenwin Super,BOPSp,2050,297.5,53.92
32,2025-08-19/20,LOW GROWNS,Rain Forest,BOPSp,2050,297.5,53.92
32,2025-08-19/20,LOW GROWNS,Kings Bru,BOPF,1850,297.5,53.92
32,2025-08-19/20,LOW GROWNS,Greenwin Super,BOPFSp,2200,297.5,53.92
32,2025-08-19/20,LOW GROWNS,Sithaka,FBOP,2550,297.5,53.92
32,2025-08-19/20,LOW GROWNS,Sithaka,FBOP1,2000,297.5,53.92
32,2025-08-19/20,LOW GROWNS,Kiruwanaganga,FBOP1,1900,297.5,53.92
32,2025-08-19/20,LOW GROWNS,New Laksakanda,FBOPF,1900,297.5,53.92
32,2025-08-19/20,LOW GROWNS,Woodland Grand,FBOPF1,1850,297.5,53.92
32,2025-08-19/20,LOW GROWNS,Pothotuwa,FBOPF1,1750,297.5,53.92
32,2025-08-19/20,LOW GROWNS,Gunawardana,FBOPF1,1750,297.5,53.92
32,2025-08-19/20,LOW GROWNS,Adams View,FBOPF1,1750,297.5,53.92
32,2025-08-19/20,LOW GROWNS,Lumbini,FBOPF1,1750,297.5,53.92
32,2025-08-19/20,LOW GROWNS,Pothotuwa,BOP1,2900,297.5,53.92
32,2025-08-19/20,LOW GROWNS,Susantha,OP1,3200,297.5,53.92
32,2025-08-19/20,LOW GROWNS,Pothotuwa,OP1,2600,297.5,53.92
32,2025-08-19/20,LOW GROWNS,Kolonna Super,OP1,2400,297.5,53.92
32,2025-08-19/20,LOW GROWNS,Kiruwanaganga,OP1,2400,297.5,53.92
32,2025-08-19/20,LOW GROWNS,Galatara,OP1,2400,297.5,53.92
32,2025-08-19/20,LOW GROWNS,Berubeula,OP,1550,297.5,53.92
32,2025-08-19/20,LOW GROWNS,Nilrich,OP,1550,297.5,53.92
32,2025-08-19/20,LOW GROWNS,Mulatiyana Hills,OP,1550,297.5,53.92
32,2025-08-19/20,LOW GROWNS,Rotumba,OP,1550,297.5,53.92
32,2025-08-19/20,LOW GROWNS,Green Lanka,OP,1550,297.5,53.92
32,2025-08-19/20,LOW GROWNS,Fortune,OP,1500,297.5,53.92
32,2025-08-19/20,LOW GROWNS,Liyonta,OPA,1950,297.5,53.92
32,2025-08-19/20,LOW GROWNS,Miriswatta,OPA,1950,297.5,53.92
32,2025-08-19/20,LOW GROWNS,Liyonta,PEK,2600,297.5,53.92
32,2025-08-19/20,LOW GROWNS,Liyonta,PEK1,2850,297.5,53.92
33,2025-08-26/27,WESTERN MEDIUM,Ancoombra,BOP,1850,298.47,39.27
33,2025-08-26/27,WESTERN MEDIUM,Uplands,BOP,1850,298.47,39.27
33,2025-08-26/27,WESTERN MEDIUM,Dartry Valley,BOP,1750,298.47,39.27
33,2025-08-26/27,WESTERN MEDIUM,Harangalla,BOP,1750,298.47,39.27
33,2025-08-26/27,WESTERN MEDIUM,Craighead,BOP,1550,298.47,39.27
33,2025-08-26/27,WESTERN MEDIUM,Ancoombra,BOPSp,1440,298.47,39.27
33,2025-08-26/27,WESTERN MEDIUM,Uplands,BOPF/BOPFSp,1420,298.47,39.27
33,2025-08-26/27,WESTERN MEDIUM,Harangalla,BOP1,1850,298.47,39.27
33,2025-08-26/27,WESTERN MEDIUM,Dartry Valley,FBOP/FBOP1,2000,298.47,39.27
33,2025-08-26/27,WESTERN MEDIUM,Craighead,FBOPF/FBOPF1,1600,298.47,39.27
33,2025-08-26/27,WESTERN MEDIUM,Dartry Valley,FBOPF/FBOPF1,1600,298.47,39.27
33,2025-08-26/27,WESTERN MEDIUM,Doombagastalawa,FBOPF/FBOPF1,1500,298.47,39.27
33,2025-08-26/27,WESTERN MEDIUM,Hatale,OP/OPA,1380,298.47,39.27
33,2025-08-26/27,WESTERN MEDIUM,Craighead,OP1,1750,298.47,39.27
33,2025-08-26/27,WESTERN MEDIUM,Inguruwatte Super,PEK/PEK1,2200,298.47,39.27
33,2025-08-26/27,WESTERN MEDIUM,Imboolpittiya,PEK/PEK1,1950,298.47,39.27
33,2025-08-26/27,WESTERN MEDIUM,Dartry Valley,PEK/PEK1,1950,298.47,39.27
33,2025-08-26/27,WESTERN MEDIUM,Harangalla,PEK/PEK1,1950,298.47,39.27
33,2025-08-26/27,WESTERN MEDIUM,Meezan,PEK/PEK1,1950,298.47,39.27
33,2025-08-26/27,WESTERN MEDIUM,Craighead,PEK/PEK1,1900,298.47,39.27
33,2025-08-26/27,WESTERN MEDIUM,Cooroondoowatte,PEK/PEK1,1900,298.47,39.27
33,2025-08-26/27,WESTERN MEDIUM,Uplands,PEK/PEK1,1900,298.47,39.27
33,2025-08-26/27,WESTERN MEDIUM,Pupuressa,PEK/PEK1,1900,298.47,39.27
33,2025-08-26/27,WESTERN MEDIUM,Hansagiri Kothmale,PEK/PEK1,1900,298.47,39.27
33,2025-08-26/27,WESTERN MEDIUM,New Fernland,PEK/PEK1,1900,298.47,39.27
33,2025-08-26/27,WESTERN MEDIUM,Shemrock,PEK/PEK1,1900,298.47,39.27
33,2025-08-26/27,WESTERN MEDIUM,New Rothschild,PEK/PEK1,1900,298.47,39.27
33,2025-08-26/27,UVA MEDIUM,St. James,BOP,2950,298.47,29.74
33,2025-08-26/27,UVA MEDIUM,Misty-Uva,BOP,1400,298.47,29.74
33,2025-08-26/27,UVA MEDIUM,Hindagala,BOPSp,1440,298.47,29.74
33,2025-08-26/27,UVA MEDIUM,El Teb,BOPF/BOPFSp,1220,298.47,29.74
33,2025-08-26/27,UVA MEDIUM,Demodera 'S',BOP1,2250,298.47,29.74
33,2025-08-26/27,UVA MEDIUM,Roseland Uva,FBOP/FBOP1,1650,298.47,29.74
33,2025-08-26/27,UVA MEDIUM,Aruna Passara,FBOPF/FBOPF1,1380,298.47,29.74
33,2025-08-26/27,UVA MEDIUM,Roseland Uva,FBOPF/FBOPF1,1380,298.47,29.74
33,2025-08-26/27,UVA MEDIUM,Telbedde,OP/OPA,1320,298.47,29.74
33,2025-08-26/27,UVA MEDIUM,Glen Alpin,OP1,1500,298.47,29.74
33,2025-08-26/27,UVA MEDIUM,Telbedde,OP1,1420,298.47,29.74
33,2025-08-26/27,UVA MEDIUM,Misty-Uva,OP1,1380,298.47,29.74
33,2025-08-26/27,UVA MEDIUM,Roseland Uva,OP1,1380,298.47,29.74
33,2025-08-26/27,UVA MEDIUM,St. James,PEK/PEK1,3350,298.47,29.74
33,2025-08-26/27,UVA MEDIUM,Misty-Uva,PEK/PEK1,1950,298.47,29.74
33,2025-08-26/27,UVA MEDIUM,Haputale Super,PEK/PEK1,1850,298.47,29.74
33,2025-08-26/27,WESTERN HIGH,Holyrood,BOP,1380,298.47,34.34
33,2025-08-26/27,WESTERN HIGH,Norwood,BOPSp,1360,298.47,34.34
33,2025-08-26/27,WESTERN HIGH,Wanarajah,BOPSp,1340,298.47,34.34
33,2025-08-26/27,WESTERN HIGH,Alton,BOPF/BOPFSp,1550,298.47,34.34
33,2025-08-26/27,WESTERN HIGH,Robgill,BOPF/BOPFSp,1550,298.47,34.34
33,2025-08-26/27,WESTERN HIGH,Gouravilla,BOPF/BOPFSp,1500,298.47,34.34
33,2025-08-26/27,WESTERN HIGH,Great Western,BOPF/BOPFSp,1500,298.47,34.34
33,2025-08-26/27,WESTERN HIGH,Torrington,BOP1,1950,298.47,34.34
33,2025-08-26/27,WESTERN HIGH,Inverness,BOP1,1950,298.47,34.34
33,2025-08-26/27,WESTERN HIGH,Inverness,FBOP/FBOP1,1600,298.47,34.34
33,2025-08-26/27,WESTERN HIGH,Torrington,FBOPF/FBOPF1,1440,298.47,34.34
33,2025-08-26/27,WESTERN HIGH,Frotoft Super,FBOPF/FBOPF1,1440,298.47,34.34
33,2025-08-26/27,WESTERN HIGH,Bogahawatte,FBOPF/FBOPF1,1440,298.47,34.34
33,2025-08-26/27,WESTERN HIGH,Fairlawn,OP/OPA,1220,298.47,34.34
33,2025-08-26/27,WESTERN HIGH,Torrington,OP/OPA,1140,298.47,34.34
33,2025-08-26/27,WESTERN HIGH,Bambrakelly,OP/OPA,1140,298.47,34.34
33,2025-08-26/27,WESTERN HIGH,Cymru,OP/OPA,1140,298.47,34.34
33,2025-08-26/27,WESTERN HIGH,Kirkoswald,OP1,1180,298.47,34.34
33,2025-08-26/27,WESTERN HIGH,Torrington,OP1,1140,298.47,34.34
33,2025-08-26/27,WESTERN HIGH,Frotoft Super,PEK/PEK1,1850,298.47,34.34
33,2025-08-26/27,UVA HIGH,Ellathota Uva,BOP,1440,298.47,16.5
33,2025-08-26/27,UVA HIGH,Nayabedde,BOP,1380,298.47,16.5
33,2025-08-26/27,UVA HIGH,Craig,BOPSp,1460,298.47,16.5
33,2025-08-26/27,UVA HIGH,Nayabedde,BOPF/BOPFSp,1300,298.47,16.5
33,2025-08-26/27,UVA HIGH,Ellathota Uva,FBOP/FBOP1,1650,298.47,16.5
33,2025-08-26/27,UVA HIGH,Aislaby,FBOPF/FBOPF1,1480,298.47,16.5
33,2025-08-26/27,UVA HIGH,Gonamotawa,FBOPF/FBOPF1,1460,298.47,16.5
33,2025-08-26/27,UVA HIGH,Mount Uva,FBOPF/FBOPF1,1440,298.47,16.5
33,2025-08-26/27,UVA HIGH,Spring Valley,FBOPF/FBOPF1,1440,298.47,16.5
33,2025-08-26/27,UVA HIGH,Craig,FBOPF/FBOPF1,1440,298.47,16.5
33,2025-08-26/27,UVA HIGH,Ellathota Uva,OP/OPA,1240,298.47,16.5
33,2025-08-26/27,UVA HIGH,Glenanore,OP1,1440,298.47,16.5
33,2025-08-26/27,UVA HIGH,Ellathota Uva,OP1,1420,298.47,16.5
33,2025-08-26/27,UVA HIGH,Aislaby,PEK/PEK1,3000,298.47,16.5
33,2025-08-26/27,UVA HIGH,Uva Highlands,PEK/PEK1,3000,298.47,16.5
33,2025-08-26/27,NUWARA ELIYAS,Court Lodge,BOP,800,298.47,40.36
33,2025-08-26/27,NUWARA ELIYAS,Kenmare,BOPSp,820,298.47,40.36
33,2025-08-26/27,NUWARA ELIYAS,Mahagastotte,BOPF/BOPFSp,1180,298.47,40.36
33,2025-08-26/27,NUWARA ELIYAS,Lovers Leap,BOPF/BOPFSp,1180,298.47,40.36
33,2025-08-26/27,NUWARA ELIYAS,Lovers Leap,FBOP/FBOP1,1550,298.47,40.36
33,2025-08-26/27,NUWARA ELIYAS,Court Lodge,OP/OPA,1000,298.47,40.36
33,2025-08-26/27,NUWARA ELIYAS,Kenmare,OP/OPA,1000,298.47,40.36
33,2025-08-26/27,NUWARA ELIYAS,Summerhill,OP/OPA,900,298.47,40.36
33,2025-08-26/27,NUWARA ELIYAS,Lovers Leap,PEK/PEK1,1420,298.47,40.36
33,2025-08-26/27,NUWARA ELIYAS,Kenmare,PEK/PEK1,1300,298.47,40.36
33,2025-08-26/27,NUWARA ELIYAS,Court Lodge,PEK/PEK1,1300,298.47,40.36
33,2025-07-26/27,UDAPUSSELLAWAS,High Forest,BOP,1020,298.47,32.64
33,2025-08-26/27,UDAPUSSELLAWAS,Kirklees,BOP,1020,298.47,32.64
33,2025-08-26/27,UDAPUSSELLAWAS,Mooloya,BOP,1020,298.47,32.64
33,2025-08-26/27,UDAPUSSELLAWAS,Ragalla,BOP,1000,298.47,32.64
33,2025-08-26/27,UDAPUSSELLAWAS,Luckyland,BOPSp,1020,298.47,32.64
33,2025-08-26/27,UDAPUSSELLAWAS,Kirklees,BOPF/BOPFSp,1180,298.47,32.64
33,2025-08-26/27,UDAPUSSELLAWAS,Luckyland,BOPF/BOPFSp,1160,298.47,32.64
33,2025-08-26/27,UDAPUSSELLAWAS,Mooloya,BOPF/BOPFSp,1160,298.47,32.64
33,2025-08-26/27,UDAPUSSELLAWAS,High Forest,BOPF/BOPFSp,1120,298.47,32.64
33,2025-08-26/27,UDAPUSSELLAWAS,Maha Uva,BOP1,1200,298.47,32.64
33,2025-08-26/27,UDAPUSSELLAWAS,Maha Uva,FBOP/FBOP1,1380,298.47,32.64
33,2025-08-26/27,UDAPUSSELLAWAS,Blairlomond,FBOP/FBOP1,1380,298.47,32.64
33,2025-08-26/27,UDAPUSSELLAWAS,Delmar,FBOPF/FBOPF1,1440,298.47,32.64
33,2025-08-26/27,UDAPUSSELLAWAS,Maha Uva,OP/OPA,1220,298.47,32.64
33,2025-08-26/27,UDAPUSSELLAWAS,High Forest,OP1,1080,298.47,32.64
33,2025-08-26/27,UDAPUSSELLAWAS,Delmar,OP1,1040,298.47,32.64
33,2025-08-26/27,UDAPUSSELLAWAS,Maha Uva,PEK/PEK1,1850,298.47,32.64
33,2025-08-26/27,UDAPUSSELLAWAS,Delmar,PEK/PEK1,1800,298.47,32.64
33,2025-08-26/27,UNORTHODOX HIGH,Dunsinane CTC,PF1,1180,298.47,36.53
33,2025-08-26/27,UNORTHODOX HIGH,Mount Vernon CTC,PF1,1180,298.47,36.53
33,2025-08-26/27,UNORTHODOX MEDIUM,Rothschild CTC,PF1,1200,298.47,36.53
33,2025-08-26/27,UNORTHODOX MEDIUM,Aultmore CTC,BP1,1080,298.47,36.53
33,2025-08-26/27,UNORTHODOX MEDIUM,Aultmore CTC,BPS,860,298.47,36.53
33,2025-08-26/27,UNORTHODOX LOW,Hingalgoda CTC,PF1,1480,298.47,36.53
33,2025-08-26/27,UNORTHODOX LOW,Ceciliyan CTC,BP1,1420,298.47,36.53
33,2025-08-26/27,PREMIUM FLOWERY,New Batuwangala,FBOPFSp,6000,298.47,36.53
33,2025-08-26/27,PREMIUM FLOWERY,Sithaka,FBOPFExSp,5250,298.47,36.53
33,2025-08-26/27,PREMIUM FLOWERY,Brombil,FBOPFExSp,5000,298.47,36.53
33,2025-08-26/27,PREMIUM FLOWERY,Fortune,FBOPFExSp,4950,298.47,36.53
33,2025-08-26/27,PREMIUM FLOWERY,Magedara.,FBOPFExSp,4950,298.47,36.53
33,2025-08-26/27,PREMIUM FLOWERY,Brombil,FBOPFExSp1,5800,298.47,36.53
33,2025-08-26/27,PREMIUM FLOWERY,Garden Leaf Super,FBOPFExSp1,5450,298.47,36.53
33,2025-08-26/27,DUSTS,Mattakelle,DUST1,1700,298.47,36.53
33,2025-08-26/27,DUSTS,Ceciliyan CTC,PD,1440,298.47,36.53
33,2025-08-26/27,OFF GRADES,Lellopitiya Super,FGS/FGS1,1280,298.47,36.53
33,2025-08-26/27,OFF GRADES,Mattakelle,FGS/FGS1,1280,298.47,36.53
33,2025-08-26/27,OFF GRADES,Wanarajah,FGS/FGS1,1200,298.47,36.53
33,2025-08-26/27,OFF GRADES,Kotiyagalla,FGS/FGS1,1200,298.47,36.53
33,2025-08-26/27,OFF GRADES,Glentilt,FGS/FGS1,1200,298.47,36.53
33,2025-08-26/27,OFF GRADES,Gouravilla.,FGS/FGS1,1180,298.47,36.53
33,2025-08-26/27,OFF GRADES,Wattegodde,FGS/FGS1,1180,298.47,36.53
33,2025-08-26/27,OFF GRADES,Nayabedde,FGS/FGS1,1180,298.47,36.53
33,2025-08-26/27,OFF GRADES,Liyonta CTC,PF,1140,298.47,36.53
33,2025-08-26/27,OFF GRADES,Ceciliyan CTC,PF,1100,298.47,36.53
33,2025-08-26/27,OFF GRADES,Wilehena,BM,1340,298.47,36.53
33,2025-08-26/27,OFF GRADES,Gunawardana,BM,1280,298.47,36.53
33,2025-08-26/27,OFF GRADES,Adams View,BM,1240,298.47,36.53
33,2025-08-26/27,OFF GRADES,Kothmale Hills,BP,1280,298.47,36.53
33,2025-08-26/27,OFF GRADES,Chandrika Estate,BOPIA,1650,298.47,36.53
33,2025-08-26/27,LOW GROWNS,Mahaliyadda,BOP,2400,298.47,53.92
33,2025-08-26/27,LOW GROWNS,Lellopitiya Super,BOPSp,2000,298.47,53.92
33,2025-08-26/27,LOW GROWNS,Kings Bru,BOPF,1650,298.47,53.92
33,2025-08-26/27,LOW GROWNS,Sithaka,BOPF,1650,298.47,53.92
33,2025-08-26/27,LOW GROWNS,Hidellana,BOPF,1550,298.47,53.92
33,2025-08-26/27,LOW GROWNS,Rajjuruwatta Super,BOPFSp,2050,298.47,53.92
33,2025-08-26/27,LOW GROWNS,Sithaka,FBOP,2450,298.47,53.92
33,2025-08-26/27,LOW GROWNS,Galatara,FBOP,2450,298.47,53.92
33,2025-08-26/27,LOW GROWNS,Pothotuwa,FBOP,2300,298.47,53.92
33,2025-08-26/27,LOW GROWNS,Sithaka,FBOP1,2000,298.47,53.92
33,2025-08-26/27,LOW GROWNS,Ganganee,FBOPF,1950,298.47,53.92
33,2025-08-26/27,LOW GROWNS,Lumbini,FBOPF1,1800,298.47,53.92
33,2025-08-26/27,LOW GROWNS,Gunawardana,FBOPF1,1750,298.47,53.92
33,2025-08-26/27,LOW GROWNS,Pothotuwa,FBOPF1,1700,298.47,53.92
33,2025-08-26/27,LOW GROWNS,Kelani,FBOPF1,1700,298.47,53.92
33,2025-08-26/27,LOW GROWNS,Adams View,FBOPF1,1700,298.47,53.92
33,2025-08-26/27,LOW GROWNS,New J.S.P,FBOPF1,1700,298.47,53.92
33,2025-08-26/27,LOW GROWNS,Nilrich,FBOPF1,1700,298.47,53.92
33,2025-08-26/27,LOW GROWNS,Lickra,FBOPF1,1700,298.47,53.92
33,2025-08-26/27,LOW GROWNS,Makandura,FBOPF1,1700,298.47,53.92
33,2025-08-26/27,LOW GROWNS,Stream Line,FBOPF1,1700,298.47,53.92
33,2025-08-26/27,LOW GROWNS,Kolonna Super,BOP1,2900,298.47,53.92
33,2025-08-26/27,LOW GROWNS,Pothotuwa,BOP1,2850,298.47,53.92
33,2025-08-26/27,LOW GROWNS,Gunawardana,OP1,3150,298.47,53.92
33,2025-08-26/27,LOW GROWNS,Pothotuwa,OP1,2850,298.47,53.92
33,2025-08-26/27,LOW GROWNS,Miriswatta,OP,1550,298.47,53.92
33,2025-08-26/27,LOW GROWNS,Kumudu,OP,1550,298.47,53.92
33,2025-08-26/27,LOW GROWNS,Liyonta,OPA,2000,298.47,53.92
33,2025-08-26/27,LOW GROWNS,Adams View,PEK,3000,298.47,53.92
33,2025-08-26/27,LOW GROWNS,Dampahala,PEK1,2950,298.47,53.92
34,2025-09-01/02,WESTERN MEDIUM,Harangalla,BOP,1900,298.3,39.27
34,2025-09-01/02,WESTERN MEDIUM,Ancoombra,BOPSp,1460,298.3,39.27
34,2025-09-01/02,WESTERN MEDIUM,Vellai Oya,BOPF/BOPFSp,1260,298.3,39.27
34,2025-09-01/02,WESTERN MEDIUM,Harangalla,BOP1,1950,298.3,39.27
34,2025-09-01/02,WESTERN MEDIUM,Dartry Valley,BOP1,1850,298.3,39.27
34,2025-09-01/02,WESTERN MEDIUM,New Rothschild,BOP1,1850,298.3,39.27
34,2025-09-01/02,WESTERN MEDIUM,Orange Field,BOP1,1850,298.3,39.27
34,2025-09-01/02,WESTERN MEDIUM,Dartry Valley,FBOP/FBOP1,2100,298.3,39.27
34,2025-09-01/02,WESTERN MEDIUM,Dartry Valley,FBOPF/FBOPF1,1600,298.3,39.27
34,2025-09-01/02,WESTERN MEDIUM,Craighead,FBOPF/FBOPF1,1550,298.3,39.27
34,2025-09-01/02,WESTERN MEDIUM,Doombagastalawa,FBOPF/FBOPF1,1550,298.3,39.27
34,2025-09-01/02,WESTERN MEDIUM,Harangalla,FBOPF/FBOPF1,1550,298.3,39.27
34,2025-09-01/02,WESTERN MEDIUM,Dartry Valley,OP/OPA,1300,298.3,39.27
34,2025-09-01/02,WESTERN MEDIUM,New Rothschild,OP/OPA,1300,298.3,39.27
34,2025-09-01/02,WESTERN MEDIUM,Craighead,OP1,2000,298.3,39.27
34,2025-09-01/02,WESTERN MEDIUM,Harangalla,PEK/PEK1,1950,298.3,39.27
34,2025-09-01/02,WESTERN MEDIUM,Harangalla,PEK/PEK1,1950,298.3,39.27
34,2025-09-01/02,WESTERN MEDIUM,Ingurugala,PEK/PEK1,1950,298.3,39.27
34,2025-09-01/02,WESTERN MEDIUM,Uplands,PEK/PEK1,1950,298.3,39.27
34,2025-09-01/02,UVA MEDIUM,Demodera 'S',BOP,1480,298.3,29.74
34,2025-09-01/02,UVA MEDIUM,Halpewatta Uva,BOPSp,1600,298.3,29.74
34,2025-09-01/02,UVA MEDIUM,Dickwella,BOPF/BOPFSp,1460,298.3,29.74
34,2025-09-01/02,UVA MEDIUM,Dickwella,BOP1,1950,298.3,29.74
34,2025-09-01/02,UVA MEDIUM,Shawlands,BOP1,1550,298.3,29.74
34,2025-09-01/02,UVA MEDIUM,Aruna Passara,BOP1,1550,298.3,29.74
34,2025-09-01/02,UVA MEDIUM,Halpewatta Uva,BOP1,1300,298.3,29.74
34,2025-09-01/02,UVA MEDIUM,Pinnawela,BOP1,1300,298.3,29.74
34,2025-09-01/02,UVA MEDIUM,Ury,FBOP/FBOP,1800,298.3,29.74
34,2025-09-01/02,UVA MEDIUM,Misty-Uva,FBOP/FBOP1,1700,298.3,29.74
34,2025-09-01/02,UVA MEDIUM,Midfield,FBOP/FBOP1,1700,298.3,29.74
34,2025-09-01/02,UVA MEDIUM,Demodera 'S',FBOP/FBOP1,1650,298.3,29.74
34,2025-09-01/02,UVA MEDIUM,Roseland Uva,FBOP/FBOP1,1650,298.3,29.74
34,2025-09-01/02,UVA MEDIUM,Aruna Passara,FBOP/FBOP1,1650,298.3,29.74
34,2025-09-01/02,UVA MEDIUM,Cecilton,FBOPF/FBOPF1,1500,298.3,29.74
34,2025-09-01/02,UVA MEDIUM,Haputale Super,OP/OPA,1260,298.3,29.74
34,2025-09-01/02,UVA MEDIUM,Hatale,OP/OPA,1260,298.3,29.74
34,2025-09-01/02,UVA MEDIUM,Telbedde,OP/OPA,1260,298.3,29.74
34,2025-09-01/02,UVA MEDIUM,Aruna Passara,OP/OPA,1260,298.3,29.74
34,2025-09-01/02,UVA MEDIUM,High Spring,OP/OPA,1260,298.3,29.74
34,2025-09-01/02,UVA MEDIUM,Dickwella,OP1,1600,298.3,29.74
34,2025-09-01/02,UVA MEDIUM,Demodera 'S',OP1,1600,298.3,29.74
34,2025-09-01/02,UVA MEDIUM,Uva Samovar,OP1,1420,298.3,29.74
34,2025-09-01/02,UVA MEDIUM,New Rothschild,OP1,1400,298.3,29.74
34,2025-09-01/02,UVA MEDIUM,Dessford,PEK/PEK1,1950,298.3,29.74
34,2025-09-01/02,UVA MEDIUM,Aruna Passara,PEK/PEK1,1900,298.3,29.74
34,2025-09-01/02,UVA MEDIUM,Dickwella,PEK/PEK1,1900,298.3,29.74
34,2025-09-01/02,UVA MEDIUM,Misty-Uva,PEK/PEK1,1900,298.3,29.74
34,2025-09-01/02,UVA MEDIUM,Kurugama,PEK/PEK1,1900,298.3,29.74
34,2025-09-01/02,UVA MEDIUM,Orange Field,PEK/PEK1,1850,298.3,29.74
34,2025-09-01/02,UVA MEDIUM,Greenwood,PEK/PEK1,1850,298.3,29.74
34,2025-09-01/02,UVA MEDIUM,Inguruwatte Super,PEK/PEK1,1850,298.3,29.74
34,2025-09-01/02,WESTERN HIGH,Norwood,BOP,1440,298.3,34.34
34,2025-09-01/02,WESTERN HIGH,Ranaya,BOPSp,1440,298.3,34.34
34,2025-09-01/02,WESTERN HIGH,Kelliebedde,BOPF/BOPFSp,1950,298.3,34.34
34,2025-09-01/02,WESTERN HIGH,Pitaratmalie,BOPF/BOPFSp,1950,298.3,34.34
34,2025-09-01/02,WESTERN HIGH,Mahadowa,BOP1,1850,298.3,34.34
34,2025-09-01/02,WESTERN HIGH,Uva Highlands,FBOP/FBOP1,1850,298.3,34.34
34,2025-09-01/02,WESTERN HIGH,Aislaby,FBOP/FBOP1,1750,298.3,34.34
34,2025-09-01/02,WESTERN HIGH,Gonamotawa,FBOP/FBOP1,1650,298.3,34.34
34,2025-09-01/02,WESTERN HIGH,Ellathota Uva,FBOP/FBOP1,1650,298.3,34.34
34,2025-09-01/02,WESTERN HIGH,Aislaby,FBOPF/FBOPF1,1500,298.3,34.34
34,2025-09-01/02,WESTERN HIGH,Balagalaella,FBOPF/FBOPF1,1460,298.3,34.34
34,2025-09-01/02,WESTERN HIGH,Ranaya,OP/OPA,1280,298.3,34.34
34,2025-09-01/02,WESTERN HIGH,Uva Highlands,OP/OPA,1260,298.3,34.34
34,2025-09-01/02,WESTERN HIGH,Ampittiakande,OP/OPA,1260,298.3,34.34
34,2025-09-01/02,WESTERN HIGH,Ellathota Uva,OP/OPA,1240,298.3,34.34
34,2025-09-01/02,WESTERN HIGH,Craig,OP/OPA,1240,298.3,34.34
34,2025-09-01/02,WESTERN HIGH,Gonamotawa,OP1,1500,298.3,34.34
34,2025-09-01/02,WESTERN HIGH,Aislaby,OP1,1500,298.3,34.34
34,2025-09-01/02,WESTERN HIGH,Glenanore,PEK/PEK1,1800,298.3,34.34
34,2025-09-01/02,WESTERN HIGH,Blairlomond,PEK/PEK1,1800,298.3,34.34
34,2025-09-01/02,WESTERN HIGH,Maha Uva,PEK/PEK1,1750,298.3,34.34
34,2025-09-01/02,UVA HIGH,Nayabedde,BOP,1340,298.3,16.5
34,2025-09-01/02,UVA HIGH,Ranaya,BOPSp,1440,298.3,16.5
34,2025-09-01/02,UVA HIGH,Kelliebedde,BOPF/BOPFSp,1950,298.3,16.5
34,2025-09-01/02,UVA HIGH,Pitaratmalie,BOPF/BOPFSp,1950,298.3,16.5
34,2025-09-01/02,UVA HIGH,Ranaya,PEK/PEK1,1850,298.3,16.5
34,2025-09-01/02,UVA HIGH,Needwood Super,PEK/PEK1,1850,298.3,16.5
34,2025-09-01/02,UVA HIGH,Ranaya,PEK/PEK1,1850,298.3,16.5
34,2025-09-01/02,UVA HIGH,Craig,PEK/PEK1,1850,298.3,16.5
34,2025-09-01/02,NUWARA ELIYAS,Kenmare,BOP,840,298.3,40.36
34,2025-09-01/02,NUWARA ELIYAS,Kenmare,FBOP/FBOP1,1320,298.3,40.36
34,2025-09-01/02,NUWARA ELIYAS,Court Lodge,FBOP/FBOP1,1260,298.3,40.36
34,2025-09-01/02,NUWARA ELIYAS,Court Lodge,OP/OPA,1000,298.3,40.36
34,2025-09-01/02,NUWARA ELIYAS,Kenmare,OP/OPA,1000,298.3,40.36
34,2025-09-01/02,NUWARA ELIYAS,Court Lodge,PEK/PEK1,1320,298.3,40.36
34,2025-09-01/02,NUWARA ELIYAS,Mahagastotte,PEK/PEK1,1320,298.3,40.36
34,2025-09-01/02,UDAPUSSELLAWAS,Maha Uva,BOP,1320,298.3,32.64
34,2025-09-01/02,UDAPUSSELLAWAS,High Forest,BOP,1320,298.3,32.64
34,2025-09-01/02,UDAPUSSELLAWAS,Mooloya,BOPSp,960,298.3,32.64
34,2025-09-01/02,UDAPUSSELLAWAS,Luckyland,BOPF/BOPFSp,1220,298.3,32.64
34,2025-09-01/02,UDAPUSSELLAWAS,Kirklees,BOPF/BOPFSp,1220,298.3,32.64
34,2025-09-01/02,UDAPUSSELLAWAS,Maha Uva,FBOP/FBOP1,1380,298.3,32.64
34,2025-09-01/02,UDAPUSSELLAWAS,Delmar,FBOP/FBOP1,1340,298.3,32.64
34,2025-09-01/02,UDAPUSSELLAWAS,Delmar,FBOPF/FBOPF1,1400,298.3,32.64
34,2025-09-01/02,UDAPUSSELLAWAS,Gonapitiya,FBOPF/FBOPF1,1400,298.3,32.64
34,2025-09-01/02,UDAPUSSELLAWAS,Gampaha,OP/OPA,1240,298.3,32.64
34,2025-09-01/02,UDAPUSSELLAWAS,Maha Uva,OP/OPA,1220,298.3,32.64
34,2025-09-01/02,UDAPUSSELLAWAS,Delmar,OP1,1380,298.3,32.64
34,2025-09-01/02,UDAPUSSELLAWAS,Gonapitiya,PEK/PEK1,1850,298.3,32.64
34,2025-09-01/02,UNORTHODOX HIGH,Dunsinane CTC,PF1,1180,298.3,36.53
34,2025-09-01/02,UNORTHODOX MEDIUM,Strathdon CTC,PF1,1180,298.3,36.53
34,2025-09-01/02,UNORTHODOX MEDIUM,Delta CTC,BP1,920,298.3,36.53
34,2025-09-01/02,UNORTHODOX MEDIUM,Park Side CTC,BPS,550,298.3,36.53
34,2025-09-01/02,UNORTHODOX LOW,Kalubowitiyana CTC,PF1,1460,298.3,36.53
34,2025-09-01/02,UNORTHODOX LOW,Hingalgoda CTC,PF1,1460,298.3,36.53
34,2025-09-01/02,UNORTHODOX LOW,Ceciliyan CTC,BP1,1420,298.3,36.53
34,2025-09-01/02,UNORTHODOX LOW,Ross Feld CTC,BPS,630,298.3,36.53
34,2025-09-01/02,PREMIUM FLOWERY,New Batuwangala,FBOPFExSp,6000,298.3,36.53
34,2025-09-01/02,PREMIUM FLOWERY,New Vithanakande,FBOPFExSp1,5850,298.3,36.53
34,2025-09-01/02,PREMIUM FLOWERY,Greenwin Super,FBOPFSp,4800,298.3,36.53
34,2025-09-01/02,PREMIUM FLOWERY,Rasa,FBOPFSp,4700,298.3,36.53
34,2025-09-01/02,PREMIUM FLOWERY,Fortune,FBOPFSp,4550,298.3,36.53
34,2025-09-01/02,DUSTS,Mattakelle,DUST1,1800,298.3,36.53
34,2025-09-01/02,DUSTS,Ceciliyan CTC,PD,1480,298.3,36.53
34,2025-09-01/02,OFF GRADES,Wattegodde,FGS/FGS1,1280,298.3,36.53
34,2025-09-01/02,OFF GRADES,Hingalgoda CTC,PF,1240,298.3,36.53
34,2025-09-01/02,OFF GRADES,Uplands,BM,1260,298.3,36.53
34,2025-09-01/02,OFF GRADES,Nandana,BP,1300,298.3,36.53
34,2025-09-01/02,OFF GRADES,Aldora,BOPIA,1550,298.3,36.53
34,2025-09-01/02,LOW GROWNS,New Rekadahena,BOP,2350,298.3,53.92
34,2025-09-01/02,LOW GROWNS,Mahaliyadda,BOP,2350,298.3,53.92
34,2025-09-01/02,LOW GROWNS,Andaradeniya Super,BOP,2150,298.3,53.92
34,2025-09-01/02,LOW GROWNS,New Spring View,BOPSp,2000,298.3,53.92
34,2025-09-01/02,LOW GROWNS,Kamarangapitiya,BOPSp,1950,298.3,53.92
34,2025-09-01/02,LOW GROWNS,Kings Bru,BOPF,1900,298.3,53.92
34,2025-09-01/02,LOW GROWNS,Uruwala,BOPF,1800,298.3,53.92
34,2025-09-01/02,LOW GROWNS,Ganganee,BOPFSp,1750,298.3,53.92
34,2025-09-01/02,LOW GROWNS,Sithaka,FBOP,2500,298.3,53.92
34,2025-09-01/02,LOW GROWNS,Kiruwanaganga,FBOP1,2350,298.3,53.92
34,2025-09-01/02,LOW GROWNS,Gunawardana,FBOP1,1900,298.3,53.92
34,2025-09-01/02,LOW GROWNS,Woodland Grand,FBOPF1,2000,298.3,53.92
34,2025-09-01/02,LOW GROWNS,Lumbini,FBOPF1,1750,298.3,53.92
34,2025-09-01/02,LOW GROWNS,Pothotuwa,BOP1,2950,298.3,53.92
34,2025-09-01/02,LOW GROWNS,Mulatiyana Hills,OP1,3100,298.3,53.92
34,2025-09-01/02,LOW GROWNS,Susantha,OP1,2700,298.3,53.92
34,2025-09-01/02,LOW GROWNS,Gunawardana,OP1,2600,298.3,53.92
34,2025-09-01/02,LOW GROWNS,Rotumba,OP,1550,298.3,53.92
34,2025-09-01/02,LOW GROWNS,Miriswatta,OPA,2000,298.3,53.92
34,2025-09-01/02,LOW GROWNS,Lumbini,PEK,2500,298.3,53.92
34,2025-09-01/02,LOW GROWNS,Liyonta,PEK1,2850,298.3,53.92
35,2025-09-09/10,WESTERN MEDIUM,Ancoombra,BOP,1800,298.25,39.27
35,2025-09-09/10,WESTERN MEDIUM,Harangalla,BOP,1750,298.25,39.27
35,2025-09-09/10,WESTERN MEDIUM,Dartry Valley,BOP,1750,298.25,39.27
35,2025-09-09/10,WESTERN MEDIUM,Craighead,BOP,1550,298.25,39.27
35,2025-09-09/10,WESTERN MEDIUM,Kenilworth,BOPSp,1400,298.25,39.27
35,2025-09-09/10,WESTERN MEDIUM,Ancoombra,BOPSp,1400,298.25,39.27
35,2025-09-09/10,WESTERN MEDIUM,Rilagala,BOPSp,1320,298.25,39.27
35,2025-09-09/10,WESTERN MEDIUM,Dartry Valley,BOPF/BOPFSp,1320,298.25,39.27
35,2025-09-09/10,WESTERN MEDIUM,Harangalla,BOPF/BOPFSp,1260,298.25,39.27
35,2025-09-09/10,WESTERN MEDIUM,Vellai Oya,BOPF/BOPFSp,1240,298.25,39.27
35,2025-09-09/10,WESTERN MEDIUM,Dartry Valley,BOP1,1750,298.25,39.27
35,2025-09-09/10,WESTERN MEDIUM,Dartry Valley,FBOP/FBOP1,2000,298.25,39.27
35,2025-09-09/10,WESTERN MEDIUM,Craighead,FBOP/FBOP1,1950,298.25,39.27
35,2025-09-09/10,WESTERN MEDIUM,Craighead,FBOPF/FBOPF1,1650,298.25,39.27
35,2025-09-09/10,WESTERN MEDIUM,Harangalla,FBOPF/FBOPF1,1650,298.25,39.27
35,2025-09-09/10,WESTERN MEDIUM,Dartry Valley,FBOPF/FBOPF1,1600,298.25,39.27
35,2025-09-09/10,WESTERN MEDIUM,Hatale,FBOPF/FBOPF1,1600,298.25,39.27
35,2025-09-09/10,WESTERN MEDIUM,Greenwood,OP/OPA,1440,298.25,39.27
35,2025-09-09/10,WESTERN MEDIUM,Dartry Valley,OP1,1480,298.25,39.27
35,2025-09-09/10,WESTERN MEDIUM,Harangalla,OP1,1460,298.25,39.27
35,2025-09-09/10,WESTERN MEDIUM,Hatale,OP1,1460,298.25,39.27
35,2025-09-09/10,WESTERN MEDIUM,Graceland,OP,1550,298.25,39.27
35,2025-09-09/10,WESTERN MEDIUM,Ceyenta,OP,1550,298.25,39.27
35,2025-09-09/10,WESTERN MEDIUM,Mulatiyana Hills,OP,1550,298.25,39.27
35,2025-09-09/10,WESTERN MEDIUM,Nilgiri,OP,1550,298.25,39.27
35,2025-09-09/10,WESTERN MEDIUM,Temple View Super,OP,1550,298.25,39.27
35,2025-09-09/10,WESTERN MEDIUM,Win Hills,OP,1550,298.25,39.27
35,2025-09-09/10,WESTERN MEDIUM,Sinara,OP,1550,298.25,39.27
35,2025-09-09/10,WESTERN MEDIUM,Liyonta,OPA,2000,298.25,39.27
35,2025-09-09/10,WESTERN MEDIUM,Lumbini,PEK,3000,298.25,39.27
35,2025-09-09/10,WESTERN MEDIUM,Andaradeniya Super,PEK1,3000,298.25,39.27
35,2025-09-09/10,UVA MEDIUM,Misty Uva,BOP,1440,298.25,29.74
35,2025-09-09/10,UVA MEDIUM,Hindagala,BOPSp,1420,298.25,29.74
35,2025-09-09/10,UVA MEDIUM,Demodera,BOPSp,1420,298.25,29.74
35,2025-09-09/10,UVA MEDIUM,Haputale Super,BOPSp,1380,298.25,29.74
35,2025-09-09/10,UVA MEDIUM,Dickwella,BOPF/BOPFSp,1420,298.25,29.74
35,2025-09-09/10,UVA MEDIUM,Telbedde,BOPF/BOPFSp,1420,298.25,29.74
35,2025-09-09/10,UVA MEDIUM,Dickwella,BOP1,2000,298.25,29.74
35,2025-09-09/10,UVA MEDIUM,Demodera,BOP1,2000,298.25,29.74
35,2025-09-09/10,UVA MEDIUM,Roseland Uva,FBOP/FBOP1,1750,298.25,29.74
35,2025-09-09/10,UVA MEDIUM,High Spring,FBOP/FBOP1,1750,298.25,29.74
35,2025-09-09/10,UVA MEDIUM,Telbedde,OP1,1600,298.25,29.74
35,2025-09-09/10,UVA MEDIUM,Demodera,PEK/PEK1,1600,298.25,29.74
35,2025-09-09/10,UVA MEDIUM,Hindagala,OP/OPA,1360,298.25,29.74
35,2025-09-09/10,UVA MEDIUM,Dickwella,OP/OPA,1300,298.25,29.74
35,2025-09-09/10,UVA MEDIUM,Misty Uva,OP/OPA,1280,298.25,29.74
35,2025-09-09/10,UVA MEDIUM,Halpewatta Uva,PEK/PEK1,1950,298.25,29.74
35,2025-09-09/10,UVA MEDIUM,Misty Uva,PEK/PEK1,1900,298.25,29.74
35,2025-09-09/10,UVA MEDIUM,High Spring,PEK/PEK1,1900,298.25,29.74
35,2025-09-09/10,UVA MEDIUM,Aruna Keppetipola,PEK/PEK1,1900,298.25,29.74
35,2025-09-09/10,WESTERN HIGH,Inverness,BOP,1480,298.25,34.34
35,2025-09-09/10,WESTERN HIGH,Ingestre,BOP,1400,298.25,34.34
35,2025-09-09/10,WESTERN HIGH,Norwood,BOP,1400,298.25,34.34
35,2025-09-09/10,WESTERN HIGH,Wanarajah,BOP,1400,298.25,34.34
35,2025-09-09/10,WESTERN HIGH,Great Western,BOP,1400,298.25,34.34
35,2025-09-09/10,WESTERN HIGH,Dessford,BOP,1400,298.25,34.34
35,2025-09-09/10,WESTERN HIGH,Waltrim,BOP,1400,298.25,34.34
35,2025-09-09/10,WESTERN HIGH,Norwood,BOPSp,1400,298.25,34.34
35,2025-09-09/10,WESTERN HIGH,Great Western,BOPF/BOPFSp,1600,298.25,34.34
35,2025-09-09/10,WESTERN HIGH,Inverness,BOP1,1800,298.25,34.34
35,2025-09-09/10,WESTERN HIGH,Cymru,BOP1,1850,298.25,34.34
35,2025-09-09/10,WESTERN HIGH,Cymru,FBOPF/FBOPF1,1420,298.25,34.34
35,2025-09-09/10,WESTERN HIGH,Cymru,OP/OPA,1220,298.25,34.34
35,2025-09-09/10,WESTERN HIGH,Venture,OP1,1320,298.25,34.34
35,2025-09-09/10,WESTERN HIGH,Frotoft Super,PEK/PEK1,1850,298.25,34.34
35,2025-09-09/10,UVA HIGH,Kelliebedde,BOP,1300,298.25,16.5
35,2025-09-09/10,UVA HIGH,Pitaratmalie,BOP,1300,298.25,16.5
35,2025-09-09/10,UVA HIGH,Nayabedde,BOP1,1280,298.25,16.5
35,2025-09-09/10,UVA HIGH,Bandaraeliya,FBOP/FBOP1,1280,298.25,16.5
35,2025-09-09/10,UVA HIGH,Craig,BOPSp,1420,298.25,16.5
35,2025-09-09/10,UVA HIGH,Nayabedde,BOPF/BOPFSp,1280,298.25,16.5
35,2025-09-09/10,UVA HIGH,Mount Uva,FBOPF/FBOPF1,1550,298.25,16.5
35,2025-09-09/10,UVA HIGH,Ellathota Uva,OP/OPA,1280,298.25,16.5
35,2025-09-09/10,UVA HIGH,Uva Highlands,OP1,1480,298.25,16.5
35,2025-09-09/10,UVA HIGH,Aislaby,PEK/PEK1,1850,298.25,16.5
35,2025-09-09/10,UVA HIGH,Battawatte,PEK/PEK1,1850,298.25,16.5
35,2025-09-09/10,UVA HIGH,Needwood Super,PEK/PEK1,1850,298.25,16.5
35,2025-09-09/10,UVA HIGH,Ranaya,PEK/PEK1,1850,298.25,16.5
35,2025-09-09/10,UVA HIGH,Craig,PEK/PEK1,1850,298.25,16.5
35,2025-09-09/10,UVA HIGH,Ellathota Uva,PEK/PEK1,1850,298.25,16.5
35,2025-09-09/10,UVA HIGH,Glenanore,PEK/PEK1,1800,298.25,16.5
35,2025-09-09/10,UVA HIGH,Maha Uva,PEK/PEK1,1800,298.25,16.5
35,2025-09-09/10,NUWARA ELIYAS,Court Lodge,FBOP/FBOP1,1300,298.25,40.36
35,2025-09-09/10,NUWARA ELIYAS,Kenmare,PEK/PEK1,1300,298.25,40.36
35,2025-09-09/10,UDAPUSSELLAWAS,High Forest,BOP,1280,298.25,32.64
35,2025-09-09/10,UDAPUSSELLAWAS,Luckyland,BOPSp,1120,298.25,32.64
35,2025-09-09/10,UDAPUSSELLAWAS,Luckyland,BOPF/BOPFSp,1220,298.25,32.64
35,2025-09-09/10,UDAPUSSELLAWAS,Maha Uva,FBOPF/FBOPF1,1380,298.25,32.64
35,2025-09-09/10,UDAPUSSELLAWAS,Gonapitiya,FBOPF/FBOPF1,1380,298.25,32.64
35,2025-09-09/10,UDAPUSSELLAWAS,Delmar,FBOPF/FBOPF1,1360,298.25,32.64
35,2025-09-09/10,UDAPUSSELLAWAS,Maha Uva,OP/OPA,1200,298.25,32.64
35,2025-09-09/10,UDAPUSSELLAWAS,Maha Uva,OP1,1320,298.25,32.64
35,2025-09-09/10,UDAPUSSELLAWAS,Gonapitiya,PEK/PEK1,1700,298.25,32.64
35,2025-09-09/10,UNORTHODOX HIGH,Dunsinane CTC,PF1,1180,298.25,36.53
35,2025-09-09/10,UNORTHODOX HIGH,Ulugedara CTC,PF1,1180,298.25,36.53
35,2025-09-09/10,UNORTHODOX MEDIUM,Strathdon CTC,PF1,1200,298.25,36.53
35,2025-09-09/10,UNORTHODOX MEDIUM,Park Side CTC,BP1,640,298.25,36.53
35,2025-09-09/10,UNORTHODOX MEDIUM,Park Side CTC,BPS,600,298.25,36.53
35,2025-09-09/10,UNORTHODOX LOW,Hingalgoda CTC,PF1,1460,298.25,36.53
35,2025-09-09/10,UNORTHODOX LOW,Ceciliyan CTC,BP1,1420,298.25,36.53
35,2025-09-09/10,PREMIUM FLOWERY,Mulatiyana Hills,FBOPFSp,4300,298.25,36.53
35,2025-09-09/10,PREMIUM FLOWERY,Greenwin Super,FBOPFSp,4300,298.25,36.53
35,2025-09-09/10,PREMIUM FLOWERY,Ivy Hills,FBOPFExSp,5500,298.25,36.53
35,2025-09-09/10,PREMIUM FLOWERY,Muswenna,FBOPFExSp1,4800,298.25,36.53
35,2025-09-09/10,DUSTS,Mattakelle,DUST1,1650,298.25,36.53
35,2025-09-09/10,DUSTS,Great Western,DUST1,1650,298.25,36.53
35,2025-09-09/10,DUSTS,Ceciliyan CTC,PD,1460,298.25,36.53
35,2025-09-09/10,OFF GRADES,Wanarajah,FGS/FGS1,1280,298.25,36.53
35,2025-09-09/10,OFF GRADES,Wattegodde,FGS/FGS1,1280,298.25,36.53
35,2025-09-09/10,OFF GRADES,Mattakelle,FGS/FGS1,1280,298.25,36.53
35,2025-09-09/10,OFF GRADES,Clydesdale,FGS/FGS1,1280,298.25,36.53
35,2025-09-09/10,OFF GRADES,Hingalgoda CTC,PF,1240,298.25,36.53
35,2025-09-09/10,OFF GRADES,Allen Valley,BM,1240,298.25,36.53
35,2025-09-09/10,OFF GRADES,Gunawardana,BM,1200,298.25,36.53
35,2025-09-09/10,OFF GRADES,Allen Valley,BP,1240,298.25,36.53
35,2025-09-09/10,OFF GRADES,Chandrika Estate,BOPIA,1500,298.25,36.53
35,2025-09-09/10,LOW GROWNS,Andaradeniya Super,BOP,2900,298.25,53.92
35,2025-09-09/10,LOW GROWNS,New Spring View,BOPSp,2250,298.25,53.92
35,2025-09-09/10,LOW GROWNS,Kamarangapitiya,BOPSp,2200,298.25,53.92
35,2025-09-09/10,LOW GROWNS,Kings Bru,BOPF,1950,298.25,53.92
35,2025-09-09/10,LOW GROWNS,Sithaka,BOPF,1650,298.25,53.92
35,2025-09-09/10,LOW GROWNS,Ceciliyan,BOPF,1650,298.25,53.92
35,2025-09-09/10,LOW GROWNS,Pothotuwa,BOPF,1480,298.25,53.92
35,2025-09-09/10,LOW GROWNS,Rajjuruwatta Super,BOPFSp,2000,298.25,53.92
35,2025-09-09/10,LOW GROWNS,Sithaka,FBOP,2500,298.25,53.92
35,2025-09-09/10,LOW GROWNS,Kiruwanaganga,FBOP,2450,298.25,53.92
35,2025-09-09/10,LOW GROWNS,Wattahena,FBOP1,1900,298.25,53.92
35,2025-09-09/10,LOW GROWNS,Katanwila,FBOPF,2000,298.25,53.92
35,2025-09-09/10,LOW GROWNS,Gunawardana,FBOPF,1700,298.25,53.92
35,2025-09-09/10,LOW GROWNS,Pothotuwa,FBOPF1,1750,298.25,53.92
35,2025-09-09/10,LOW GROWNS,Sunrise,FBOPF1,1750,298.25,53.92
35,2025-09-09/10,LOW GROWNS,Lumbini,FBOPF1,1700,298.25,53.92
35,2025-09-09/10,LOW GROWNS,Kelani,FBOPF1,1650,298.25,53.92
35,2025-09-09/10,LOW GROWNS,Pothotuwa,BOP1,3150,298.25,53.92
35,2025-09-09/10,LOW GROWNS,Sunrise,BOP1,2900,298.25,53.92
35,2025-09-09/10,LOW GROWNS,Pothotuwa,OP1,3150,298.25,53.92
35,2025-09-09/10,LOW GROWNS,Lucky Dais,OP,1550,298.25,53.92
35,2025-09-09/10,LOW GROWNS,Miriswatta,OP,1550,298.25,53.92
35,2025-09-09/10,LOW GROWNS,Sunrise,OP,1550,298.25,53.92
35,2025-09-09/10,LOW GROWNS,Liyonta,OPA,2000,298.25,53.92
35,2025-09-09/10,LOW GROWNS,Lumbini,PEK,3000,298.25,53.92
35,2025-09-09/10,LOW GROWNS,Andaradeniya Super,PEK1,3000,298.25,53.92
36,2025-09-16/17,WESTERN MEDIUM,Ancoombra,BOP,1850,298.31,39.27
36,2025-09-16/17,WESTERN MEDIUM,Dartry Valley,BOP,1700,298.31,39.27
36,2025-09-16/17,WESTERN MEDIUM,Doombagastalawa,BOP,1650,298.31,39.27
36,2025-09-16/17,WESTERN MEDIUM,Hatale,BOPSp,1500,298.31,39.27
36,2025-09-16/17,WESTERN MEDIUM,Dartry Valley,BOPF/BOPFSp,1340,298.31,39.27
36,2025-09-16/17,WESTERN MEDIUM,Ancoombra,BOP1,1850,298.31,39.27
36,2025-09-16/17,WESTERN MEDIUM,Hatale,FBOP/FBOP1,1900,298.31,39.27
36,2025-09-16/17,WESTERN MEDIUM,Harangalla,FBOP/FBOP1,1850,298.31,39.27
36,2025-09-16/17,WESTERN MEDIUM,Craighead,FBOPF/FBOPF1,1650,298.31,39.27
36,2025-09-16/17,WESTERN MEDIUM,Hatale,FBOPF/FBOPF1,1480,298.31,39.27
36,2025-09-16/17,WESTERN MEDIUM,Craighead,OP/OPA,1400,298.31,39.27
36,2025-09-16/17,WESTERN MEDIUM,Dartry Valley,OP/OPA,1340,298.31,39.27
36,2025-09-16/17,WESTERN MEDIUM,Dartry Valley,OP1,1460,298.31,39.27
36,2025-09-16/17,WESTERN MEDIUM,Dartry Valley,PEK/PEK1,1950,298.31,39.27
36,2025-09-16/17,WESTERN MEDIUM,Meezan,PEK/PEK1,1950,298.31,39.27
36,2025-09-16/17,WESTERN MEDIUM,Greenwood,PEK/PEK1,1950,298.31,39.27
36,2025-09-16/17,WESTERN MEDIUM,Maratenne,PEK/PEK1,1900,298.31,39.27
36,2025-09-16/17,UVA MEDIUM,St James,BOP,1340,298.31,29.74
36,2025-09-16/17,UVA MEDIUM,Haple Watta Uva,BOPSp,1600,298.31,29.74
36,2025-09-16/17,UVA MEDIUM,Demodera 'S',BOPSp,1600,298.31,29.74
36,2025-09-16/17,UVA MEDIUM,Roseland Uva,BOPSp,1440,298.31,29.74
36,2025-09-16/17,UVA MEDIUM,Dickwella,BOPF/BOPFSp,1420,298.31,29.74
36,2025-09-16/17,UVA MEDIUM,Telbedde,BOPF/BOPFSp,1420,298.31,29.74
36,2025-09-16/17,UVA MEDIUM,Demodera 'S',BOP1,2300,298.31,29.74
36,2025-09-16/17,UVA MEDIUM,Aruna Passara,FBOP/FBOP1,1650,298.31,29.74
36,2025-09-16/17,UVA MEDIUM,Haplewatta Uva,FBOPF/FBOPF1,1600,298.31,29.74
36,2025-09-16/17,UVA MEDIUM,Demodera 'S',FBOPF/FBOPF1,1550,298.31,29.74
36,2025-09-16/17,UVA MEDIUM,Uva Samovar,OP/OPA,1260,298.31,29.74
36,2025-09-16/17,UVA MEDIUM,Demodera 'S',OP/OPA,1240,298.31,29.74
36,2025-09-16/17,UVA MEDIUM,High Spring,OP/OPA,1240,298.31,29.74
36,2025-09-16/17,UVA MEDIUM,Hindagala,OP/OPA,1240,298.31,29.74
36,2025-09-16/17,UVA MEDIUM,Haplewatta Uva,OP/OPA,1200,298.31,29.74
36,2025-09-16/17,UVA MEDIUM,Telbedde,OP/OPA,1200,298.31,29.74
36,2025-09-16/17,UVA MEDIUM,Aruna Keppetipola,OP/OPA,1200,298.31,29.74
36,2025-09-16/17,UVA MEDIUM,Aruna Passara,OP/OPA,1200,298.31,29.74
36,2025-09-16/17,UVA MEDIUM,Gonakelle,OP/OPA,1200,298.31,29.74
36,2025-09-16/17,UVA MEDIUM,Glen Alpin,OP1,1900,298.31,29.74
36,2025-09-16/17,UVA MEDIUM,Aruna Passara,OP1,1500,298.31,29.74
36,2025-09-16/17,UVA MEDIUM,Telbedde,PEK/PEK1,1900,298.31,29.74
36,2025-09-16/17,UVA MEDIUM,Misty-Uva,PEK/PEK1,1850,298.31,29.74
36,2025-09-16/17,UVA MEDIUM,Demodera 'S',PEK/PEK1,1850,298.31,29.74
36,2025-09-16/17,UVA MEDIUM,Pinnawela,PEK/PEK1,1850,298.31,29.74
36,2025-09-16/17,UVA MEDIUM,Glen Alpin,PEK/PEK1,1850,298.31,29.74
36,2025-09-16/17,UVA MEDIUM,Aruna Keppetipola,PEK/PEK1,1850,298.31,29.74
36,2025-09-16/17,WESTERN HIGH,Norwood,BOP,1500,298.31,34.34
36,2025-09-16/17,WESTERN HIGH,Bearwell,BOPSp,1550,298.31,34.34
36,2025-09-16/17,WESTERN HIGH,Great Western,BOPF/BOPFSp,1650,298.31,34.34
36,2025-09-16/17,WESTERN HIGH,Dessford,BOPF/BOPFSp,1650,298.31,34.34
36,2025-09-16/17,WESTERN HIGH,Wattegodde,BOPF/BOPFSp,1650,298.31,34.34
36,2025-09-16/17,WESTERN HIGH,Inverness,BOP1,1750,298.31,34.34
36,2025-09-16/17,WESTERN HIGH,Glenloch,FBOP/FBOP1,1480,298.31,34.34
36,2025-09-16/17,WESTERN HIGH,Bogahawatte,FBOP/FBOP1,1480,298.31,34.34
36,2025-09-16/17,WESTERN HIGH,Glenloch,FBOPF/FBOPF1,1400,298.31,34.34
36,2025-09-16/17,WESTERN HIGH,Cymru,FBOPF/FBOPF1,1400,298.31,34.34
36,2025-09-16/17,WESTERN HIGH,Cymru,OP/OPA,1240,298.31,34.34
36,2025-09-16/17,WESTERN HIGH,Venture,OP/OPA,1240,298.31,34.34
36,2025-09-16/17,WESTERN HIGH,Torrington,OP/OPA,1180,298.31,34.34
36,2025-09-16/17,WESTERN HIGH,Glenloch,OP1,1460,298.31,34.34
36,2025-09-16/17,WESTERN HIGH,Cymru,PEK/PEK1,1850,298.31,34.34
36,2025-09-16/17,UVA HIGH,Bandaraeliya,BOP,1360,298.31,16.5
36,2025-09-16/17,UVA HIGH,Nayabedde,BOP,1340,298.31,16.5
36,2025-09-16/17,UVA HIGH,Kelliebedde,BOP,1300,298.31,16.5
36,2025-09-16/17,UVA HIGH,Pitaratmalie,BOP,1300,298.31,16.5
36,2025-09-16/17,UVA HIGH,Craig,BOPSp,1280,298.31,16.5
36,2025-09-16/17,UVA HIGH,Nayabedde,BOPF/BOPFSp,1340,298.31,16.5
36,2025-09-16/17,UVA HIGH,Spring Valley,BOPF/BOPFSp,1340,298.31,16.5
36,2025-09-16/17,UVA HIGH,Kelliebedde,BOPF/BOPFSp,1260,298.31,16.5
36,2025-09-16/17,UVA HIGH,Bandaraeliya,BOPF/BOPFSp,1260,298.31,16.5
36,2025-09-16/17,UVA HIGH,Uva Highlands,BOPF/BOPFSp,1240,298.31,16.5
36,2025-09-16/17,UVA HIGH,Aislaby,BOP1,1750,298.31,16.5
36,2025-09-16/17,UVA HIGH,Mount Uva,BOP1,1750,298.31,16.5
36,2025-09-16/17,UVA HIGH,Gonamotawa,FBOP/FBOP1,1600,298.31,16.5
36,2025-09-16/17,UVA HIGH,Ellathota Uva,FBOP/FBOP1,1600,298.31,16.5
36,2025-09-16/17,UVA HIGH,Aislaby,FBOP/FBOP1,1600,298.31,16.5
36,2025-09-16/17,UVA HIGH,Aislaby,FBOPF/FBOPF1,1460,298.31,16.5
36,2025-09-16/17,UVA HIGH,Uva Highlands,FBOPF/FBOPF1,1460,298.31,16.5
36,2025-09-16/17,UVA HIGH,Spring Valley,FBOPF/FBOPF1,1420,298.31,16.5
36,2025-09-16/17,UVA HIGH,Uvakellie,FBOPF/FBOPF1,1420,298.31,16.5
36,2025-09-16/17,UVA HIGH,Ranaya,FBOPF/FBOPF1,1420,298.31,16.5
36,2025-09-16/17,UVA HIGH,Gonamotawa,FBOPF/FBOPF1,1400,298.31,16.5
36,2025-09-16/17,UVA HIGH,Glenanore,FBOPF/FBOPF1,1400,298.31,16.5
36,2025-09-16/17,UVA HIGH,Mount Uva,FBOPF/FBOPF1,1400,298.31,16.5
36,2025-09-16/17,UVA HIGH,Craig,OP/OPA,1220,298.31,16.5
36,2025-09-16/17,UVA HIGH,Ellathota Uva,OP/OPA,1200,298.31,16.5
36,2025-09-16/17,UVA HIGH,Ranaya,OP/OPA,1180,298.31,16.5
36,2025-09-16/17,UVA HIGH,Ellathota Uva,OP1,1360,298.31,16.5
36,2025-09-16/17,UVA HIGH,Ampittiakande,OP1,1360,298.31,16.5
36,2025-09-16/17,UVA HIGH,Aislaby,PEK/PEK1,1900,298.31,16.5
36,2025-09-16/17,UVA HIGH,Gonamotawa,PEK/PEK1,1850,298.31,16.5
36,2025-09-16/17,UVA HIGH,Ellathota Uva,PEK/PEK1,1850,298.31,16.5
36,2025-09-16/17,NUWARA ELIYAS,Court Lodge,BOP,1000,298.31,40.36
36,2025-09-16/17,NUWARA ELIYAS,Mahagastotte,BOPF/BOPFSp,1260,298.31,40.36
36,2025-09-16/17,NUWARA ELIYAS,Kenmare,FBOP/FBOP1,1400,298.31,40.36
36,2025-09-16/17,NUWARA ELIYAS,Court Lodge,PEK/PEK1,1400,298.31,40.36
36,2025-09-16/17,UDAPUSSELLAWAS,Luckyland,BOP,1180,298.31,32.64
36,2025-09-16/17,UDAPUSSELLAWAS,Mooloya,BOPSp,1060,298.31,32.64
36,2025-09-16/17,UDAPUSSELLAWAS,Mooloya,BOPF/BOPFSp,1260,298.31,32.64
36,2025-09-16/17,UDAPUSSELLAWAS,Delmar,FBOPF/FBOPF1,1380,298.31,32.64
36,2025-09-16/17,UDAPUSSELLAWAS,Maha Uva,OP/OPA,1220,298.31,32.64
36,2025-09-16/17,UDAPUSSELLAWAS,Delmar,OP1,1260,298.31,32.64
36,2025-09-16/17,UDAPUSSELLAWAS,Maha Uva,PEK/PEK1,1800,298.31,32.64
36,2025-09-16/17,UDAPUSSELLAWAS,Delmar,PEK/PEK1,1700,298.31,32.64
36,2025-09-16/17,UDAPUSSELLAWAS,Blairlomond,PEK/PEK1,1550,298.31,32.64
36,2025-09-16/17,UNORTHODOX HIGH,Dunsinane CTC,PF1,1240,298.31,36.53
36,2025-09-16/17,UNORTHODOX MEDIUM,Strathdon CTC,PF1,1220,298.31,36.53
36,2025-09-16/17,UNORTHODOX MEDIUM,New Peacock CTC,PF1,1220,298.31,36.53
36,2025-09-16/17,UNORTHODOX MEDIUM,Delta CTC,BP1,900,298.31,36.53
36,2025-09-16/17,UNORTHODOX MEDIUM,Strathdon CTC,BPS,1020,298.31,36.53
36,2025-09-16/17,UNORTHODOX LOW,Hingalgoda CTC,PF1,1480,298.31,36.53
36,2025-09-16/17,UNORTHODOX LOW,Kalubowitiyana CTC,BP1,1460,298.31,36.53
36,2025-09-16/17,PREMIUM FLOWERY,Danlanda Watte,FBOPFSp,4550,298.31,36.53
36,2025-09-16/17,PREMIUM FLOWERY,Hedigalla,FBOPFExSp,5150,298.31,36.53
36,2025-09-16/17,PREMIUM FLOWERY,Stream Line,FBOPFExSp1,4050,298.31,36.53
36,2025-09-16/17,DUSTS,Mattakelle,DUST1,1700,298.31,36.53
36,2025-09-16/17,DUSTS,Ceciliyan CTC,PD,1460,298.31,36.53
36,2025-09-16/17,OFF GRADES,Wanarajah,FGS/FGS1,1300,298.31,36.53
36,2025-09-16/17,OFF GRADES,Agraouvah,FGS/FGS1,1280,298.31,36.53
36,2025-09-16/17,OFF GRADES,Wattegodde,FGS/FGS1,1280,298.31,36.53
36,2025-09-16/17,OFF GRADES,Liyonta CTC,PE,1180,298.31,36.53
36,2025-09-16/17,OFF GRADES,Ceciliyan CTC,PE,1060,298.31,36.53
36,2025-09-16/17,OFF GRADES,New Kandedola,BM,1000,298.31,36.53
36,2025-09-16/17,OFF GRADES,Bambarawana Hills,BM,1000,298.31,36.53
36,2025-09-16/17,OFF GRADES,Bogoda,BM,1000,298.31,36.53
36,2025-09-16/17,OFF GRADES,Greenwin,BM,1000,298.31,36.53
36,2025-09-16/17,OFF GRADES,Chandrika Estate,BM,980,298.31,36.53
36,2025-09-16/17,OFF GRADES,Lakshmi,BP,1180,298.31,36.53
36,2025-09-16/17,OFF GRADES,Laksakanda,BP,1180,298.31,36.53
36,2025-09-16/17,OFF GRADES,Aldora,BOPIA,1480,298.31,36.53
36,2025-09-16/17,LOW GROWNS,Andaradeniya Super,BOP,2550,298.31,53.92
36,2025-09-16/17,LOW GROWNS,New Spring View,BOPSp,2200,298.31,53.92
36,2025-09-16/17,LOW GROWNS,Stream Line,BOPSp,2200,298.31,53.92
36,2025-09-16/17,LOW GROWNS,Rain Forest,BOPSp,2050,298.31,53.92
36,2025-09-16/17,LOW GROWNS,Kamarangapitiya,BOPSp,2000,298.31,53.92
36,2025-09-16/17,LOW GROWNS,Kings Bru,BOPF,2000,298.31,53.92
36,2025-09-16/17,LOW GROWNS,Uruwala,BOPF,1800,298.31,53.92
36,2025-09-16/17,LOW GROWNS,Sithaka,BOPF,1800,298.31,53.92
36,2025-09-16/17,LOW GROWNS,Rajjuruwatta Super,BOPFSp,2700,298.31,53.92
36,2025-09-16/17,LOW GROWNS,Sithaka,FBOP,2550,298.31,53.92
36,2025-09-16/17,LOW GROWNS,Kiruwanaganga,FBOP1,2350,298.31,53.92
36,2025-09-16/17,LOW GROWNS,Dullie Ella,FBOP1,1850,298.31,53.92
36,2025-09-16/17,LOW GROWNS,Lumbini,FBOP1,1850,298.31,53.92
36,2025-09-16/17,LOW GROWNS,Sithaka,FBOP1,1850,298.31,53.92
36,2025-09-16/17,LOW GROWNS,New Laksakanda,FBOPF,2000,298.31,53.92
36,2025-09-16/17,LOW GROWNS,Gunawardana,FBOPF,1650,298.31,53.92
36,2025-09-16/17,LOW GROWNS,Hedigalla,FBOPF,1650,298.31,53.92
36,2025-09-16/17,LOW GROWNS,Rathmalgoda Super,FBOPF,1650,298.31,53.92
36,2025-09-16/17,LOW GROWNS,Broadlands Smallholders,FBOPF,1650,298.31,53.92
36,2025-09-16/17,LOW GROWNS,Ganganee,FBOPF,1650,298.31,53.92
36,2025-09-16/17,LOW GROWNS,Sithaka,FBOPF,1650,298.31,53.92
36,2025-09-16/17,LOW GROWNS,Pothotuwa,FBOPF1,1750,298.31,53.92
36,2025-09-16/17,LOW GROWNS,New Kolonne Kithulgala,FBOPF1,1650,298.31,53.92
36,2025-09-16/17,LOW GROWNS,Gunawardana,FBOPF1,1650,298.31,53.92
36,2025-09-16/17,LOW GROWNS,Lanka,FBOPF1,1650,298.31,53.92
36,2025-09-16/17,LOW GROWNS,Liyonta,FBOPF1,1650,298.31,53.92
36,2025-09-16/17,LOW GROWNS,Lions,FBOPF1,1650,298.31,53.92
36,2025-09-16/17,LOW GROWNS,Pothotuwa,BOP1,3300,298.31,53.92
36,2025-09-16/17,LOW GROWNS,Susantha,OP1,3000,298.31,53.92
36,2025-09-16/17,LOW GROWNS,Pothotuwa,OP1,2850,298.31,53.92
36,2025-09-16/17,LOW GROWNS,Lions,OP1,2850,298.31,53.92
36,2025-09-16/17,LOW GROWNS,Green Lanka,OP,1650,298.31,53.92
36,2025-09-16/17,LOW GROWNS,Miriswatta,OP,1650,298.31,53.92
36,2025-09-16/17,LOW GROWNS,Mahaliyadda,OP,1650,298.31,53.92
36,2025-09-16/17,LOW GROWNS,Liyonta,OPA,1950,298.31,53.92
36,2025-09-16/17,LOW GROWNS,Liyonta,PEK,3050,298.31,53.92
36,2025-09-16/17,LOW GROWNS,Lumbini,PEK,3050,298.31,53.92
36,2025-09-16/17,LOW GROWNS,New Batuwangala,PEK1,3050,298.31,53.92
37,2025-09-23/24,WESTERN MEDIUM,Ancoombra,BOP,2000,298.72,39.27
37,2025-09-23/24,WESTERN MEDIUM,Dartry Valley,BOP,1850,298.72,39.27
37,2025-09-23/24,WESTERN MEDIUM,Ancoombra,BOPSp,1500,298.72,39.27
37,2025-09-23/24,WESTERN MEDIUM,Craighead,BOPSp,1400,298.72,39.27
37,2025-09-23/24,WESTERN MEDIUM,Vellai Oya,BOPF/BOPFSp,1280,298.72,39.27
37,2025-09-23/24,WESTERN MEDIUM,Harangalla,BOPF/BOPFSp,1280,298.72,39.27
37,2025-09-23/24,WESTERN MEDIUM,Dartry Valley,BOPF/BOPFSp,1260,298.72,39.27
37,2025-09-23/24,WESTERN MEDIUM,Harangalla,BOP1,1900,298.72,39.27
37,2025-09-23/24,WESTERN MEDIUM,Harangalla,FBOP/FBOP1,1900,298.72,39.27
37,2025-09-23/24,WESTERN MEDIUM,Craighead,FBOPF/FBOPF1,1600,298.72,39.27
37,2025-09-23/24,WESTERN MEDIUM,Harangalla,FBOPF/FBOPF1,1600,298.72,39.27
37,2025-09-23/24,WESTERN MEDIUM,Imboolpittia,FBOPF/FBOPF1,1550,298.72,39.27
37,2025-09-23/24,WESTERN MEDIUM,Dartry Valley,FBOPF/FBOPF1,1550,298.72,39.27
37,2025-09-23/24,WESTERN MEDIUM,Ancoombra,FBOPF/FBOPF1,1550,298.72,39.27
37,2025-09-23/24,WESTERN MEDIUM,Hatale,FBOPF/FBOPF1,1550,298.72,39.27
37,2025-09-23/24,WESTERN MEDIUM,Doombagastalawa,FBOPF/FBOPF1,1500,298.72,39.27
37,2025-09-23/24,WESTERN MEDIUM,Dartry Valley,OP/OPA,1360,298.72,39.27
37,2025-09-23/24,WESTERN MEDIUM,Greenwood,OP/OPA,1360,298.72,39.27
37,2025-09-23/24,WESTERN MEDIUM,Craighead,OP1,1850,298.72,39.27
37,2025-09-23/24,WESTERN MEDIUM,Aruna Keppetipola,PEK/PEK1,2150,298.72,39.27
37,2025-09-23/24,WESTERN MEDIUM,Blossoms Uva Tea,PEK/PEK1,1750,298.72,39.27
37,2025-09-23/24,UVA MEDIUM,Demodera,BOP,1550,298.72,29.74
37,2025-09-23/24,UVA MEDIUM,Hindagala,BOPSp,1420,298.72,29.74
37,2025-09-23/24,UVA MEDIUM,Haputale Super,FBOP/FBOP1,1360,298.72,29.74
37,2025-09-23/24,UVA MEDIUM,Demodera,BOPSp,1320,298.72,29.74
37,2025-09-23/24,UVA MEDIUM,El Teb,BOPF/BOPFSp,1200,298.72,29.74
37,2025-09-23/24,UVA MEDIUM,Sarnia Plaiderie,BOP1,1800,298.72,29.74
37,2025-09-23/24,UVA MEDIUM,Aruna Passara,FBOP/FBOP1,1650,298.72,29.74
37,2025-09-23/24,UVA MEDIUM,Sarnia Plaiderie,FBOPF/FBOPF1,1550,298.72,29.74
37,2025-09-23/24,UVA MEDIUM,Misty Uva,OP/OPA,1320,298.72,29.74
37,2025-09-23/24,UVA MEDIUM,Aruna Passara,OP1,1600,298.72,29.74
37,2025-09-23/24,UVA MEDIUM,Misty Uva,OP1,1480,298.72,29.74
37,2025-09-23/24,UVA MEDIUM,Uva Samovar,OP1,1400,298.72,29.74
37,2025-09-23/24,UVA MEDIUM,Halpewatta Uva,PEK/PEK1,1900,298.72,29.74
37,2025-09-23/24,UVA MEDIUM,Ambrosia Uva,PEK/PEK1,1900,298.72,29.74
37,2025-09-23/24,UVA MEDIUM,Aruna Passara,PEK/PEK1,1900,298.72,29.74
37,2025-09-23/24,UVA MEDIUM,Misty Uva,PEK/PEK1,1850,298.72,29.74
37,2025-09-23/24,UVA MEDIUM,Sarnia Plaiderie,PEK/PEK1,1850,298.72,29.74
37,2025-09-23/24,UVA MEDIUM,Galgewatta,PEK/PEK1,1850,298.72,29.74
37,2025-09-23/24,UVA MEDIUM,Telbedde,PEK/PEK1,1750,298.72,29.74
37,2025-09-23/24,UVA MEDIUM,Demodera,PEK/PEK1,1750,298.72,29.74
37,2025-09-23/24,UVA MEDIUM,Cecilton,PEK/PEK1,1750,298.72,29.74
37,2025-09-23/24,WESTERN HIGH,Norwood,BOP,1460,298.72,34.34
37,2025-09-23/24,WESTERN HIGH,Wanarajah,BOP,1440,298.72,34.34
37,2025-09-23/24,WESTERN HIGH,Wattegodde,BOP,1420,298.72,34.34
37,2025-09-23/24,WESTERN HIGH,Holyrood,BOP,1420,298.72,34.34
37,2025-09-23/24,WESTERN HIGH,Dessford,BOP,1420,298.72,34.34
37,2025-09-23/24,WESTERN HIGH,Bearwell,BOPSp,1600,298.72,34.34
37,2025-07-23/24,WESTERN HIGH,Dessford,BOPSp,1600,298.72,34.34
37,2025-09-23/24,WESTERN HIGH,Mattakelle,BOPSp,1600,298.72,34.34
37,2025-09-23/24,WESTERN HIGH,Holyrood,BOPSp,1550,298.72,34.34
37,2025-09-23/24,WESTERN HIGH,Wanarajah,BOPSp,1440,298.72,34.34
37,2025-09-23/24,WESTERN HIGH,Dessford,BOPF/BOPFSp,1600,298.72,34.34
37,2025-09-23/24,WESTERN HIGH,Norwood,BOPF/BOPFSp,1600,298.72,34.34
37,2025-09-23/24,WESTERN HIGH,Gouravilla,BOPF/BOPFSp,1550,298.72,34.34
37,2025-09-23/24,WESTERN HIGH,Somerset,BOPF/BOPFSp,1550,298.72,34.34
37,2025-09-23/24,WESTERN HIGH,Inverness,BOP1,1750,298.72,34.34
37,2025-09-23/24,WESTERN HIGH,Bogahawatte,FBOP/FBOP1,1750,298.72,34.34
37,2025-09-23/24,WESTERN HIGH,St Andrews,FBOPF/FBOPF1,1460,298.72,34.34
37,2025-09-23/24,WESTERN HIGH,Craig Hill,OP/OPA,1400,298.72,34.34
37,2025-09-23/24,WESTERN HIGH,Cymru,OP1,1800,298.72,34.34
37,2025-09-23/24,WESTERN HIGH,Frotoft Super,PEK/PEK1,1700,298.72,34.34
37,2025-09-23/24,WESTERN HIGH,Torrington,PEK/PEK1,1700,298.72,34.34
37,2025-09-23/24,UVA HIGH,Nayabedde,BOP,1440,298.72,16.5
37,2025-09-23/24,UVA HIGH,Mount Uva,BOPSp,1440,298.72,16.5
37,2025-09-23/24,UVA HIGH,Nayabedde,BOPF/BOPFSp,1400,298.72,16.5
37,2025-09-23/24,UVA HIGH,Uva Highlands,BOP1,1700,298.72,16.5
37,2025-09-23/24,UVA HIGH,Gonamotawa,FBOP/FBOP1,1700,298.72,16.5
37,2025-09-23/24,UVA HIGH,Aislaby,FBOP/FBOP1,1650,298.72,16.5
37,2025-09-23/24,UVA HIGH,Mount Uva,FBOPF/FBOPF1,1480,298.72,16.5
37,2025-09-23/24,UVA HIGH,Aislaby,OP/OPA,1300,298.72,16.5
37,2025-09-23/24,UVA HIGH,Aislaby,OP1,1700,298.72,16.5
37,2025-09-23/24,UVA HIGH,Uva Highlands,PEK/PEK1,2150,298.72,16.5
37,2025-09-23/24,UVA HIGH,Aislaby,PEK/PEK1,1900,298.72,16.5
37,2025-09-23/24,UVA HIGH,Gonamotawa,PEK/PEK1,1850,298.72,16.5
37,2025-09-23/24,NUWARA ELIYAS,Mahagastotte,BOP,1260,298.72,40.36
37,2025-09-23/24,NUWARA ELIYAS,Mahagastotte,BOPF/BOPFSp,1200,298.72,40.36
37,2025-09-23/24,NUWARA ELIYAS,Lovers Leap,BOPF/BOPFSp,1160,298.72,40.36
37,2025-09-23/24,NUWARA ELIYAS,Strathdon CTC,BP1,1380,298.72,40.36
37,2025-09-23/24,NUWARA ELIYAS,Court Lodge,PEK/PEK1,1480,298.72,40.36
37,2025-09-23/24,UDAPUSSELLAWAS,Kirklees,BOP,1160,298.72,32.64
37,2025-09-23/24,UDAPUSSELLAWAS,Mooloya,BOPF/BOPFSp,1260,298.72,32.64
37,2025-09-23/24,UDAPUSSELLAWAS,Delmar,FBOPF/FBOPF1,1480,298.72,32.64
37,2025-09-23/24,UDAPUSSELLAWAS,Maha Uva,OP1,1320,298.72,32.64
37,2025-09-23/24,UDAPUSSELLAWAS,Delmar,PEK/PEK1,1480,298.72,32.64
37,2025-09-23/24,UNORTHODOX HIGH,Dunsinane CTC,PF1,1160,298.72,36.53
37,2025-09-23/24,UNORTHODOX HIGH,Mount Vernon CTC,PF1,1160,298.72,36.53
37,2025-09-23/24,UNORTHODOX HIGH,Mount Uva CTC,BPS,630,298.72,36.53
37,2025-09-23/24,UNORTHODOX MEDIUM,Rothschild CTC,PF1,1200,298.72,36.53
37,2025-09-23/24,UNORTHODOX MEDIUM,New Rothschild CTC,BP1,1160,298.72,36.53
37,2025-09-23/24,UNORTHODOX MEDIUM,Park Side CTC,BPS,650,298.72,36.53
37,2025-09-23/24,UNORTHODOX LOW,Hingalgoda CTC,PF1,1480,298.72,36.53
37,2025-09-23/24,UNORTHODOX LOW,Ceciliyan CTC,PF1,1480,298.72,36.53
37,2025-09-23/24,UNORTHODOX LOW,Ceciliyan CTC,BP1,1420,298.72,36.53
37,2025-09-23/24,UNORTHODOX LOW,Ross Feld CTC,BPS,650,298.72,36.53
37,2025-09-23/24,PREMIUM FLOWERY,Wathurawila,FBOPFSp,4400,298.72,36.53
37,2025-09-23/24,PREMIUM FLOWERY,Ceciliyan,FBOPFExSp,5050,298.72,36.53
37,2025-09-23/24,PREMIUM FLOWERY,New Galagawa,FBOPFExSp,4450,298.72,36.53
37,2025-09-23/24,PREMIUM FLOWERY,Morawakkorale,FBOPFExSp,4400,298.72,36.53
37,2025-09-23/24,PREMIUM FLOWERY,Kendalanda,FBOPFExSp1,4250,298.72,36.53
37,2025-09-23/24,DUSTS,Great Western,DUST1,1600,298.72,36.53
37,2025-09-23/24,DUSTS,Somerset,DUST1,1600,298.72,36.53
37,2025-09-23/24,DUSTS,Mattakelle,DUST1,1600,298.72,36.53
37,2025-09-23/24,DUSTS,Ceciliyan CTC,PD,1460,298.72,36.53
37,2025-09-23/24,OFF GRADES,Mulatiyana Hills,FGS/FGS1,1300,298.72,36.53
37,2025-09-23/24,OFF GRADES,Somerset,FGS/FGS1,1280,298.72,36.53
37,2025-09-23/24,OFF GRADES,Agraouvah,FGS/FGS1,1260,298.72,36.53
37,2025-07-23/24,OFF GRADES,Hingalgoda CTC,PF,1300,298.72,36.53
37,2025-09-23/24,OFF GRADES,Wilehena,BM,1340,298.72,36.53
37,2025-09-23/24,OFF GRADES,Adams View,BP,1200,298.72,36.53
37,2025-09-23/24,OFF GRADES,Kothmale Hills,BP,1200,298.72,36.53
37,2025-09-23/24,OFF GRADES,Bogoda,BP,1200,298.72,36.53
37,2025-09-23/24,OFF GRADES,Chandrika Estate,BOPIA,1650,298.72,36.53
37,2025-09-23/24,OFF GRADES,Aldora,BOPIA,1550,298.72,36.53
37,2025-09-23/24,LOW GROWNS,Golden Garden,BOP,2850,298.72,53.92
37,2025-09-23/24,LOW GROWNS,Elaine Super,BOP,2900,298.72,53.92
37,2025-09-23/24,LOW GROWNS,Kamarangapitiya,BOPSp,2450,298.72,53.92
37,2025-09-23/24,LOW GROWNS,Kings Bru,BOPF,2000,298.72,53.92
37,2025-09-23/24,LOW GROWNS,Rajjuruwatta Super,BOPFSp,2850,298.72,53.92
37,2025-09-23/24,LOW GROWNS,Sithaka,FBOP,2450,298.72,53.92
37,2025-09-23/24,LOW GROWNS,Kiruwanaganga,FBOP1,2350,298.72,53.92
37,2025-09-23/24,LOW GROWNS,New Laksakanda,FBOPF,1850,298.72,53.92
37,2025-09-23/24,LOW GROWNS,Pothotuwa,FBOPF1,1750,298.72,53.92
37,2025-09-23/24,LOW GROWNS,Makandura,PEK,2450,298.72,53.92
37,2025-09-23/24,LOW GROWNS,Lions,PEK1,2900,298.72,53.92
38,2025-09-29/30,WESTERN MEDIUM,Ancoombra,BOP,2000,298.76,39.27
38,2025-09-29/30,WESTERN MEDIUM,Hatale,BOPSp,1480,298.76,39.27
38,2025-09-29/30,WESTERN MEDIUM,Harangalla,BOPF/BOPFSp,1340,298.76,39.27
38,2025-09-29/30,WESTERN MEDIUM,Vellai Oya,BOPF/BOPFSp,1240,298.76,39.27
38,2025-09-29/30,WESTERN MEDIUM,Dartry Valley,BOP1,1900,298.76,39.27
38,2025-09-29/30,WESTERN MEDIUM,Craighead,FBOP/FBOP1,1800,298.76,39.27
38,2025-09-29/30,WESTERN MEDIUM,Kenilworth,FBOP/FBOP1,1800,298.76,39.27
38,2025-09-29/30,WESTERN MEDIUM,Dartry Valley,FBOPF/FBOPF1,1550,298.76,39.27
38,2025-09-29/30,WESTERN MEDIUM,Harangalla,FBOPF/FBOPF1,1550,298.76,39.27
38,2025-09-29/30,WESTERN MEDIUM,Ancoombra,FBOPF/FBOPF1,1550,298.76,39.27
38,2025-09-29/30,WESTERN MEDIUM,Craighead,FBOPF/FBOPF1,1500,298.76,39.27
38,2025-09-29/30,WESTERN MEDIUM,Hatale,FBOPF/FBOPF1,1500,298.76,39.27
38,2025-09-29/30,WESTERN MEDIUM,Doombagastalawa,FBOPF/FBOPF1,1480,298.76,39.27
38,2025-09-29/30,WESTERN MEDIUM,Uplands,FBOPF/FBOPF1,1480,298.76,39.27
38,2025-09-29/30,WESTERN MEDIUM,Greenwood,OP/OPA,1460,298.76,39.27
38,2025-09-29/30,WESTERN MEDIUM,Dartry Valley,OP1,1440,298.76,39.27
38,2025-09-29/30,WESTERN MEDIUM,Craighead,PEK/PEK1,1950,298.76,39.27
38,2025-09-29/30,WESTERN MEDIUM,Dartry Valley,PEK/PEK1,1950,298.76,39.27
38,2025-09-29/30,WESTERN MEDIUM,Harangalla,PEK/PEK1,1950,298.76,39.27
38,2025-09-29/30,WESTERN MEDIUM,Randenigala Super,PEK/PEK1,1950,298.76,39.27
38,2025-09-29/30,WESTERN MEDIUM,Meezan,PEK/PEK1,1950,298.76,39.27
38,2025-09-29/30,WESTERN MEDIUM,Elkaduwa,PEK/PEK1,1950,298.76,39.27
38,2025-09-29/30,WESTERN MEDIUM,Imboolpittiya,PEK/PEK1,1900,298.76,39.27
38,2025-09-29/30,WESTERN MEDIUM,New Rothschild,PEK/PEK1,1900,298.76,39.27
38,2025-09-29/30,WESTERN MEDIUM,New Fernland,PEK/PEK1,1900,298.76,39.27
38,2025-09-29/30,WESTERN MEDIUM,Meezan,PEK/PEK1,1900,298.76,39.27
38,2025-09-29/30,WESTERN MEDIUM,Galgewatta,PEK/PEK1,1900,298.76,39.27
38,2025-09-29/30,WESTERN MEDIUM,Doombagastalawa,PEK/PEK1,1850,298.76,39.27
38,2025-09-29/30,WESTERN MEDIUM,Rilagala,PEK/PEK1,1850,298.76,39.27
38,2025-09-29/30,WESTERN MEDIUM,Hansagiri Kothmale,PEK/PEK1,1850,298.76,39.27
38,2025-09-29/30,UVA MEDIUM,Maratenne,BOP,1360,298.76,29.74
38,2025-09-29/30,UVA MEDIUM,Roseland Uva,BOP,1360,298.76,29.74
38,2025-09-29/30,UVA MEDIUM,Halpewatta Uva,BOPSp,1650,298.76,29.74
38,2025-09-29/30,UVA MEDIUM,Dickwella,BOPF/BOPFSp,1480,298.76,29.74
38,2025-09-29/30,UVA MEDIUM,Dickwella,BOP1,1750,298.76,29.74
38,2025-09-29/30,UVA MEDIUM,Aruna Passara,FBOP/FBOP1,1700,298.76,29.74
38,2025-09-29/30,UVA MEDIUM,Shawlands,FBOP/FBOP1,1550,298.76,29.74
38,2025-09-29/30,UVA MEDIUM,Sarnia Plaiderie,FBOPF/FBOPF1,1550,298.76,29.74
38,2025-09-29/30,UVA MEDIUM,Dickwella,OP/OPA,1280,298.76,29.74
38,2025-09-29/30,UVA MEDIUM,Pettiagalla,OP1,1400,298.76,29.74
38,2025-09-29/30,UVA MEDIUM,Sarnia Plaiderie,OP1,1400,298.76,29.74
38,2025-09-29/30,UVA MEDIUM,Sarnia Plaiderie,PEK/PEK1,1950,298.76,29.74
38,2025-09-29/30,WESTERN HIGH,Norwood,BOP,1550,298.76,34.34
38,2025-09-29/30,WESTERN HIGH,Robgill,BOP,1480,298.76,34.34
38,2025-09-29/30,WESTERN HIGH,Dessford,BOP,1440,298.76,34.34
38,2025-09-29/30,WESTERN HIGH,Ingestre,BOP,1440,298.76,34.34
38,2025-09-29/30,WESTERN HIGH,Dessford,BOPSp,1500,298.76,34.34
38,2025-09-29/30,WESTERN HIGH,Great western,BOPF/BOPFSp,1550,298.76,34.34
38,2025-09-29/30,WESTERN HIGH,Dessford,BOPF/BOPFSp,1500,298.76,34.34
38,2025-09-29/30,WESTERN HIGH,Inverness,BOP1,1650,298.76,34.34
38,2025-09-29/30,WESTERN HIGH,Bogahawatte,FBOP/FBOP1,1650,298.76,34.34
38,2025-09-29/30,WESTERN HIGH,Glenloch,FBOPF/FBOPF1,1480,298.76,34.34
38,2025-09-29/30,WESTERN HIGH,Venture,OP/OPA,1300,298.76,34.34
38,2025-09-29/30,WESTERN HIGH,Bambarakelly,OP/OPA,1300,298.76,34.34
38,2025-09-29/30,WESTERN HIGH,Inverness,OP1,1500,298.76,34.34
38,2025-09-29/30,WESTERN HIGH,Cymru,PEK/PEK1,1900,298.76,34.34
38,2025-09-29/30,UVA HIGH,Nayabedde,BOP,1440,298.76,16.5
38,2025-09-29/30,UVA HIGH,Ellathota Uva,BOP,1360,298.76,16.5
38,2025-09-29/30,UVA HIGH,Ranaya,BOPSp,920,298.76,16.5
38,2025-09-29/30,UVA HIGH,Nayabedde,BOPF/BOPFSp,1360,298.76,16.5
38,2025-09-29/30,UVA HIGH,Bandaraeliya,BOPF/BOPFSp,1280,298.76,16.5
38,2025-09-29/30,UVA HIGH,Kelliebedde,BOPF/BOPFSp,1260,298.76,16.5
38,2025-09-29/30,UVA HIGH,Uva Highlands,BOP1,1320,298.76,16.5
38,2025-09-29/30,UVA HIGH,Aislaby,FBOP/FBOP1,1550,298.76,16.5
38,2025-09-29/30,UVA HIGH,Uva Highlands,FBOPF/FBOPF1,1400,298.76,16.5
38,2025-09-29/30,UVA HIGH,Mount Uva,OP/OPA,1360,298.76,16.5
38,2025-09-29/30,UVA HIGH,Uva Highlands,OP1,1380,298.76,16.5
38,2025-09-29/30,UVA HIGH,Needwood Super,PEK/PEK1,1800,298.76,16.5
38,2025-09-29/30,UVA HIGH,Mount Uva,PEK/PEK1,1800,298.76,16.5
38,2025-09-29/30,UVA HIGH,Ranaya,PEK/PEK1,1800,298.76,16.5
38,2025-09-29/30,UVA HIGH,Ellathota Uva,PEK/PEK1,1800,298.76,16.5
38,2025-09-29/30,NUWARA ELIYAS,Kenmare,BOP,820,298.76,40.36
38,2025-09-29/30,NUWARA ELIYAS,Lovers Leap,BOPF/BOPFSp,1300,298.76,40.36
38,2025-09-29/30,NUWARA ELIYAS,Court Lodge,FBOP/FBOP1,1120,298.76,40.36
38,2025-09-29/30,NUWARA ELIYAS,Summerhill,OP/OPA,960,298.76,40.36
38,2025-09-29/30,NUWARA ELIYAS,Court Lodge,PEK/PEK1,1260,298.76,40.36
38,2025-09-29/30,UDAPUSSELLAWAS,High Forest,BOP,1280,298.76,32.64
38,2025-09-29/30,UDAPUSSELLAWAS,Kirklees,BOPF/BOPFSp,1260,298.76,32.64
38,2025-09-29/30,UDAPUSSELLAWAS,Mooloya,BOPF/BOPFSp,1260,298.76,32.64
38,2025-09-29/30,UDAPUSSELLAWAS,Delmar,FBOPF/FBOPF2,1240,298.76,36.53
38,2025-07-29/30,UDAPUSSELLAWAS,Maha Uva,OP/OPA,1200,298.76,32.64
38,2025-09-29/30,UDAPUSSELLAWAS,Delmar,OP1,1320,298.76,32.64
38,2025-09-29/30,UDAPUSSELLAWAS,Maha Uva,PEK/PEK1,1800,298.76,32.64
38,2025-09-29/30,UNORTHODOX HIGH,Dunsinane CTC,PF1,1220,298.76,36.53
38,2025-09-29/30,UNORTHODOX MEDIUM,Strathdon CTC,PF1,1160,298.76,36.53
38,2025-09-29/30,UNORTHODOX MEDIUM,Park Side CTC,BPS,670,298.76,36.53
38,2025-09-29/30,UNORTHODOX LOW,Kalubowitiyana CTC,PF1,1440,298.76,36.53
38,2025-09-29/30,UNORTHODOX LOW,Ceciliyan CTC,BP1,1400,298.76,36.53
38,2025-09-29/30,UNORTHODOX LOW,Ross Feld CTC,BPS,680,298.76,36.53
38,2025-09-29/30,PREMIUM FLOWERY,Aruna,FBOPFSp,4450,298.76,36.53
38,2025-09-29/30,PREMIUM FLOWERY,Samvin,FBOPFSp,4350,298.76,36.53
38,2025-09-29/30,PREMIUM FLOWERY,Fortune,FBOPFSp,4050,298.76,36.53
38,2025-09-29/30,PREMIUM FLOWERY,New Batuwangala,FBOPFExSp,4600,298.76,36.53
38,2025-09-29/30,PREMIUM FLOWERY,Danlanda Watte,FBOPFExSp,4150,298.76,36.53
38,2025-09-29/30,PREMIUM FLOWERY,Dullie Ella,FBOPFExSp,3950,298.76,36.53
38,2025-09-29/30,PREMIUM FLOWERY,Magedara,FBOPFExSp1,3650,298.76,36.53
38,2025-09-29/30,PREMIUM FLOWERY,Kamarangapitiya,FBOPFExSp1,3550,298.76,36.53
38,2025-09-29/30,DUSTS,Mattakelle,DUST1,1650,298.76,36.53
38,2025-09-29/30,DUSTS,Kalubowitiyana CTC,PD,1380,298.76,36.53
38,2025-09-29/30,DUSTS,Dellawa CTC,PD,1380,298.76,36.53
38,2025-09-29/30,DUSTS,Ceciliyan CTC,PD,1380,298.76,36.53
38,2025-09-29/30,OFF GRADES,Mattakelle,FGS/FGS1,1320,298.76,36.53
38,2025-09-29/30,OFF GRADES,Wanarajah,FGS/FGS1,1260,298.76,36.53
38,2025-09-29/30,OFF GRADES,Wattegodde,FGS/FGS1,1260,298.76,36.53
38,2025-09-29/30,OFF GRADES,Agraouvah,FGS/FGS1,1260,298.76,36.53
38,2025-09-29/30,OFF GRADES,Bogawantalawa,FGS/FGS1,1220,298.76,36.53
38,2025-09-29/30,OFF GRADES,Liyonta CTC,PF,1320,298.76,36.53
38,2025-09-29/30,OFF GRADES,Bogoda,BM,1300,298.76,36.53
38,2025-09-29/30,OFF GRADES,Chandrika Estate,BP,1200,298.76,36.53
38,2025-09-29/30,OFF GRADES,Chandrika Estate,BOPIA,1550,298.76,36.53
38,2025-09-29/30,OFF GRADES,Aldora,BOPIA,1500,298.76,36.53
38,2025-09-29/30,OFF GRADES,Liyonta,BOPIA,1500,298.76,36.53
38,2025-09-29/30,LOW GROWNS,Golden Garden,BOP,2850,298.76,53.92
38,2025-09-29/30,LOW GROWNS,Elaine Super,BOP,2900,298.76,53.92
38,2025-09-29/30,LOW GROWNS,Kamarangapitiya,BOPSp,2450,298.76,53.92
38,2025-09-29/30,LOW GROWNS,New Spring View,BOPSp,2450,298.76,53.92
38,2025-09-29/30,LOW GROWNS,Kings Bru,BOPF,2000,298.76,53.92
38,2025-09-29/30,LOW GROWNS,Rajjuruwatta Super,BOPFSp,2850,298.76,53.92
38,2025-09-29/30,LOW GROWNS,Sithaka,FBOP,2450,298.76,53.92
38,2025-09-29/30,LOW GROWNS,Kiruwanaganga,FBOP1,2350,298.76,53.92
38,2025-09-29/30,LOW GROWNS,New Laksakanda,FBOPF,1850,298.76,53.92
38,2025-09-29/30,LOW GROWNS,Lumbini,FBOPF1,1950,298.76,53.92
38,2025-09-29/30,LOW GROWNS,Kolonna Super,FBOPF1,1700,298.76,53.92
38,2025-09-29/30,LOW GROWNS,Pothotuwa,BOP1,2900,298.76,53.92
38,2025-09-29/30,LOW GROWNS,Dampahala,OP1,3200,298.76,53.92
38,2025-09-29/30,LOW GROWNS,Kiruwanaganga,OP1,3050,298.76,53.92
38,2025-09-29/30,LOW GROWNS,Makandura,OP1,3000,298.76,53.92
38,2025-09-29/30,LOW GROWNS,Miriswatta,OP,1650,298.76,53.92
38,2025-09-29/30,LOW GROWNS,Liyonta,OPA,2200,298.76,53.92
38,2025-09-29/30,LOW GROWNS,Lumbini,PEK,2600,298.76,53.92
38,2025-09-29/30,LOW GROWNS,Galahitiya,PEK1,2700,298.76,53.92
39,2025-10-07/08,WESTERN MEDIUM,Ancoombra,BOP,1800,298.74,39.27
39,2025-10-07/08,WESTERN MEDIUM,Harangalla,BOP,1650,298.74,39.27
39,2025-10-07/08,WESTERN MEDIUM,Dartry Valley,BOP,1500,298.74,39.27
39,2025-10-07/08,WESTERN MEDIUM,Craighead,FBOP/FBOP1,1750,298.74,39.27
39,2025-10-07/08,WESTERN MEDIUM,Imboolpittia,FBOP/FBOP1,1750,298.74,39.27
39,2025-10-07/08,WESTERN MEDIUM,Craighead,FBOPF/FBOPF1,1600,298.74,39.27
39,2025-10-07/08,WESTERN MEDIUM,Dartry Valley,FBOPF/FBOPF1,1600,298.74,39.27
39,2025-10-07/08,WESTERN MEDIUM,Hatale,OP/OPA,1400,298.74,39.27
39,2025-10-07/08,WESTERN MEDIUM,Craighead,OP1,1700,298.74,39.27
39,2025-10-07/08,WESTERN MEDIUM,Sarnia Plaiderie,PEK/PEK1,1900,298.74,39.27
39,2025-10-07/08,WESTERN MEDIUM,Doombagastalawa,PEK/PEK1,1900,298.74,39.27
39,2025-10-07/08,WESTERN MEDIUM,Harangalla,PEK/PEK1,1900,298.74,39.27
39,2025-10-07/08,WESTERN MEDIUM,Imboolpittia,PEK/PEK1,1850,298.74,39.27
39,2025-10-07/08,UVA MEDIUM,Misty Uva,BOP,1340,298.74,29.74
39,2025-10-07/08,UVA MEDIUM,Hindagala,BOPSp,1380,298.74,29.74
39,2025-10-07/08,UVA MEDIUM,Dickwella,BOPF/BOPFSp,1600,298.74,29.74
39,2025-10-07/08,UVA MEDIUM,Aruna Passara,BOP1,1950,298.74,29.74
39,2025-07-07/08,UVA MEDIUM,Dickwella,OP/OPA,1260,298.74,29.74
39,2025-10-07/08,UVA MEDIUM,Aruna Passara,OP1,1650,298.74,29.74
39,2025-10-07/08,UVA MEDIUM,Craighead,PEK/PEK1,1900,298.74,29.74
39,2025-10-07/08,UVA MEDIUM,UVA Samovar,OP1,1300,298.74,29.74
39,2025-10-07/08,WESTERN HIGH,Norwood,BOP,1500,298.74,34.34
39,2025-10-07/08,WESTERN HIGH,Bearwell,BOPSp,1650,298.74,34.34
39,2025-10-07/08,WESTERN HIGH,Great Western,BOPF/BOPFSp,1600,298.74,34.34
39,2025-10-07/08,WESTERN HIGH,Inverness,BOP1,1800,298.74,34.34
39,2025-10-07/08,WESTERN HIGH,Bogahawatte,FBOPF/FBOPF1,1420,298.74,34.34
39,2025-10-07/08,WESTERN HIGH,Venture,OP/OPA,1300,298.74,34.34
39,2025-10-07/08,WESTERN HIGH,Cymru,PEK/PEK1,1750,298.74,34.34
39,2025-10-07/08,UVA HIGH,Nayabedde,BOP,1360,298.74,16.5
39,2025-10-07/08,UVA HIGH,Ranaya,BOPSp,920,298.74,16.5
39,2025-10-07/08,UVA HIGH,Nayabedde,BOPF/BOPFSp,1360,298.74,16.5
39,2025-10-07/08,UVA HIGH,Uva Highlands,BOP1,1320,298.74,16.5
39,2025-10-07/08,UVA HIGH,Aislaby,FBOP/FBOP1,1550,298.74,16.5
39,2025-09-07/08,UVA HIGH,Mount Uva,OP/OPA,1360,298.74,16.5
39,2025-09-07/08,UVA HIGH,Uva Highlands,OP1,1380,298.74,16.5
39,2025-10-07/08,UVA HIGH,Needwood Super,PEK/PEK1,1800,298.74,16.5
39,2025-10-07/08,NUWARA ELIYAS,Mahagastotte,BOPF/BOPFSp,1280,298.74,40.36
39,2025-10-07/08,NUWARA ELIYAS,Lovers Leap,BOPF/BOPFSp,1280,298.74,40.36
39,2025-10-07/08,NUWARA ELIYAS,Court Lodge,FBOP/FBOP1,1180,298.74,40.36
39,2025-10-07/08,NUWARA ELIYAS,Court Lodge,PEK/PEK1,1480,298.74,40.36
39,2025-10-07/08,UDAPUSSELLAWAS,Luckyland,BOP,1220,298.74,32.64
39,2025-10-07/08,UDAPUSSELLAWAS,Mooloya,BOPF/BOPFSp,1260,298.74,32.64
39,2025-10-07/08,UDAPUSSELLAWAS,Delmar,FBOP/FBOP1,1400,298.74,32.64
39,2025-10-07/08,UDAPUSSELLAWAS,Delmar,FBOPF/FBOPF1,1320,298.74,32.64
39,2025-09-07/08,UDAPUSSELLAWAS,Maha Uva,OP/OPA,1200,298.74,32.64
39,2025-10-07/08,UDAPUSSELLAWAS,High Forest,OP1,1040,298.74,32.64
39,2025-10-07/08,UDAPUSSELLAWAS,Delmar,PEK/PEK1,1480,298.74,32.64
39,2025-10-07/08,UNORTHODOX HIGH,Dunsinane CTC,PF1,1180,298.74,36.53
39,2025-10-07/08,UNORTHODOX MEDIUM,Strathdon CTC,PF1,1200,298.74,36.53
39,2025-10-07/08,UNORTHODOX LOW,Kalubowitiyana CTC,PF1,1460,298.74,36.53
39,2025-10-07/08,UNORTHODOX LOW,Ceciliyan CTC,BP1,1440,298.74,36.53
39,2025-10-07/08,PREMIUM FLOWERY,Aruna,FBOPFSp,5000,298.74,36.53
39,2025-10-07/08,PREMIUM FLOWERY,New Batuwangala,FBOPFExSp,5300,298.74,36.53
39,2025-10-07/08,PREMIUM FLOWERY,Garden Leaf Super,FBOPFExSp1,5250,298.74,36.53
39,2025-10-07/08,DUSTS,Mattakelle,DUST1,1460,298.74,36.53
39,2025-10-07/08,DUSTS,Ceciliyan CTC,PD,1460,298.74,36.53
39,2025-09-07/08,OFF GRADES,Holyrood,FGS/FGS1,1550,298.74,36.53
39,2025-10-07/08,OFF GRADES,Hingalgoda CTC,PF,1320,298.74,36.53
39,2025-10-07/08,OFF GRADES,Norwich,BM,1060,298.74,36.53
39,2025-10-07/08,OFF GRADES,Kothmale Hills,BP,1180,298.74,36.53
39,2025-10-07/08,OFF GRADES,Bogoda,BOPIA,1600,298.74,36.53
39,2025-10-07/08,LOW GROWNS,Golden Garden,BOP,2850,298.74,53.92
39,2025-10-07/08,LOW GROWNS,New Laksakanda,BOP,2450,298.74,53.92
39,2025-10-07/08,LOW GROWNS,New Spring View,BOPSp,2400,298.74,53.92
39,2025-10-07/08,LOW GROWNS,Kings Bru,BOPF,2050,298.74,53.92
39,2025-10-07/08,LOW GROWNS,Rajjuruwatta Super,BOPFSp,2850,298.74,53.92
39,2025-10-07/08,LOW GROWNS,Sithaka,FBOP,2450,298.74,53.92
39,2025-10-07/08,LOW GROWNS,Wattahena,FBOP1,1950,298.74,53.92
39,2025-10-07/08,LOW GROWNS,New Laksakanda,FBOPF,1750,298.74,53.92
39,2025-10-07/08,LOW GROWNS,Lumbini,FBOPF1,1850,298.74,53.92
39,2025-10-07/08,LOW GROWNS,Pothotuwa,BOP1,3000,298.74,53.92
39,2025-10-07/08,LOW GROWNS,Pothotuwa,OP1,3450,298.74,53.92
39,2025-10-07/08,LOW GROWNS,Lumbini,PEK,2400,298.74,53.92
39,2025-10-07/08,LOW GROWNS,Liyonta,PEK1,2400,298.74,53.92
39,2025-10-07/08,LOW GROWNS,Peak View Super,PEK1,2400,298.74,53.92
40,2025-10-14/15,WESTERN MEDIUM,Ancoombra,BOP,1800,298.84,39.27
40,2025-10-14/15,WESTERN MEDIUM,Galgewatta,BOP,1800,298.84,39.27
40,2025-10-14/15,WESTERN MEDIUM,Dartry Valley,BOP,1700,298.84,39.27
40,2025-10-14/15,WESTERN MEDIUM,Harangalla,BOP,1700,298.84,39.27
40,2025-10-14/15,WESTERN MEDIUM,Doombagastalawa,BOP,1440,298.84,39.27
40,2025-10-14/15,WESTERN MEDIUM,Windsorforest,BOPSp,1420,298.84,39.27
40,2025-10-14/15,WESTERN MEDIUM,Vellai Oya,BOPF/BOPFSp,1240,298.84,39.27
40,2025-10-14/15,WESTERN MEDIUM,Rozelle,BOPF/BOPFSp,1180,298.84,39.27
40,2025-10-14/15,WESTERN MEDIUM,Dartry Valley,BOP1,1850,298.84,39.27
40,2025-10-14/15,WESTERN MEDIUM,Craighead,FBOP/FBOP1,1800,298.84,39.27
40,2025-10-14/15,WESTERN MEDIUM,New Rothschild,FBOP/FBOP1,1800,298.84,39.27
40,2025-10-14/15,WESTERN MEDIUM,Harangalla,FBOPF/FBOPF1,1550,298.84,39.27
40,2025-10-14/15,WESTERN MEDIUM,Ancoombra,FBOPF/FBOPF1,1550,298.84,39.27
40,2025-10-14/15,WESTERN MEDIUM,Craighead,FBOPF/FBOPF1,1500,298.84,39.27
40,2025-10-14/15,WESTERN MEDIUM,Hatale,FBOPF/FBOPF1,1500,298.84,39.27
40,2025-10-14/15,WESTERN MEDIUM,Imboolpittia,FBOPF/FBOPF1,1480,298.84,39.27
40,2025-10-14/15,WESTERN MEDIUM,Dartry Valley,OP/OPA,1300,298.84,39.27
40,2025-10-14/15,WESTERN MEDIUM,Craighead,OP/OPA,1300,298.84,39.27
40,2025-10-14/15,WESTERN MEDIUM,Dartry Valley,PEK/PEK1,1950,298.84,39.27
40,2025-10-14/15,WESTERN MEDIUM,Harangalla,PEK/PEK1,1950,298.84,39.27
40,2025-10-14/15,WESTERN MEDIUM,Pupuressa,PEK/PEK1,1900,298.84,39.27
40,2025-10-14/15,WESTERN MEDIUM,Imboolpittia,PEK/PEK1,1850,298.84,39.27
40,2025-10-14/15,UVA MEDIUM,Misty-Uva,BOP,1320,298.84,29.74
40,2025-10-14/15,UVA MEDIUM,El Teb,BOP,1200,298.84,29.74
40,2025-10-14/15,UVA MEDIUM,Dickwella,BOPSp,1280,298.84,29.74
40,2025-10-14/15,UVA MEDIUM,Halpewatta Uva,BOPSp,1120,298.84,29.74
40,2025-10-14/15,UVA MEDIUM,Dickwella,BOPF/BOPFSp,1400,298.84,29.74
40,2025-10-14/15,UVA MEDIUM,Sarnia Plaiderie,BOP1,1550,298.84,29.74
40,2025-10-14/15,UVA MEDIUM,Misty-Uva,FBOP/FBOP1,1600,298.84,29.74
40,2025-10-14/15,UVA MEDIUM,Telbedde,FBOP/FBOP1,1600,298.84,29.74
40,2025-10-14/15,UVA MEDIUM,Dickwella,FBOP/FBOP1,1550,298.84,29.74
40,2025-10-14/15,UVA MEDIUM,Sarnia Plaiderie,FBOPF/FBOPF1,1480,298.84,29.74
40,2025-10-14/15,UVA MEDIUM,Dickwella,FBOPF/FBOPF1,1400,298.84,29.74
40,2025-10-14/15,UVA MEDIUM,Misty-Uva,OP/OPA,1260,298.84,29.74
40,2025-10-14/15,UVA MEDIUM,Sarnia Plaiderie,OP1,1650,298.84,29.74
40,2025-10-14/15,UVA MEDIUM,Dickwella,OP1,1400,298.84,29.74
40,2025-10-14/15,UVA MEDIUM,Misty-Uva,OP1,1360,298.84,29.74
40,2025-10-14/15,UVA MEDIUM,Sarnia Plaiderie,PEK/PEK1,1900,298.84,29.74
40,2025-10-14/15,UVA MEDIUM,Dickwella,PEK/PEK1,1900,298.84,29.74
40,2025-10-14/15,WESTERN HIGH,Craig Hill,BOP,1850,298.84,34.34
40,2025-10-14/15,WESTERN HIGH,Norwood,BOP,1460,298.84,34.34
40,2025-10-14/15,WESTERN HIGH,Wattegodde,BOPSp,1500,298.84,34.34
40,2025-10-14/15,WESTERN HIGH,Bearwell,BOPSp,1440,298.84,34.34
40,2025-10-14/15,WESTERN HIGH,Eildon Hall,BOPSp,1260,298.84,34.34
40,2025-09-14/15,WESTERN HIGH,Dessford,BOPF/BOPFSp,1440,298.84,34.34
40,2025-10-14/15,WESTERN HIGH,Inverness,BOP1,1500,298.84,34.34
40,2025-10-14/15,WESTERN HIGH,Torrington,FBOP/FBOP1,1550,298.84,34.34
40,2025-10-14/15,WESTERN HIGH,Cymru,FBOPF/FBOPF1,1420,298.84,34.34
40,2025-10-14/15,WESTERN HIGH,Venture,OP/OPA,1300,298.84,34.34
40,2025-10-14/15,WESTERN HIGH,Venture,OP1,1380,298.84,34.34
40,2025-10-14/15,WESTERN HIGH,Cymru,PEK/PEK1,1850,298.84,34.34
40,2025-10-14/15,WESTERN HIGH,Gartmore,PEK/PEK1,1600,298.84,34.34
40,2025-10-14/15,UVA HIGH,Nayabedde,BOP,1240,298.84,16.5
40,2025-10-14/15,UVA HIGH,Kelliebedde,BOP,1220,298.84,16.5
40,2025-10-14/15,UVA HIGH,Spring Valley,BOP,870,298.84,16.5
40,2025-10-14/15,UVA HIGH,Hope,BOPF/BOPFSp,870,298.84,16.5
40,2025-10-14/15,UVA HIGH,Inverness,BOP1,1500,298.84,16.5
40,2025-10-14/15,UVA HIGH,Torrington,FBOP/FBOP1,1550,298.84,16.5
40,2025-10-14/15,UVA HIGH,Craig,FBOPF/FBOPF1,1400,298.84,16.5
40,2025-10-14/15,UVA HIGH,Ellathota Uva,OP/OPA,1280,298.84,16.5
40,2025-10-14/15,UVA HIGH,Ellathota Uva,OP1,1500,298.84,16.5
40,2025-10-14/15,UVA HIGH,Oodoowerre,PEK/PEK1,1750,298.84,16.5
40,2025-10-14/15,UVA HIGH,Ranaya,PEK/PEK1,1750,298.84,16.5
40,2025-10-14/15,NUWARA ELIYAS,Kenmare,FBOP/FBOP1,1100,298.84,40.36
40,2025-10-14/15,NUWARA ELIYAS,Court Lodge,PEK/PEK1,1300,298.84,40.36
40,2025-10-14/15,UDAPUSSELLAWAS,Gonapitiya,FBOPF/FBOPF1,1280,298.84,32.64
40,2025-10-14/15,UDAPUSSELLAWAS,Delmar,OP1,1380,298.84,32.64
40,2025-10-14/15,UDAPUSSELLAWAS,Maha Uva,PEK/PEK1,1800,298.84,32.64
40,2025-10-14/15,UNORTHODOX HIGH,Dunsinane CTC,PF1,1180,298.84,36.53
40,2025-10-14/15,UNORTHODOX MEDIUM,New Peacock CTC,PF1,1220,298.84,36.53
40,2025-10-14/15,UNORTHODOX LOW,Hingalgoda CTC,PF1,1500,298.84,36.53
40,2025-10-14/15,UNORTHODOX LOW,Ceciliyan CTC,BP1,1440,298.84,36.53
40,2025-10-14/15,PREMIUM FLOWERY,Rajjuruwatta Super,FBOPFSp,4950,298.84,36.53
40,2025-10-14/15,PREMIUM FLOWERY,Randiv Super,FBOPFSp,4950,298.84,36.53
40,2025-10-14/15,PREMIUM FLOWERY,New Batuwangala,FBOPFExSp,5350,298.84,36.53
40,2025-10-14/15,PREMIUM FLOWERY,Garden Leaf Super,FBOPFExSp1,5950,298.84,36.53
40,2025-10-14/15,DUSTS,Great Western,DUST1,1500,298.84,36.53
40,2025-10-14/15,DUSTS,Ceciliyan CTC,PD,1420,298.84,36.53
40,2025-10-14/15,OFF GRADES,Kotiyagalla,FGS/FGS1,1260,298.84,36.53
40,2025-10-14/15,OFF GRADES,Hingalgoda CTC,PF,1360,298.84,36.53
40,2025-10-14/15,OFF GRADES,Norwich,BM,1060,298.84,36.53
40,2025-10-14/15,OFF GRADES,Laksakanda,BP,1200,298.84,36.53
40,2025-10-14/15,OFF GRADES,Aldora,BOPIA,1420,298.84,36.53
40,2025-10-14/15,LOW GROWNS,Elaine Super,BOP,2550,298.84,53.92
40,2025-10-14/15,LOW GROWNS,Stream Line,BOPSp,2350,298.84,53.92
40,2025-10-14/15,LOW GROWNS,Kings Bru,BOPF,2100,298.84,53.92
40,2025-10-14/15,LOW GROWNS,Rajjuruwatta Super,BOPFSp,2500,298.84,53.92
40,2025-10-14/15,LOW GROWNS,Sunrise,FBOP,2500,298.84,53.92
40,2025-10-14/15,LOW GROWNS,Woodland Grand,FBOPF1,1750,298.84,53.92
40,2025-10-14/15,LOW GROWNS,Pothotuwa,BOP1,3000,298.84,53.92
40,2025-10-14/15,LOW GROWNS,Susantha,OP1,3300,298.84,53.92
40,2025-10-14/15,LOW GROWNS,Lions,OPA,1800,298.84,53.92
40,2025-10-14/15,LOW GROWNS,Liyonta,PEK1,2500,298.84,53.92
41,2025-10-21/22,WESTERN MEDIUM,Hatale,BOP,2050,299.22,39.27
41,2025-10-21/22,WESTERN MEDIUM,Uplands,BOPSp,1440,299.22,39.27
41,2025-10-21/22,WESTERN MEDIUM,Craighead,BOPSp,1400,299.22,39.27
41,2025-10-21/22,WESTERN MEDIUM,Vellai Oya,BOPF/BOPFSp,1260,299.22,39.27
41,2025-10-21/22,WESTERN MEDIUM,Harangalla,BOPF/BOPFSp,1220,299.22,39.27
41,2025-10-21/22,WESTERN MEDIUM,Craighead,BOPF/BOPFSp,1160,299.22,39.27
41,2025-10-21/22,WESTERN MEDIUM,Ancoombra,BOPF/BOPFSp,1160,299.22,39.27
41,2025-10-21/22,WESTERN MEDIUM,Dartry Valley,BOP1,1900,299.22,39.27
41,2025-10-21/22,WESTERN MEDIUM,Craighead,FBOP/FBOP1,1900,299.22,39.27
41,2025-10-21/22,WESTERN MEDIUM,Doombagastalawa,FBOP/FBOP1,1850,299.22,39.27
41,2025-10-21/22,WESTERN MEDIUM,Imboolpittiya,FBOP/FBOP1,1850,299.22,39.27
41,2025-10-21/22,WESTERN MEDIUM,Harangalla,FBOP/FBOP1,1800,299.22,39.27
41,2025-10-21/22,WESTERN MEDIUM,Dartry Valley,FBOP/FBOP1,1800,299.22,39.27
41,2025-10-21/22,WESTERN MEDIUM,Craighead,FBOPF/FBOPF1,1600,299.22,39.27
41,2025-10-21/22,WESTERN MEDIUM,Dartry Valley,FBOPF/FBOPF1,1550,299.22,39.27
41,2025-10-21/22,WESTERN MEDIUM,Harangalla,FBOPF/FBOPF1,1550,299.22,39.27
41,2025-10-21/22,WESTERN MEDIUM,Ancoombra,FBOPF/FBOPF1,1550,299.22,39.27
41,2025-10-21/22,WESTERN MEDIUM,Hatale,FBOPF/FBOPF1,1550,299.22,39.27
41,2025-10-21/22,WESTERN MEDIUM,Doombagastalawa,FBOPF/FBOPF1,1500,299.22,39.27
41,2025-10-21/22,WESTERN MEDIUM,Craighead,OP/OPA,1260,299.22,39.27
41,2025-10-21/22,WESTERN MEDIUM,Menikdiwela Tea,OP/OPA,1240,299.22,39.27
41,2025-10-21/22,WESTERN MEDIUM,Hansagiri Kothmale,OP/OPA,1240,299.22,39.27
41,2025-10-21/22,WESTERN MEDIUM,Greenwood,OP1,1700,299.22,39.27
41,2025-10-21/22,WESTERN MEDIUM,Craighead,OP1,1650,299.22,39.27
41,2025-10-21/22,WESTERN MEDIUM,New Rothschild,PEK/PEK1,2050,299.22,39.27
41,2025-10-21/22,WESTERN MEDIUM,Craighead,PEK/PEK1,1950,299.22,39.27
41,2025-10-21/22,WESTERN MEDIUM,Dartry Valley,PEK/PEK1,1950,299.22,39.27
41,2025-10-21/22,UVA MEDIUM,Aruna Passara,BOP,1340,299.22,29.74
41,2025-10-21/22,UVA MEDIUM,Demodera 'S',BOPSp,1260,299.22,29.74
41,2025-10-21/22,UVA MEDIUM,Dickwella,BOPSp,1240,299.22,29.74
41,2025-10-21/22,UVA MEDIUM,Dickwella,BOPF/BOPFSp,1600,299.22,29.74
41,2025-10-21/22,UVA MEDIUM,Sarnia Plaiderie,BOP1,1750,299.22,29.74
41,2025-10-21/22,UVA MEDIUM,Sarnia Plaiderie,FBOP/FBOP1,1700,299.22,29.74
41,2025-10-21/22,UVA MEDIUM,Halpewatta Uva,FBOP/FBOP1,1500,299.22,29.74
41,2025-10-21/22,UVA MEDIUM,Demodera 'S',FBOP/FBOP1,1480,299.22,29.74
41,2025-10-21/22,UVA MEDIUM,Demodera 'S',FBOPF/FBOPF1,1500,299.22,29.74
41,2025-10-21/22,UVA MEDIUM,Sarnia Plaiderie,FBOPF/FBOPF1,1500,299.22,29.74
41,2025-10-21/22,UVA MEDIUM,Sarnia Plaiderie,OP/OPA,1320,299.22,29.74
41,2025-10-21/22,UVA MEDIUM,Pettiagalla,OP1,1460,299.22,29.74
41,2025-10-21/22,UVA MEDIUM,Dickwella,PEK/PEK1,1900,299.22,29.74
41,2025-10-21/22,WESTERN HIGH,Norwood,BOP,1550,299.22,34.34
41,2025-10-21/22,WESTERN HIGH,Robgill,BOP,1440,299.22,34.34
41,2025-10-21/22,WESTERN HIGH,Ingestre,BOP,1440,299.22,34.34
41,2025-10-21/22,WESTERN HIGH,Inverness,BOP,1440,299.22,34.34
41,2025-10-21/22,WESTERN HIGH,Mattakelle,BOPSp,1550,299.22,34.34
41,2025-10-21/22,WESTERN HIGH,Wattegodde,BOPSp,1480,299.22,34.34
41,2025-10-21/22,WESTERN HIGH,Bearwell,BOPSp,1420,299.22,34.34
41,2025-10-21/22,WESTERN HIGH,Great Western,BOPF/BOPFSp,1420,299.22,34.34
41,2025-10-21/22,WESTERN HIGH,Robgill,BOPF/BOPFSp,1420,299.22,34.34
41,2025-10-21/22,WESTERN HIGH,Gouravilla,BOPF/BOPFSp,1400,299.22,34.34
41,2025-10-21/22,WESTERN HIGH,Norwood,BOPF/BOPFSp,1400,299.22,34.34
41,2025-10-21/22,WESTERN HIGH,Somerset,BOPF/BOPFSp,1360,299.22,34.34
41,2025-10-21/22,WESTERN HIGH,Mattakelle,BOPF/BOPFSp,1360,299.22,34.34
41,2025-10-21/22,WESTERN HIGH,Inverness,BOP1,1850,299.22,34.34
41,2025-10-21/22,WESTERN HIGH,Bogahawatte,FBOP/FBOP1,1600,299.22,34.34
41,2025-10-21/22,WESTERN HIGH,Fairlawn,FBOPF/FBOPF1,1480,299.22,34.34
41,2025-10-21/22,WESTERN HIGH,Cymru,OP/OPA,1280,299.22,34.34
41,2025-10-21/22,WESTERN HIGH,Cymru,OP1,1480,299.22,34.34
41,2025-10-21/22,WESTERN HIGH,Cymru,PEK/PEK1,1850,299.22,34.34
41,2025-10-21/22,WESTERN HIGH,Torrington,PEK/PEK1,1750,299.22,34.34
41,2025-10-21/22,UVA HIGH,Kelliebedde,BOP,1280,299.22,16.5
41,2025-10-21/22,UVA HIGH,Nayabedde,BOP,1240,299.22,16.5
41,2025-10-21/22,UVA HIGH,Craig,BOPSp,1360,299.22,16.5
41,2025-10-21/22,UVA HIGH,Nayabedde,BOPF/BOPFSp,1260,299.22,16.5
41,2025-10-21/22,UVA HIGH,Kelliebedde,BOPF/BOPFSp,1220,299.22,16.5
41,2025-10-21/22,UVA HIGH,Pitaratmalie,BOPF/BOPFSp,1220,299.22,16.5
41,2025-10-21/22,UVA HIGH,Bandaraeliya,BOPF/BOPFSp,1200,299.22,16.5
41,2025-10-21/22,UVA HIGH,Uva Highlands,BOP1,1600,299.22,16.5
41,2025-10-21/22,UVA HIGH,Gonamotawa,FBOP/FBOP1,1550,299.22,16.5
41,2025-10-21/22,UVA HIGH,Ellathota Uva,FBOP/FBOP1,1500,299.22,16.5
41,2025-10-21/22,UVA HIGH,Gonamotawa,FBOPF/FBOPF1,1420,299.22,16.5
41,2025-10-21/22,UVA HIGH,Needwood Super,OP/OPA,1200,299.22,16.5
41,2025-10-21/22,UVA HIGH,Uva Highlands,OP1,1320,299.22,16.5
41,2025-10-21/22,UVA HIGH,Craig,OP1,1320,299.22,16.5
41,2025-10-21/22,UVA HIGH,Needwood Super,PEK/PEK1,1800,299.22,16.5
41,2025-10-21/22,UVA HIGH,Craig,PEK/PEK1,1800,299.22,16.5
41,2025-10-21/22,NUWARA ELIYAS,Lovers leap,BOPF/BOPFSp,1200,299.22,40.36
41,2025-10-21/22,NUWARA ELIYAS,Kenmare,FBOP/FBOP1,1000,299.22,40.36
41,2025-10-21/22,NUWARA ELIYAS,Court Lodge,OP/OPA,1080,299.22,40.36
41,2025-10-21/22,NUWARA ELIYAS,Court Lodge,PEK/PEK1,1200,299.22,40.36
41,2025-10-21/22,UDAPUSSELLAWAS,Mooloya,BOP,1040,299.22,32.64
41,2025-10-21/22,UDAPUSSELLAWAS,Luckyland,BOPF/BOPFSp,1200,299.22,32.64
41,2025-10-21/22,UDAPUSSELLAWAS,Kirklees,BOPF/BOPFSp,1200,299.22,32.64
41,2025-10-21/22,UDAPUSSELLAWAS,Mooloya,BOPF/BOPFSp,1200,299.22,32.64
41,2025-10-21/22,UDAPUSSELLAWAS,Maha Uva,BOP1,1300,299.22,32.64
41,2025-10-21/22,UDAPUSSELLAWAS,Maha Uva,FBOP/FBOP1,1500,299.22,32.64
41,2025-10-21/22,UDAPUSSELLAWAS,Maha Uva,OP/OPA,1240,299.22,32.64
41,2025-10-21/22,UDAPUSSELLAWAS,Delmar,OP/OPA,1080,299.22,32.64
41,2025-10-21/22,UDAPUSSELLAWAS,Maha Uva,OP1,1340,299.22,32.64
41,2025-10-21/22,UDAPUSSELLAWAS,Maha Uva,PEK/PEK1,1650,299.22,32.64
41,2025-10-21/22,UDAPUSSELLAWAS,Blairlomond,PEK/PEK1,1400,299.22,32.64
41,2025-10-21/22,UNORTHODOX HIGH,Dunsinane CTC,PF1,1200,299.22,36.53
41,2025-10-21/22,UNORTHODOX MEDIUM,Strathdon CTC,PF1,1180,299.22,36.53
41,2025-10-21/22,UNORTHODOX LOW,Kalubowitiyana CTC,PF1,1460,299.22,36.53
41,2025-10-21/22,UNORTHODOX LOW,Ceciliyan CTC,BP1,1550,299.22,36.53
41,2025-10-21/22,PREMIUM FLOWERY,Greenwin Super,FBOPFSp,6000,299.22,36.53
41,2025-10-21/22,PREMIUM FLOWERY,Fortune,FBOPFExSp,5450,299.22,36.53
41,2025-10-21/22,PREMIUM FLOWERY,Galatara,FBOPFExSp1,4700,299.22,36.53
41,2025-10-21/22,PREMIUM FLOWERY,Kiruwanaganga,FBOPFExSp1,4000,299.22,36.53
41,2025-10-21/22,DUSTS,Mattakelle,DUST1,1440,299.22,36.53
41,2025-10-21/22,DUSTS,Ceciliyan CTC,PD,1400,299.22,36.53
41,2025-10-21/22,OFF GRADES,Wattegodde,FGS/FGS1,1280,299.22,36.53
41,2025-10-21/22,OFF GRADES,Hingalgoda CTC,PF,1300,299.22,36.53
41,2025-10-21/22,OFF GRADES,Adams View,BM,1100,299.22,36.53
41,2025-10-21/22,OFF GRADES,Fairlawn,BP,1240,299.22,36.53
41,2025-10-21/22,OFF GRADES,Chandrika Estate,BOPIA,1600,299.22,36.53
41,2025-10-21/22,LOW GROWNS,Aruna,BOP,2450,299.22,53.92
41,2025-10-21/22,LOW GROWNS,Andaradeniya Super,BOP,2450,299.22,53.92
41,2025-10-21/22,LOW GROWNS,Rajjuruwatta Super,BOPSp,2300,299.22,53.92
41,2025-10-21/22,LOW GROWNS,Kings Bru,BOPF,1850,299.22,53.92
41,2025-10-21/22,LOW GROWNS,Rajjuruwatta Super,BOPFSp,2450,299.22,53.92
41,2025-10-21/22,LOW GROWNS,Sithaka,FBOP,2600,299.22,53.92
41,2025-10-21/22,LOW GROWNS,New Kolonne Kithulgala,FBOP1,1850,299.22,53.92
41,2025-10-21/22,LOW GROWNS,Hedigalla,FBOPF,1900,299.22,53.92
41,2025-10-21/22,LOW GROWNS,Adams View,FBOPF1,1800,299.22,53.92
41,2025-10-21/22,LOW GROWNS,Susantha,BOP1,2950,299.22,53.92
41,2025-10-21/22,LOW GROWNS,Pothotuwa,OP1,3450,299.22,53.92
41,2025-10-21/22,LOW GROWNS,Miriswatta,OP,1700,299.22,53.92
41,2025-10-21/22,LOW GROWNS,Liyonta,OPA,1950,299.22,53.92
41,2025-10-21/22,LOW GROWNS,Lumbini,PEK,2300,299.22,53.92
41,2025-10-21/22,LOW GROWNS,Liyonta,PEK1,2400,299.22,53.92
42,2025-10-28/29,WESTERN MEDIUM,Ancoombra,BOP,1750,300.48,39.27
42,2025-10-28/29,WESTERN MEDIUM,Dartry Valley,BOP,1700,300.48,39.27
42,2025-10-28/29,WESTERN MEDIUM,Harangalla,BOP,1600,300.48,39.27
42,2025-10-28/29,WESTERN MEDIUM,Craighead,BOP,1600,300.48,39.27
42,2025-10-28/29,WESTERN MEDIUM,Ancoombra,BOPSp,1420,300.48,39.27
42,2025-10-28/29,WESTERN MEDIUM,Craighead,BOPSp,1380,300.48,39.27
42,2025-10-28/29,WESTERN MEDIUM,Rilagala,BOPSp,1300,300.48,39.27
42,2025-10-28/29,WESTERN MEDIUM,Vellai Oya,BOPF/BOPFSp,1280,300.48,39.27
42,2025-10-28/29,WESTERN MEDIUM,Rozelle,BOPF/BOPFSp,1180,300.48,39.27
42,2025-10-28/29,WESTERN MEDIUM,Ancoombra,BOPF/BOPFSp,1180,300.48,39.27
42,2025-10-28/29,WESTERN MEDIUM,Craighead,BOP1,1900,300.48,39.27
42,2025-10-28/29,WESTERN MEDIUM,Dartry Valley,BOP1,1900,300.48,39.27
42,2025-10-28/29,WESTERN MEDIUM,Craighead,FBOP/FBOP1,1750,300.48,39.27
42,2025-10-28/29,WESTERN MEDIUM,Ancoombra,FBOP/FBOP1,1750,300.48,39.27
42,2025-10-28/29,WESTERN MEDIUM,Harangalla,FBOP/FBOP1,1700,300.48,39.27
42,2025-10-28/29,WESTERN MEDIUM,Harangalla,FBOPF/FBOPF1,1600,300.48,39.27
42,2025-10-28/29,WESTERN MEDIUM,Dartry Valley,FBOPF/FBOPF1,1600,300.48,39.27
42,2025-10-28/29,WESTERN MEDIUM,Craighead,FBOPF/FBOPF1,1550,300.48,39.27
42,2025-10-28/29,WESTERN MEDIUM,Doombagastalawa,FBOPF/FBOPF1,1550,300.48,39.27
42,2025-10-28/29,WESTERN MEDIUM,Ancoombra,FBOPF/FBOPF1,1550,300.48,39.27
42,2025-10-28/29,WESTERN MEDIUM,Imboolpittia,FBOPF/FBOPF1,1460,300.48,39.27
42,2025-10-28/29,WESTERN MEDIUM,Dartry Valley,OP/OPA,1340,300.48,39.27
42,2025-10-28/29,WESTERN MEDIUM,Harangalla,OP1,1480,300.48,39.27
42,2025-10-28/29,WESTERN MEDIUM,Dartry Valley,OP1,1440,300.48,39.27
42,2025-10-28/29,WESTERN MEDIUM,Craighead,PEK/PEK1,2000,300.48,39.27
42,2025-10-28/29,WESTERN MEDIUM,Greenwood,PEK/PEK1,2000,300.48,39.27
42,2025-10-28/29,WESTERN MEDIUM,New Rothschild,PEK/PEK1,2000,300.48,39.27
42,2025-10-28/29,UVA MEDIUM,Pettiagalla,BOP,1340,300.48,29.74
42,2025-10-28/29,UVA MEDIUM,Hindagala,BOPSp,1420,300.48,29.74
42,2025-10-28/29,UVA MEDIUM,Roseland Uva,BOPF/BOPFSp,1320,300.48,29.74
42,2025-10-28/29,UVA MEDIUM,Dickwella,BOP1,1650,300.48,29.74
42,2025-10-28/29,UVA MEDIUM,Demodera 'S',FBOP/FBOP1,1550,300.48,29.74
42,2025-10-28/29,UVA MEDIUM,Telbedde,FBOP/FBOP1,1480,300.48,29.74
42,2025-10-28/29,UVA MEDIUM,Roseland Uva,FBOP/FBOP1,1480,300.48,29.74
42,2025-10-28/29,UVA MEDIUM,Sarnia Plaiderie,FBOPF/FBOPF1,1750,300.48,29.74
42,2025-10-28/29,UVA MEDIUM,Demodera 'S',FBOPF/FBOPF1,1460,300.48,29.74
42,2025-10-28/29,UVA MEDIUM,Shawlands,FBOPF/FBOPF1,1400,300.48,29.74
42,2025-10-28/29,UVA MEDIUM,Sarnia Plaiderie,OP/OPA,1280,300.48,29.74
42,2025-10-28/29,UVA MEDIUM,Demodera 'S',OP1,1400,300.48,29.74
42,2025-10-28/29,UVA MEDIUM,High Spring,OP1,1400,300.48,29.74
42,2025-10-28/29,UVA MEDIUM,Hindagala,OP1,1400,300.48,29.74
42,2025-10-28/29,UVA MEDIUM,Aruna Passara,PEK/PEK1,1900,300.48,29.74
42,2025-10-28/29,WESTERN HIGH,Inverness,BOP,1480,300.48,34.34
42,2025-10-28/29,WESTERN HIGH,Ingestre,BOP,1420,300.48,34.34
42,2025-10-28/29,WESTERN HIGH,Bearwell,BOPSp,1550,300.48,34.34
42,2025-10-28/29,WESTERN HIGH,Holyrood,BOPSp,1500,300.48,34.34
42,2025-10-28/29,WESTERN HIGH,Queensberry,BOPSp,1400,300.48,34.34
42,2025-10-28/29,WESTERN HIGH,Dessford,BOPF/BOPFSp,1480,300.48,34.34
42,2025-10-28/29,WESTERN HIGH,Cymru,BOP1,1440,300.48,34.34
42,2025-10-28/29,WESTERN HIGH,New Meddecombra,FBOP/FBOP1,1650,300.48,34.34
42,2025-10-28/29,WESTERN HIGH,Inverness,FBOPF/FBOPF1,1460,300.48,34.34
42,2025-10-28/29,WESTERN HIGH,Cymru,FBOPF/FBOPF1,1460,300.48,34.34
42,2025-10-28/29,WESTERN HIGH,Cymru,OP/OPA,1280,300.48,34.34
42,2025-10-28/29,WESTERN HIGH,Venture,OP/OPA,1280,300.48,34.34
42,2025-10-28/29,WESTERN HIGH,Torrington,OP/OPA,1220,300.48,34.34
42,2025-10-28/29,WESTERN HIGH,Glenloch,OP/OPA,1200,300.48,34.34
42,2025-10-28/29,WESTERN HIGH,Venture,OP1,1360,300.48,34.34
42,2025-10-28/29,WESTERN HIGH,Fairlawn,OP1,1360,300.48,34.34
42,2025-10-28/29,WESTERN HIGH,Glenloch,OP1,1340,300.48,34.34
42,2025-10-28/29,WESTERN HIGH,New Meddecombra,PEK/PEK1,1950,300.48,34.34
42,2025-10-28/29,UVA HIGH,Nayabedde,BOP,1280,300.48,16.5
42,2025-10-28/29,UVA HIGH,Kelliebedde,BOP,1200,300.48,16.5
42,2025-10-28/29,UVA HIGH,Uva Highlands,BOPSp,1550,300.48,16.5
42,2025-10-28/29,UVA HIGH,Nayabedde,BOPF/BOPFSp,1240,300.48,16.5
42,2025-10-28/29,UVA HIGH,Bandaraeliya,BOPF/BOPFSp,1240,300.48,16.5
42,2025-10-28/29,UVA HIGH,Uva Highlands,BOP1,1700,300.48,16.5
42,2025-10-28/29,UVA HIGH,Aislaby,FBOPF/FBOPF1,1500,300.48,16.5
42,2025-10-28/29,UVA HIGH,Ellathota Uva,FBOPF/FBOPF1,1340,300.48,16.5
42,2025-10-28/29,UVA HIGH,Ellathota Uva,OP/OPA,1240,300.48,16.5
42,2025-10-28/29,UVA HIGH,Aislaby,OP/OPA,1200,300.48,16.5
42,2025-10-28/29,UVA HIGH,Ellathota Uva,OP1,1380,300.48,16.5
42,2025-10-28/29,UVA HIGH,Uva Highlands,OP1,1340,300.48,16.5
42,2025-10-28/29,UVA HIGH,Aislaby,PEK/PEK1,1850,300.48,16.5
42,2025-10-28/29,NUWARA ELIYAS,Lovers Leap,BOPSp,880,300.48,40.36
42,2025-10-28/29,NUWARA ELIYAS,Mahagastotte,BOPF/BOPFSp,1220,300.48,40.36
42,2025-10-28/29,NUWARA ELIYAS,Lovers Leap,BOPF/BOPFSp,1200,300.48,40.36
42,2025-10-28/29,NUWARA ELIYAS,Lovers Leap,FBOP/FBOP1,1140,300.48,40.36
42,2025-10-28/29,NUWARA ELIYAS,Court Lodge,OP/OPA,1020,300.48,40.36
42,2025-10-28/29,NUWARA ELIYAS,Kenmare,OP/OPA,940,300.48,40.36
42,2025-10-28/29,NUWARA ELIYAS,Court Lodge,PEK/PEK1,1180,300.48,40.36
42,2025-10-28/29,UDAPUSSELLAWAS,Mooloya,BOP,1100,300.48,32.64
42,2025-10-28/29,UDAPUSSELLAWAS,High Forest,BOP,1080,300.48,32.64
42,2025-10-28/29,UDAPUSSELLAWAS,Ragalla,BOP,1080,300.48,32.64
42,2025-10-28/29,UDAPUSSELLAWAS,Brookside,BOP,1020,300.48,32.64
42,2025-10-28/29,UDAPUSSELLAWAS,Mooloya,BOPSp,1060,300.48,32.64
42,2025-10-28/29,UDAPUSSELLAWAS,Mooloya,BOPF/BOPFSp,1220,300.48,32.64
42,2025-10-28/29,UDAPUSSELLAWAS,Gonapitiya,FBOP/FBOP1,1040,300.48,32.64
42,2025-10-28/29,UDAPUSSELLAWAS,Delmar,FBOPF/FBOPF1,1320,300.48,32.64
42,2025-10-28/29,UDAPUSSELLAWAS,Maha Uva,OP/OPA,1220,300.48,32.64
42,2025-10-28/29,UDAPUSSELLAWAS,Maha Uva,OP1,1320,300.48,32.64
42,2025-10-28/29,UDAPUSSELLAWAS,Maha Uva,PEK/PEK1,1650,300.48,32.64
42,2025-10-28/29,UNORTHODOX HIGH,Dunsinane CTC,PF1,1160,300.48,36.53
42,2025-10-28/29,UNORTHODOX HIGH,Mount Vernon CTC,PF1,1160,300.48,36.53
42,2025-10-28/29,UNORTHODOX MEDIUM,New Peacock CTC,PF1,1200,300.48,36.53
42,2025-10-28/29,UNORTHODOX MEDIUM,Aultmore CTC,BP1,890,300.48,36.53
42,2025-10-28/29,UNORTHODOX MEDIUM,Park Side CTC,BPS,580,300.48,36.53
42,2025-10-28/29,UNORTHODOX LOW,Hingalgoda CTC,PF1,1500,300.48,36.53
42,2025-10-28/29,UNORTHODOX LOW,Ceciliyan CTC,BP1,1440,300.48,36.53
42,2025-10-28/29,PREMIUM FLOWERY,Aruna,FBOPFSp,6250,300.48,36.53
42,2025-10-28/29,PREMIUM FLOWERY,New Batuwangala,FBOPFExSp,6050,300.48,36.53
42,2025-10-28/29,PREMIUM FLOWERY,Ceciliyan,FBOPFExSp,5950,300.48,36.53
42,2025-10-28/29,PREMIUM FLOWERY,New Spring View,FBOPFExSp1,4900,300.48,36.53
42,2025-10-28/29,DUSTS,Great Western,DUST1,1550,300.48,36.53
42,2025-10-28/29,DUSTS,Ceciliyan CTC,PD,1480,300.48,36.53
42,2025-10-28/29,OFF GRADES,Wanarajah,FGS/FGS1,1240,300.48,36.53
42,2025-10-28/29,OFF GRADES,Chandrika CTC,PF,1080,300.48,36.53
42,2025-10-28/29,OFF GRADES,Bogoda,BM,1220,300.48,36.53
42,2025-10-28/29,OFF GRADES,Kothmale Hills,BP,1320,300.48,36.53
42,2025-10-28/29,OFF GRADES,Chandrika Estate,BOPIA,1600,300.48,36.53
42,2025-10-28/29,LOW GROWNS,New Laksakanda,BOP,2400,300.48,53.92
42,2025-10-28/29,LOW GROWNS,Elaine Super,BOPSp,2500,300.48,53.92
42,2025-10-28/29,LOW GROWNS,Kings Bru,BOPF,1800,300.48,53.92
42,2025-10-28/29,LOW GROWNS,Rajjuruwatta Super,BOPFSp,2300,300.48,53.92
42,2025-10-28/29,LOW GROWNS,Adams View,FBOP,2650,300.48,53.92
42,2025-10-28/29,LOW GROWNS,New Vithanakande,FBOP1,2000,300.48,53.92
42,2025-10-28/29,LOW GROWNS,Ganganee,FBOPF,2000,300.48,53.92
42,2025-10-28/29,LOW GROWNS,South CO-OP,FBOPF1,1900,300.48,53.92
42,2025-10-28/29,LOW GROWNS,Pothotuwa,BOP1,3000,300.48,53.92
42,2025-10-28/29,LOW GROWNS,Susantha,OP1,3400,300.48,53.92
42,2025-10-28/29,LOW GROWNS,Sunrise,OP,1550,300.48,53.92
42,2025-10-28/29,LOW GROWNS,Lucky Dais,OPA,1850,300.48,53.92
42,2025-10-28/29,LOW GROWNS,New Batuwangala,PEK1,2500,300.48,53.92
43,2025-11-03/04,WESTERN MEDIUM,Ancoombra,BOP,1900,300.7,39.27
43,2025-11-03/04,WESTERN MEDIUM,Dartry Valley,BOP,1750,300.7,39.27
43,2025-11-03/04,WESTERN MEDIUM,Harangalla,BOP,1650,300.7,39.27
43,2025-11-03/04,WESTERN MEDIUM,Ancoombra,BOPSp,1550,300.7,39.27
43,2025-11-03/04,WESTERN MEDIUM,Craighead,BOPSp,1460,300.7,39.27
43,2025-11-03/04,WESTERN MEDIUM,Imboolpittia,BOPSp,1020,300.7,39.27
43,2025-11-03/04,WESTERN MEDIUM,Vellai Oya,BOPF/BOPFSp,1260,300.7,39.27
43,2025-11-03/04,WESTERN MEDIUM,Hatale,BOP1,1800,300.7,39.27
43,2025-11-03/04,WESTERN MEDIUM,Dartry Valley,BOP1,1750,300.7,39.27
43,2025-11-03/04,WESTERN MEDIUM,Craighead,FBOP/FBOP1,1700,300.7,39.27
43,2025-11-03/04,WESTERN MEDIUM,Doombagastalawa,FBOP/FBOP1,1650,300.7,39.27
43,2025-11-03/04,WESTERN MEDIUM,Dartry Valley,FBOPF/FBOPF1,1600,300.7,39.27
43,2025-11-03/04,WESTERN MEDIUM,Ancoombra,FBOPF/FBOPF1,1600,300.7,39.27
43,2025-11-03/04,WESTERN MEDIUM,Craighead,FBOPF/FBOPF1,1550,300.7,39.27
43,2025-11-03/04,WESTERN MEDIUM,Doombagastalawa,FBOPF/FBOPF1,1550,300.7,39.27
43,2025-11-03/04,WESTERN MEDIUM,Imboolpittia,FBOPF/FBOPF1,1550,300.7,39.27
43,2025-11-03/04,WESTERN MEDIUM,Harangalla,OP/OPA,1380,300.7,39.27
43,2025-11-03/04,WESTERN MEDIUM,Craighead,OP1,1600,300.7,39.27
43,2025-11-03/04,WESTERN MEDIUM,Galgewatta,OP1,1500,300.7,39.27
43,2025-11-03/04,WESTERN MEDIUM,Dartry Valley,PEK/PEK1,2000,300.7,39.27
43,2025-11-03/04,WESTERN MEDIUM,Craighead,PEK/PEK1,1950,300.7,39.27
43,2025-11-03/04,WESTERN MEDIUM,Hatale,PEK/PEK1,1950,300.7,39.27
43,2025-11-03/04,UVA MEDIUM,Pettiagalla,BOP,1440,300.7,29.74
43,2025-11-03/04,UVA MEDIUM,Misty-Uva,BOP,1200,300.7,29.74
43,2025-11-03/04,UVA MEDIUM,El Teb,BOP,1080,300.7,29.74
43,2025-11-03/04,UVA MEDIUM,Demodera 'S',BOPSp,1500,300.7,29.74
43,2025-11-03/04,UVA MEDIUM,Dickwella,BOPSp,1440,300.7,29.74
43,2025-11-03/04,UVA MEDIUM,Dickwella,BOPF/BOPFSp,1700,300.7,29.74
43,2025-11-03/04,UVA MEDIUM,El Teb,BOPF/BOPFSp,1200,300.7,29.74
43,2025-11-03/04,UVA MEDIUM,Dickwella,BOP1,1550,300.7,29.74
43,2025-11-03/04,UVA MEDIUM,Aruna Passara,BOP1,1550,300.7,29.74
43,2025-11-03/04,UVA MEDIUM,Demodera 'S',FBOP/FBOP1,1800,300.7,29.74
43,2025-11-03/04,UVA MEDIUM,Demodera 'S',FBOPF/FBOPF1,1500,300.7,29.74
43,2025-11-03/04,UVA MEDIUM,Sarnia Plaiderie,OP/OPA,1280,300.7,29.74
43,2025-11-03/04,UVA MEDIUM,Misty-Uva,OP/OPA,1240,300.7,29.74
43,2025-11-03/04,UVA MEDIUM,Dickwella,OP1,1460,300.7,29.74
43,2025-11-03/04,UVA MEDIUM,Pettiagalla,PEK/PEK1,1850,300.7,29.74
43,2025-11-03/04,UVA MEDIUM,Wanarajah,BOP,1400,300.7,29.74
43,2025-11-03/04,WESTERN HIGH,Inverness,BOP,1380,300.7,34.34
43,2025-11-03/04,WESTERN HIGH,Holyrood,BOP,1360,300.7,34.34
43,2025-11-03/04,WESTERN HIGH,Bearwell,BOP,1340,300.7,34.34
43,2025-11-03/04,WESTERN HIGH,Bearwell,BOPSp,1480,300.7,34.34
43,2025-11-03/04,WESTERN HIGH,Gouravilla,BOPF/BOPFSp,1420,300.7,34.34
43,2025-11-03/04,WESTERN HIGH,Torrington,FBOP/FBOP1,1500,300.7,34.34
43,2025-11-03/04,WESTERN HIGH,Cymru,FBOPF/FBOPF1,1460,300.7,34.34
43,2025-11-03/04,WESTERN HIGH,Inverness,OP1,1480,300.7,34.34
43,2025-11-03/04,WESTERN HIGH,Fairlawn,PEK/PEK1,1850,300.7,34.34
43,2025-11-03/04,UVA HIGH,Nayabedde,BOP,1240,300.7,16.5
43,2025-11-03/04,UVA HIGH,Kelliebedde,BOP,1200,300.7,16.5
43,2025-11-03/04,UVA HIGH,Craig,BOPSp,1340,300.7,16.5
43,2025-11-03/04,UVA HIGH,Nayabedde,BOPF/BOPFSp,1200,300.7,16.5
43,2025-11-03/04,UVA HIGH,Uva Highlands,BOP1,1550,300.7,16.5
43,2025-11-03/04,UVA HIGH,Gonamotawa,FBOPF/FBOPF1,1440,300.7,16.5
43,2025-11-03/04,UVA HIGH,Ellathota Uva,OP/OPA,1240,300.7,16.5
43,2025-11-03/04,UVA HIGH,Ellathota Uva,OP1,1440,300.7,16.5
43,2025-11-03/04,UVA HIGH,Maha Uva,PEK/PEK1,1500,300.7,16.5
43,2025-11-03/04,NUWARA ELIYAS,Mahagastotte,BOP,1240,300.7,40.36
43,2025-11-03/04,NUWARA ELIYAS,Mahagastotte,BOPF/BOPFSp,1220,300.7,40.36
43,2025-11-03/04,NUWARA ELIYAS,Kenmare,FBOP/FBOP1,1160,300.7,40.36
43,2025-11-03/04,NUWARA ELIYAS,Kenmare,OP/OPA,1020,300.7,40.36
43,2025-11-03/04,UDAPUSSELLAWAS,Kirklees,BOP,1100,300.7,32.64
43,2025-11-03/04,UDAPUSSELLAWAS,Mooloya,BOPSp,1060,300.7,32.64
43,2025-11-03/04,UDAPUSSELLAWAS,Mooloya,BOPF/BOPFSp,1200,300.7,32.64
43,2025-11-03/04,UDAPUSSELLAWAS,Maha Uva,FBOP/FBOP1,960,300.7,32.64
43,2025-11-03/04,UDAPUSSELLAWAS,Maha Uva,FBOPF/FBOPF1,1460,300.7,32.64
43,2025-11-03/04,UDAPUSSELLAWAS,Blairlomond,OP/OPA,1240,300.7,32.64
43,2025-11-03/04,UDAPUSSELLAWAS,Maha Uva,OP1,1320,300.7,32.64
43,2025-11-03/04,UDAPUSSELLAWAS,Maha Uva,PEK/PEK1,1500,300.7,32.64
43,2025-11-03/04,UNORTHODOX HIGH,Dunsinane CTC,PF1,1160,300.7,36.53
43,2025-11-03/04,UNORTHODOX MEDIUM,Strathdon CTC,PF1,1180,300.7,36.53
43,2025-11-03/04,UNORTHODOX LOW,Hingalgoda CTC,PF1,1460,300.7,36.53
43,2025-11-03/04,UNORTHODOX LOW,Ceciliyan CTC,BP1,1420,300.7,36.53
43,2025-11-03/04,PREMIUM FLOWERY,Parakaduwa Super,FBOPFSp,6150,300.7,36.53
43,2025-11-03/04,PREMIUM FLOWERY,Ceciliyan,FBOPFExSp,5750,300.7,36.53
43,2025-11-03/04,PREMIUM FLOWERY,New Vithanakande,FBOPFExSp1,4050,300.7,36.53
43,2025-11-03/04,PREMIUM FLOWERY,Kamarangapitiya,FBOPFExSp1,4000,300.7,36.53
43,2025-11-03/04,PREMIUM FLOWERY,Kendalanda,FBOPFExSp1,4000,300.7,36.53
43,2025-11-03/04,DUSTS,Mattakelle,DUST1,1480,300.7,36.53
43,2025-11-03/04,DUSTS,Ceciliyan CTC,PD,1380,300.7,36.53
43,2025-11-03/04,DUSTS,Dellawa CTC,PD,1380,300.7,36.53
43,2025-11-03/04,OFF GRADES,Campion,FGS/FGS1,1260,300.7,36.53
43,2025-11-03/04,OFF GRADES,Hingalgoda CTC,PF,1380,300.7,36.53
43,2025-11-03/04,OFF GRADES,Suviska,BP,1300,300.7,36.53
43,2025-11-03/04,OFF GRADES,Aldora,BOPIA,1420,300.7,36.53
43,2025-11-03/04,LOW GROWNS,Nawagamuwehena,BOP,2450,300.7,53.92
43,2025-11-03/04,LOW GROWNS,New Spring View,BOPSp,2450,300.7,53.92
43,2025-11-03/04,LOW GROWNS,Stream Line,BOPSp,2450,300.7,53.92
43,2025-11-03/04,LOW GROWNS,Rathmalgoda Super,BOPF,1800,300.7,53.92
43,2025-11-03/04,LOW GROWNS,Rajjuruwatta Super,BOPFSp,2400,300.7,53.92
43,2025-11-03/04,LOW GROWNS,Sithaka,FBOP,2600,300.7,53.92
43,2025-11-03/04,LOW GROWNS,Wattahena,FBOP1,2000,300.7,53.92
43,2025-11-03/04,LOW GROWNS,New Laksakanda,FBOPF,2200,300.7,53.92
43,2025-11-03/04,LOW GROWNS,South CO-OP,FBOPF1,1900,300.7,53.92
43,2025-11-03/04,LOW GROWNS,Pothotuwa,BOP1,3000,300.7,53.92
43,2025-11-03/04,LOW GROWNS,Pothotuwa,OP1,3400,300.7,53.92
43,2025-11-03/04,LOW GROWNS,Kolonna Super,OP1,3100,300.7,53.92
43,2025-11-03/04,LOW GROWNS,Miriswatta,OP,1600,300.7,53.92
43,2025-11-03/04,LOW GROWNS,Liyonta,OPA,1900,300.7,53.92
43,2025-11-03/04,LOW GROWNS,Lumbini,PEK,2350,300.7,53.92
43,2025-11-03/04,LOW GROWNS,Pothotuwa,PEK1,2450,300.7,53.92
44,2025-11-11/12,WESTERN MEDIUM,Galgewatta,BOP,1950,300.5,39.27
44,2025-11-11/12,WESTERN MEDIUM,Dartry Valley,BOP,1850,300.5,39.27
44,2025-11-11/12,WESTERN MEDIUM,Harangalla,BOP,1700,300.5,39.27
44,2025-11-11/12,WESTERN MEDIUM,Ancoombra,BOPSp,1500,300.5,39.27
44,2025-11-11/12,WESTERN MEDIUM,Vellai Oya,BOPF/BOPFSp,1280,300.5,39.27
44,2025-11-11/12,WESTERN MEDIUM,Dartry Valley,BOP1,2150,300.5,39.27
44,2025-11-11/12,WESTERN MEDIUM,Harangalla,BOP1,1950,300.5,39.27
44,2025-11-11/12,WESTERN MEDIUM,Dartry Valley,FBOP/FBOP1,2200,300.5,39.27
44,2025-11-11/12,WESTERN MEDIUM,Craighead,FBOP/FBOP1,1900,300.5,39.27
44,2025-11-11/12,WESTERN MEDIUM,Harangalla,FBOP/FBOP1,1750,300.5,39.27
44,2025-11-11/12,WESTERN MEDIUM,Craighead,FBOPF/FBOPF1,1650,300.5,39.27
44,2025-11-11/12,WESTERN MEDIUM,Dartry Valley,FBOPF/FBOPF1,1600,300.5,39.27
44,2025-11-11/12,WESTERN MEDIUM,Harangalla,FBOPF/FBOPF1,1550,300.5,39.27
44,2025-11-11/12,WESTERN MEDIUM,Dartry Valley,OP1,1500,300.5,39.27
44,2025-11-11/12,WESTERN MEDIUM,Harangalla,OP1,1420,300.5,39.27
44,2025-11-11/12,WESTERN MEDIUM,New Rothschild,OP1,1420,300.5,39.27
44,2025-11-11/12,WESTERN MEDIUM,Hansagiri Kothmale,OP1,1420,300.5,39.27
44,2025-11-11/12,WESTERN MEDIUM,Craighead,PEK/PEK1,1950,300.5,39.27
44,2025-11-11/12,WESTERN MEDIUM,Dartry Valley,PEK/PEK1,1950,300.5,39.27
44,2025-11-11/12,WESTERN MEDIUM,Pupuressa,PEK/PEK1,1950,300.5,39.27
44,2025-11-11/12,WESTERN MEDIUM,Meezan,PEK/PEK1,1950,300.5,39.27
44,2025-11-11/12,WESTERN MEDIUM,Harangalla,PEK/PEK1,1950,300.5,39.27
44,2025-11-11/12,WESTERN MEDIUM,Galgewatta,PEK/PEK1,1950,300.5,39.27
44,2025-11-11/12,WESTERN MEDIUM,Rilagala,PEK/PEK1,1900,300.5,39.27
44,2025-11-11/12,WESTERN MEDIUM,Elkaduwa,PEK/PEK1,1900,300.5,39.27
44,2025-11-11/12,WESTERN MEDIUM,New Rothschild,PEK/PEK1,1900,300.5,39.27
44,2025-11-11/12,UVA MEDIUM,Pettiagalla,BOP,1420,300.5,29.74
44,2025-11-11/12,UVA MEDIUM,Maratenne,BOP,1420,300.5,29.74
44,2025-11-11/12,UVA MEDIUM,Halpewatta Uva,BOPSp,1700,300.5,29.74
44,2025-11-11/12,UVA MEDIUM,Dickwella,BOPF/BOPFSp,1500,300.5,29.74
44,2025-11-11/12,UVA MEDIUM,El Teb,BOPF/BOPFSp,1280,300.5,29.74
44,2025-11-11/12,UVA MEDIUM,Dickwella,BOP1,1850,300.5,29.74
44,2025-11-11/12,UVA MEDIUM,Misty Uva,FBOP/FBOP1,1550,300.5,29.74
44,2025-11-11/12,UVA MEDIUM,Sarnia Plaiderie,FBOP/FBOP1,1500,300.5,29.74
44,2025-11-11/12,UVA MEDIUM,Aruna Passara,FBOP/FBOP1,1500,300.5,29.74
44,2025-11-11/12,UVA MEDIUM,Telbedde,FBOP/FBOP1,1460,300.5,29.74
44,2025-11-11/12,UVA MEDIUM,Sarnia Plaiderie,FBOPF/FBOPF1,1480,300.5,29.74
44,2025-11-11/12,UVA MEDIUM,Misty Uva,FBOPF/FBOPF1,1440,300.5,29.74
44,2025-11-11/12,UVA MEDIUM,Aruna Passara,FBOPF/FBOPF1,1440,300.5,29.74
44,2025-11-11/12,UVA MEDIUM,Sarnia Plaiderie,OP/OPA,1280,300.5,29.74
44,2025-11-11/12,UVA MEDIUM,Hindagala,OP/OPA,1280,300.5,29.74
44,2025-11-11/12,UVA MEDIUM,Misty Uva,OP/OPA,1260,300.5,29.74
44,2025-11-11/12,UVA MEDIUM,Pettiagalla,OP/OPA,1260,300.5,29.74
44,2025-11-11/12,UVA MEDIUM,High Spring,OP/OPA,1260,300.5,29.74
44,2025-11-11/12,UVA MEDIUM,Dickwella,OP1,1800,300.5,29.74
44,2025-11-11/12,UVA MEDIUM,Telbedde,OP1,1480,300.5,29.74
44,2025-11-11/12,UVA MEDIUM,Misty Uva,OP1,1420,300.5,29.74
44,2025-11-11/12,UVA MEDIUM,Sarnia Plaiderie,PEK/PEK1,1900,300.5,29.74
44,2025-11-11/12,UVA MEDIUM,Dickwella,PEK/PEK1,1900,300.5,29.74
44,2025-11-11/12,WESTERN HIGH,Gouravilla,BOP,1480,300.5,34.34
44,2025-11-11/12,WESTERN HIGH,Ingestre,BOP,1460,300.5,34.34
44,2025-11-11/12,WESTERN HIGH,Annfield,BOPSp,1650,300.5,34.34
44,2025-11-11/12,WESTERN HIGH,Bearwell,BOPSp,1650,300.5,34.34
44,2025-11-11/12,WESTERN HIGH,Gouravilla,BOPSp,1500,300.5,34.34
44,2025-11-11/12,WESTERN HIGH,Somerset,BOPSp,1500,300.5,34.34
44,2025-11-11/12,WESTERN HIGH,Kotiyagalla,BOPSp,1500,300.5,34.34
44,2025-11-11/12,WESTERN HIGH,Ingestre,BOPF/BOPFSp,1600,300.5,34.34
44,2025-11-11/12,WESTERN HIGH,Glenloch,BOP1,1440,300.5,34.34
44,2025-11-11/12,WESTERN HIGH,Inverness,FBOP/FBOP1,1500,300.5,34.34
44,2025-11-11/12,WESTERN HIGH,Queensberry,FBOP/FBOP1,1440,300.5,34.34
44,2025-11-11/12,WESTERN HIGH,Bambrakelly,FBOP/FBOP1,1440,300.5,34.34
44,2025-11-11/12,WESTERN HIGH,Glenloch,FBOPF/FBOPF1,1480,300.5,34.34
44,2025-11-11/12,WESTERN HIGH,Inverness,FBOPF/FBOPF1,1480,300.5,34.34
44,2025-11-11/12,WESTERN HIGH,Venture,OP/OPA,1280,300.5,34.34
44,2025-11-11/12,WESTERN HIGH,New Meddecombra,OP/OPA,1280,300.5,34.34
44,2025-11-11/12,WESTERN HIGH,Glenloch,OP1,1400,300.5,34.34
44,2025-11-11/12,WESTERN HIGH,Frotoft Super,PEK/PEK1,1700,300.5,34.34
44,2025-11-11/12,WESTERN HIGH,Kenmare,PEK/PEK1,1400,300.5,34.34
44,2025-11-11/12,UVA HIGH,Nayabedde,BOP,1260,300.5,16.5
44,2025-11-11/12,UVA HIGH,Bandaraeliya,BOP,1260,300.5,16.5
44,2025-11-11/12,UVA HIGH,Battawatte,BOPSp,890,300.5,16.5
44,2025-11-11/12,UVA HIGH,Lovers Leap,BOPF/BOPFSp,1220,300.5,16.5
44,2025-11-11/12,UVA HIGH,Uva Highlands,BOP1,1650,300.5,16.5
44,2025-11-11/12,UVA HIGH,Uva Highlands,FBOP/FBOP1,1500,300.5,16.5
44,2025-11-11/12,UVA HIGH,Gonamotawa,FBOP/FBOP1,1440,300.5,16.5
44,2025-11-11/12,UVA HIGH,Uva Highlands,FBOPF/FBOPF1,1500,300.5,16.5
44,2025-11-11/12,UVA HIGH,Ellathota Uva,OP1,1440,300.5,16.5
44,2025-11-11/12,UVA HIGH,Needwood Super,PEK/PEK1,1950,300.5,16.5
44,2025-11-11/12,UVA HIGH,Ranaya,PEK/PEK2,1900,300.5,36.53
44,2025-11-11/12,NUWARA ELIYAS,Kenmare,BOPSp,1280,300.5,40.36
44,2025-11-11/12,NUWARA ELIYAS,Lovers Leap,BOPF/BOPFSp,1220,300.5,40.36
44,2025-11-11/12,NUWARA ELIYAS,Mahagastotte,BOPF/BOPFSp,1200,300.5,40.36
44,2025-11-11/12,NUWARA ELIYAS,Kenmare,OP/OPA,1000,300.5,40.36
44,2025-11-11/12,NUWARA ELIYAS,Court Lodge,OP/OPA,980,300.5,40.36
44,2025-11-11/12,NUWARA ELIYAS,Kenmare,PEK/PEK1,1400,300.5,40.36
44,2025-11-11/12,UDAPUSSELLAWAS,High Forest,BOP,1200,300.5,32.64
44,2025-11-11/12,UDAPUSSELLAWAS,Kirklees,BOP,1200,300.5,32.64
44,2025-11-11/12,UDAPUSSELLAWAS,Liddesdale,BOP,1200,300.5,32.64
44,2025-11-11/12,UDAPUSSELLAWAS,Mooloya,BOPSp,1200,300.5,32.64
44,2025-11-11/12,UDAPUSSELLAWAS,Luckyland,BOPF/BOPFSp,1260,300.5,32.64
44,2025-11-11/12,UDAPUSSELLAWAS,Maha Uva,FBOP/FBOP1,1480,300.5,32.64
44,2025-11-11/12,UDAPUSSELLAWAS,Delmar,FBOPF/FBOPF1,1380,300.5,32.64
44,2025-11-11/12,UDAPUSSELLAWAS,Maha Uva,OP/OPA,1180,300.5,32.64
44,2025-11-11/12,UDAPUSSELLAWAS,Delmar,PEK/PEK1,1700,300.5,32.64
44,2025-11-11/12,UNORTHODOX HIGH,Dunsinane CTC,PF1,1160,300.5,36.53
44,2025-11-11/12,UNORTHODOX MEDIUM,Strathdon CTC,PF1,1180,300.5,36.53
44,2025-11-11/12,UNORTHODOX LOW,Hingalgoda CTC,PF1,1480,300.5,36.53
44,2025-11-11/12,UNORTHODOX LOW,Ceciliyan CTC,BP1,1380,300.5,36.53
44,2025-11-11/12,PREMIUM FLOWERY,New Batuwangala,FBOPFSp,6350,300.5,36.53
44,2025-11-11/12,PREMIUM FLOWERY,Samvin,FBOPFSp,6000,300.5,36.53
44,2025-11-11/12,PREMIUM FLOWERY,Adams View,FBOPFSp,5400,300.5,36.53
44,2025-11-11/12,PREMIUM FLOWERY,New Batuwangala,FBOPFExSp,6350,300.5,36.53
44,2025-11-11/12,PREMIUM FLOWERY,Dullie Ella,FBOPFExSp,5600,300.5,36.53
44,2025-11-11/12,PREMIUM FLOWERY,New Deniyaya,FBOPFExSp1,4800,300.5,36.53
44,2025-11-11/12,PREMIUM FLOWERY,Fortune,FBOPFExSp1,4600,300.5,36.53
44,2025-11-11/12,PREMIUM FLOWERY,Muswenna,FBOPFExSp1,4350,300.5,36.53
44,2025-11-11/12,DUSTS,Mattakelle,DUST1,1550,300.5,36.53
44,2025-11-11/12,DUSTS,Ceciliyan CTC,PD,1480,300.5,36.53
44,2025-11-11/12,OFF GRADES,Wanarajah,FGS/FGS1,1260,300.5,36.53
44,2025-11-11/12,OFF GRADES,Hingalgoda CTC,PF,1200,300.5,36.53
44,2025-11-11/12,OFF GRADES,Lakshmi,BM,1180,300.5,36.53
44,2025-11-11/12,OFF GRADES,Chandrika Estate,BP,1240,300.5,36.53
44,2025-11-11/12,OFF GRADES,Aldora,BOPIA,1600,300.5,36.53
44,2025-11-11/12,LOW GROWNS,Rumassala Hills,BOP,2500,300.5,53.92
44,2025-11-11/12,LOW GROWNS,Mahaliyadda,BOP,2500,300.5,53.92
44,2025-11-11/12,LOW GROWNS,New Nivithigala,BOP,2500,300.5,53.92
44,2025-11-11/12,LOW GROWNS,Elaine Super,BOPSp,2700,300.5,53.92
44,2025-11-11/12,LOW GROWNS,Uruwala,BOPF,1650,300.5,53.92
44,2025-11-11/12,LOW GROWNS,Ayagama,BOPFSp,2500,300.5,53.92
44,2025-11-11/12,LOW GROWNS,Gunawardana,FBOP,2550,300.5,53.92
44,2025-11-11/12,LOW GROWNS,Kiruwanaganga,FBOP1,1800,300.5,53.92
44,2025-11-11/12,LOW GROWNS,Katanwila,FBOPF,2050,300.5,53.92
44,2025-11-11/12,LOW GROWNS,Rajjuruwatta Super,FBOPF1,2050,300.5,53.92
44,2025-11-11/12,LOW GROWNS,Pothotuwa,BOP1,3000,300.5,53.92
44,2025-11-11/12,LOW GROWNS,Pothotuwa,OP1,3400,300.5,53.92
44,2025-11-11/12,LOW GROWNS,Miriswatta,OP,1800,300.5,53.92
44,2025-11-11/12,LOW GROWNS,Lions,OPA,1900,300.5,53.92
44,2025-11-11/12,LOW GROWNS,Lumbini,PEK,2250,300.5,53.92
44,2025-11-11/12,LOW GROWNS,Lions,PEK1,2400,300.5,53.92